model,index,no_rag,dense,bm25,roundrobin,rrf,rerank,cite_only,cite_rrf,rrf50,cite_rrf50,cite_ls_rrf50,oracle,ls_text
DeepSeek-V4-Flash,0,16.9811320754717,30.18867924528302,30.18867924528302,28.30188679245283,28.30188679245283,0.0,26.41509433962264,22.641509433962263,28.30188679245283,26.41509433962264,32.075471698113205,47.16981132075472,
DeepSeek-V4-Flash,1,22.22222222222222,33.33333333333333,30.55555555555556,25.0,27.77777777777778,33.33333333333333,33.33333333333333,30.55555555555556,27.77777777777778,38.88888888888889,30.55555555555556,41.66666666666667,
DeepSeek-V4-Flash,2,42.42424242424242,42.42424242424242,36.36363636363637,36.36363636363637,42.42424242424242,33.33333333333333,36.36363636363637,33.33333333333333,33.33333333333333,36.36363636363637,33.33333333333333,54.54545454545454,
DeepSeek-V4-Flash,3,31.818181818181817,29.545454545454547,38.63636363636363,40.909090909090914,34.090909090909086,40.909090909090914,29.545454545454547,18.181818181818183,27.27272727272727,22.727272727272727,36.36363636363637,56.81818181818182,
DeepSeek-V4-Flash,4,11.363636363636363,18.181818181818183,15.909090909090908,25.0,20.454545454545457,13.636363636363637,15.909090909090908,18.181818181818183,27.27272727272727,29.545454545454547,15.909090909090908,36.36363636363637,
DeepSeek-V4-Flash,5,37.03703703703704,31.48148148148148,25.925925925925924,37.03703703703704,22.22222222222222,29.629629629629623,37.03703703703704,35.18518518518518,38.88888888888889,44.44444444444444,29.629629629629623,46.2962962962963,
DeepSeek-V4-Flash,6,20.0,12.307692307692308,20.0,20.0,16.923076923076923,15.384615384615383,13.846153846153848,13.846153846153848,23.07692307692308,16.923076923076923,12.307692307692308,35.38461538461539,
DeepSeek-V4-Flash,7,20.454545454545457,34.090909090909086,27.27272727272727,25.0,27.27272727272727,27.27272727272727,22.727272727272727,22.727272727272727,22.727272727272727,20.454545454545457,25.0,25.0,
DeepSeek-V4-Flash,8,18.64406779661017,16.94915254237288,25.42372881355932,20.33898305084746,18.64406779661017,22.033898305084744,18.64406779661017,18.64406779661017,25.42372881355932,22.033898305084744,27.11864406779661,33.89830508474576,
DeepSeek-V4-Flash,9,28.205128205128204,33.33333333333333,23.07692307692308,17.94871794871795,20.51282051282051,28.205128205128204,17.94871794871795,23.07692307692308,28.205128205128204,33.33333333333333,28.205128205128204,38.46153846153847,
DeepSeek-V4-Flash,10,29.166666666666668,25.0,29.166666666666668,29.166666666666668,33.33333333333333,41.66666666666667,41.66666666666667,25.0,25.0,33.33333333333333,29.166666666666668,45.83333333333333,
DeepSeek-V4-Flash,11,8.928571428571429,23.214285714285715,28.57142857142857,23.214285714285715,21.428571428571427,19.642857142857142,21.428571428571427,23.214285714285715,25.0,25.0,17.857142857142858,30.35714285714285,
DeepSeek-V4-Flash,12,34.48275862068966,27.58620689655172,27.58620689655172,27.58620689655172,27.58620689655172,27.58620689655172,27.58620689655172,37.93103448275862,31.03448275862069,34.48275862068966,41.37931034482759,41.37931034482759,
DeepSeek-V4-Flash,13,20.967741935483872,20.967741935483872,25.806451612903224,0.0,22.58064516129032,17.741935483870968,19.35483870967742,20.967741935483872,20.967741935483872,27.41935483870968,24.193548387096776,29.03225806451613,
DeepSeek-V4-Flash,14,24.489795918367346,20.40816326530612,26.53061224489796,16.3265306122449,32.6530612244898,24.489795918367346,26.53061224489796,26.53061224489796,20.40816326530612,22.448979591836736,22.448979591836736,34.69387755102041,
DeepSeek-V4-Flash,15,35.18518518518518,37.03703703703704,29.629629629629623,22.22222222222222,37.03703703703704,27.77777777777778,29.629629629629623,40.74074074074074,35.18518518518518,31.48148148148148,33.33333333333333,48.14814814814815,
DeepSeek-V4-Flash,16,33.33333333333333,36.36363636363637,33.33333333333333,42.42424242424242,39.39393939393939,24.24242424242424,36.36363636363637,39.39393939393939,33.33333333333333,36.36363636363637,36.36363636363637,39.39393939393939,
DeepSeek-V4-Flash,17,16.666666666666664,22.916666666666664,29.166666666666668,22.916666666666664,20.833333333333336,33.33333333333333,22.916666666666664,22.916666666666664,22.916666666666664,27.08333333333333,39.58333333333333,45.83333333333333,
DeepSeek-V4-Flash,18,18.33333333333333,6.666666666666667,13.333333333333334,16.666666666666664,25.0,18.33333333333333,15.0,10.0,10.0,13.333333333333334,21.666666666666668,33.33333333333333,
DeepSeek-V4-Flash,19,30.95238095238096,30.95238095238096,38.095238095238095,28.57142857142857,26.1904761904762,28.57142857142857,30.95238095238096,28.57142857142857,33.33333333333333,35.714285714285715,35.714285714285715,64.28571428571429,
DeepSeek-V4-Flash,20,24.324324324324326,24.324324324324326,24.324324324324326,40.54054054054054,32.432432432432435,37.83783783783784,24.324324324324326,24.324324324324326,27.027027027027028,32.432432432432435,37.83783783783784,48.64864864864865,
DeepSeek-V4-Flash,21,30.76923076923077,26.923076923076923,36.53846153846153,26.923076923076923,32.69230769230769,30.76923076923077,34.61538461538461,30.76923076923077,36.53846153846153,36.53846153846153,30.76923076923077,55.76923076923077,
DeepSeek-V4-Flash,22,26.15384615384616,23.07692307692308,15.384615384615383,21.53846153846154,16.923076923076923,24.615384615384617,23.07692307692308,21.53846153846154,24.615384615384617,26.15384615384616,23.07692307692308,40.0,
DeepSeek-V4-Flash,23,31.91489361702128,42.5531914893617,38.297872340425535,36.17021276595745,40.42553191489361,36.17021276595745,29.78723404255319,19.148936170212767,34.04255319148936,34.04255319148936,29.78723404255319,48.93617021276596,
DeepSeek-V4-Flash,24,22.807017543859647,14.035087719298245,21.052631578947366,22.807017543859647,15.789473684210526,17.543859649122805,19.29824561403509,21.052631578947366,15.789473684210526,24.561403508771928,24.561403508771928,29.82456140350877,
DeepSeek-V4-Flash,25,32.69230769230769,32.69230769230769,23.07692307692308,38.46153846153847,36.53846153846153,40.38461538461539,26.923076923076923,23.07692307692308,42.30769230769231,32.69230769230769,26.923076923076923,53.84615384615385,
DeepSeek-V4-Flash,26,18.0327868852459,24.59016393442623,31.14754098360656,24.59016393442623,40.98360655737705,18.0327868852459,27.86885245901639,32.78688524590164,29.508196721311474,31.14754098360656,34.42622950819672,26.229508196721312,
DeepSeek-V4-Flash,27,21.818181818181817,29.09090909090909,16.363636363636363,20.0,29.09090909090909,27.27272727272727,23.63636363636364,29.09090909090909,30.909090909090907,27.27272727272727,36.36363636363637,52.72727272727272,
DeepSeek-V4-Flash,28,12.195121951219512,19.51219512195122,9.75609756097561,12.195121951219512,9.75609756097561,24.390243902439025,17.073170731707318,14.634146341463412,21.951219512195124,9.75609756097561,19.51219512195122,41.46341463414634,
DeepSeek-V4-Flash,29,60.0,60.0,65.0,45.0,45.0,60.0,60.0,55.00000000000001,60.0,60.0,55.00000000000001,60.0,
DeepSeek-V4-Flash,30,35.0,30.0,30.0,25.0,25.0,30.0,30.0,35.0,35.0,30.0,35.0,30.0,
DeepSeek-V4-Flash,31,14.285714285714285,16.666666666666664,19.047619047619047,19.047619047619047,19.047619047619047,23.809523809523807,14.285714285714285,14.285714285714285,26.1904761904762,26.1904761904762,28.57142857142857,33.33333333333333,
DeepSeek-V4-Flash,32,19.672131147540984,24.59016393442623,27.86885245901639,24.59016393442623,21.311475409836063,24.59016393442623,26.229508196721312,27.86885245901639,26.229508196721312,26.229508196721312,34.42622950819672,32.78688524590164,
DeepSeek-V4-Flash,33,22.916666666666664,31.25,25.0,29.166666666666668,27.08333333333333,35.41666666666667,22.916666666666664,25.0,27.08333333333333,20.833333333333336,22.916666666666664,43.75,
DeepSeek-V4-Flash,34,17.94871794871795,20.51282051282051,20.51282051282051,17.94871794871795,23.07692307692308,17.94871794871795,17.94871794871795,15.384615384615383,25.64102564102564,28.205128205128204,28.205128205128204,35.8974358974359,
DeepSeek-V4-Flash,35,30.35714285714285,30.35714285714285,30.35714285714285,30.35714285714285,26.785714285714285,33.92857142857143,21.428571428571427,26.785714285714285,25.0,19.642857142857142,26.785714285714285,44.642857142857146,
DeepSeek-V4-Flash,36,20.833333333333336,25.0,16.666666666666664,29.166666666666668,29.166666666666668,29.166666666666668,22.916666666666664,16.666666666666664,20.833333333333336,33.33333333333333,25.0,52.083333333333336,
DeepSeek-V4-Flash,37,14.893617021276595,17.02127659574468,22.34042553191489,13.829787234042554,20.212765957446805,14.893617021276595,19.148936170212767,15.95744680851064,10.638297872340424,12.76595744680851,11.702127659574469,23.404255319148938,
DeepSeek-V4-Flash,38,17.307692307692307,21.15384615384616,28.846153846153843,11.538461538461538,23.07692307692308,21.15384615384616,23.07692307692308,19.23076923076924,25.0,25.0,32.69230769230769,23.07692307692308,
DeepSeek-V4-Flash,39,41.37931034482759,37.93103448275862,41.37931034482759,41.37931034482759,31.03448275862069,31.03448275862069,34.48275862068966,34.48275862068966,37.93103448275862,34.48275862068966,34.48275862068966,41.37931034482759,
DeepSeek-V4-Flash,40,23.75,27.500000000000004,25.0,30.0,27.500000000000004,27.500000000000004,23.75,25.0,27.500000000000004,32.5,22.5,45.0,
DeepSeek-V4-Flash,41,21.27659574468085,27.659574468085108,29.78723404255319,27.659574468085108,19.148936170212767,34.04255319148936,27.659574468085108,21.27659574468085,27.659574468085108,23.404255319148938,36.17021276595745,42.5531914893617,
DeepSeek-V4-Flash,42,27.77777777777778,25.925925925925924,22.22222222222222,22.22222222222222,22.22222222222222,25.925925925925924,24.07407407407408,22.22222222222222,37.03703703703704,25.925925925925924,27.77777777777778,40.74074074074074,
DeepSeek-V4-Flash,43,30.0,25.71428571428571,35.714285714285715,24.285714285714285,30.0,24.285714285714285,28.57142857142857,31.428571428571427,28.57142857142857,35.714285714285715,25.71428571428571,37.142857142857146,
DeepSeek-V4-Flash,44,36.66666666666666,36.66666666666666,26.666666666666668,33.33333333333333,33.33333333333333,36.66666666666666,36.66666666666666,36.66666666666666,36.66666666666666,36.66666666666666,30.0,43.333333333333336,
DeepSeek-V4-Flash,45,25.0,15.625,28.125,28.125,12.5,37.5,31.25,21.875,31.25,34.375,31.25,46.875,
DeepSeek-V4-Flash,46,31.57894736842105,22.807017543859647,29.82456140350877,24.561403508771928,28.07017543859649,29.82456140350877,31.57894736842105,31.57894736842105,26.31578947368421,21.052631578947366,26.31578947368421,50.877192982456144,
DeepSeek-V4-Flash,47,29.23076923076924,30.76923076923077,36.92307692307693,38.46153846153847,27.692307692307693,35.38461538461539,27.692307692307693,30.76923076923077,36.92307692307693,26.15384615384616,38.46153846153847,60.0,
DeepSeek-V4-Flash,48,33.33333333333333,44.44444444444444,37.77777777777778,44.44444444444444,42.22222222222222,31.11111111111111,35.55555555555556,26.666666666666668,40.0,44.44444444444444,33.33333333333333,51.11111111111111,
DeepSeek-V4-Flash,49,38.297872340425535,34.04255319148936,38.297872340425535,40.42553191489361,40.42553191489361,46.80851063829788,48.93617021276596,48.93617021276596,44.680851063829785,51.06382978723404,42.5531914893617,55.319148936170215,
DeepSeek-V4-Flash,50,27.86885245901639,21.311475409836063,24.59016393442623,26.229508196721312,29.508196721311474,21.311475409836063,18.0327868852459,24.59016393442623,27.86885245901639,29.508196721311474,19.672131147540984,39.34426229508197,
DeepSeek-V4-Flash,51,20.967741935483872,20.967741935483872,25.806451612903224,16.129032258064516,24.193548387096776,19.35483870967742,20.967741935483872,22.58064516129032,29.03225806451613,24.193548387096776,19.35483870967742,45.16129032258064,
DeepSeek-V4-Flash,52,29.72972972972973,13.513513513513514,27.027027027027028,16.216216216216218,27.027027027027028,32.432432432432435,35.13513513513514,32.432432432432435,29.72972972972973,37.83783783783784,48.64864864864865,54.054054054054056,
DeepSeek-V4-Flash,53,20.63492063492064,31.746031746031743,25.396825396825395,26.984126984126984,15.873015873015872,14.285714285714285,22.22222222222222,28.57142857142857,19.047619047619047,30.15873015873016,28.57142857142857,44.44444444444444,
DeepSeek-V4-Flash,54,18.55670103092784,20.61855670103093,22.68041237113402,25.773195876288657,21.649484536082475,21.649484536082475,20.61855670103093,18.55670103092784,21.649484536082475,23.711340206185564,18.55670103092784,30.927835051546392,
DeepSeek-V4-Flash,55,25.806451612903224,20.967741935483872,22.58064516129032,24.193548387096776,29.03225806451613,30.64516129032258,33.87096774193548,27.41935483870968,29.03225806451613,22.58064516129032,27.41935483870968,33.87096774193548,
DeepSeek-V4-Flash,56,22.36842105263158,25.0,17.105263157894736,21.052631578947366,15.789473684210526,21.052631578947366,19.73684210526316,17.105263157894736,21.052631578947366,18.421052631578945,18.421052631578945,27.631578947368425,
DeepSeek-V4-Flash,57,14.285714285714285,26.1904761904762,11.904761904761903,16.666666666666664,30.95238095238096,23.809523809523807,16.666666666666664,16.666666666666664,16.666666666666664,19.047619047619047,19.047619047619047,42.85714285714285,
DeepSeek-V4-Flash,58,14.492753623188406,21.73913043478261,27.536231884057973,20.28985507246377,23.18840579710145,26.08695652173913,20.28985507246377,17.391304347826086,20.28985507246377,28.98550724637681,21.73913043478261,33.33333333333333,
DeepSeek-V4-Flash,59,23.33333333333333,18.33333333333333,30.0,30.0,28.33333333333333,10.0,23.33333333333333,25.0,20.0,18.33333333333333,28.33333333333333,40.0,
DeepSeek-V4-Flash,60,21.428571428571427,21.428571428571427,25.71428571428571,21.428571428571427,22.857142857142858,21.428571428571427,12.857142857142856,17.142857142857142,21.428571428571427,22.857142857142858,18.571428571428573,31.428571428571427,
DeepSeek-V4-Flash,61,25.0,28.846153846153843,26.923076923076923,30.76923076923077,32.69230769230769,25.0,28.846153846153843,32.69230769230769,28.846153846153843,40.38461538461539,30.76923076923077,30.76923076923077,
DeepSeek-V4-Flash,62,29.545454545454547,31.818181818181817,27.27272727272727,25.0,15.909090909090908,22.727272727272727,25.0,20.454545454545457,20.454545454545457,20.454545454545457,25.0,47.72727272727273,
DeepSeek-V4-Flash,63,28.125,37.5,21.875,40.625,28.125,28.125,28.125,31.25,34.375,37.5,43.75,59.375,
DeepSeek-V4-Flash,64,23.28767123287671,15.068493150684931,15.068493150684931,17.80821917808219,17.80821917808219,20.54794520547945,13.6986301369863,15.068493150684931,19.17808219178082,26.02739726027397,26.02739726027397,35.61643835616438,
DeepSeek-V4-Flash,65,22.857142857142858,24.285714285714285,21.428571428571427,17.142857142857142,15.714285714285714,21.428571428571427,24.285714285714285,28.57142857142857,14.285714285714285,21.428571428571427,24.285714285714285,15.714285714285714,
DeepSeek-V4-Flash,66,18.181818181818183,20.454545454545457,18.181818181818183,20.454545454545457,15.909090909090908,18.181818181818183,25.0,29.545454545454547,34.090909090909086,22.727272727272727,25.0,50.0,
DeepSeek-V4-Flash,67,26.5625,26.5625,23.4375,21.875,32.8125,25.0,26.5625,21.875,31.25,28.125,29.6875,50.0,
DeepSeek-V4-Flash,68,15.714285714285714,11.428571428571429,20.0,15.714285714285714,15.714285714285714,14.285714285714285,11.428571428571429,17.142857142857142,24.285714285714285,14.285714285714285,20.0,34.285714285714285,
DeepSeek-V4-Flash,69,29.411764705882355,26.47058823529412,41.17647058823529,32.35294117647059,23.52941176470588,35.294117647058826,26.47058823529412,29.411764705882355,23.52941176470588,17.647058823529413,26.47058823529412,61.76470588235294,
DeepSeek-V4-Flash,70,25.37313432835821,25.37313432835821,22.388059701492537,20.8955223880597,20.8955223880597,26.86567164179105,25.37313432835821,22.388059701492537,22.388059701492537,25.37313432835821,31.343283582089555,37.3134328358209,
DeepSeek-V4-Flash,71,29.166666666666668,18.75,16.666666666666664,25.0,35.41666666666667,33.33333333333333,33.33333333333333,25.0,16.666666666666664,18.75,25.0,43.75,
DeepSeek-V4-Flash,72,33.33333333333333,20.0,20.0,23.33333333333333,30.0,30.0,20.0,23.33333333333333,23.33333333333333,23.33333333333333,33.33333333333333,36.66666666666666,
DeepSeek-V4-Flash,73,29.577464788732392,23.943661971830984,28.169014084507044,30.985915492957744,23.943661971830984,38.0281690140845,22.53521126760564,28.169014084507044,32.3943661971831,35.2112676056338,39.436619718309856,46.478873239436616,
DeepSeek-V4-Flash,74,30.35714285714285,41.07142857142857,35.714285714285715,42.85714285714285,33.92857142857143,39.285714285714285,25.0,30.35714285714285,32.142857142857146,46.42857142857143,50.0,41.07142857142857,
DeepSeek-V4-Flash,75,21.686746987951807,26.506024096385545,19.27710843373494,19.27710843373494,19.27710843373494,13.253012048192772,20.48192771084337,24.09638554216868,18.072289156626507,13.253012048192772,24.09638554216868,37.34939759036144,
DeepSeek-V4-Flash,76,37.93103448275862,41.37931034482759,31.03448275862069,34.48275862068966,34.48275862068966,44.82758620689656,41.37931034482759,31.03448275862069,41.37931034482759,34.48275862068966,44.82758620689656,41.37931034482759,
DeepSeek-V4-Flash,77,14.473684210526317,15.789473684210526,23.684210526315788,15.789473684210526,21.052631578947366,18.421052631578945,19.73684210526316,17.105263157894736,17.105263157894736,15.789473684210526,18.421052631578945,27.631578947368425,
DeepSeek-V4-Flash,78,50.0,31.818181818181817,31.818181818181817,40.909090909090914,31.818181818181817,27.27272727272727,27.27272727272727,27.27272727272727,27.27272727272727,27.27272727272727,27.27272727272727,40.909090909090914,
DeepSeek-V4-Flash,79,28.57142857142857,24.489795918367346,32.6530612244898,26.53061224489796,18.367346938775512,26.53061224489796,28.57142857142857,24.489795918367346,24.489795918367346,38.775510204081634,24.489795918367346,32.6530612244898,
DeepSeek-V4-Flash,80,22.41379310344828,29.310344827586203,24.13793103448276,27.58620689655172,25.86206896551724,25.86206896551724,25.86206896551724,24.13793103448276,25.86206896551724,24.13793103448276,36.206896551724135,37.93103448275862,
Gemma-4-31B-it,0,9.433962264150944,11.320754716981131,9.433962264150944,7.547169811320755,7.547169811320755,0.0,5.660377358490567,7.547169811320755,7.547169811320755,11.320754716981131,0.0,24.52830188679245,11.320754716981133
Gemma-4-31B-it,1,11.11111111111111,8.333333333333332,5.555555555555555,8.333333333333332,5.555555555555555,13.88888888888889,13.88888888888889,11.11111111111111,16.666666666666664,11.11111111111111,0.0,44.44444444444444,5.555555555555555
Gemma-4-31B-it,2,21.21212121212121,15.151515151515152,18.181818181818183,12.12121212121212,15.151515151515152,30.303030303030305,21.21212121212121,21.21212121212121,21.21212121212121,21.21212121212121,0.0,48.48484848484848,21.21212121212121
Gemma-4-31B-it,3,20.454545454545457,20.454545454545457,18.181818181818183,18.181818181818183,18.181818181818183,15.909090909090908,4.545454545454546,18.181818181818183,15.909090909090908,9.090909090909092,0.0,27.27272727272727,15.909090909090908
Gemma-4-31B-it,4,6.8181818181818175,6.8181818181818175,9.090909090909092,11.363636363636363,4.545454545454546,13.636363636363637,9.090909090909092,6.8181818181818175,18.181818181818183,15.909090909090908,0.0,29.545454545454547,9.090909090909092
Gemma-4-31B-it,5,9.25925925925926,9.25925925925926,7.4074074074074066,9.25925925925926,5.555555555555555,11.11111111111111,12.962962962962962,11.11111111111111,11.11111111111111,9.25925925925926,0.0,35.18518518518518,9.25925925925926
Gemma-4-31B-it,6,4.615384615384616,4.615384615384616,7.6923076923076925,4.615384615384616,6.153846153846154,4.615384615384616,9.230769230769232,6.153846153846154,12.307692307692308,10.76923076923077,0.0,18.461538461538463,12.307692307692308
Gemma-4-31B-it,7,20.454545454545457,22.727272727272727,18.181818181818183,18.181818181818183,18.181818181818183,18.181818181818183,18.181818181818183,20.454545454545457,15.909090909090908,25.0,18.181818181818183,22.727272727272727,13.636363636363635
Gemma-4-31B-it,8,3.389830508474576,8.47457627118644,5.084745762711865,10.16949152542373,6.779661016949152,8.47457627118644,6.779661016949152,6.779661016949152,8.47457627118644,11.864406779661016,10.16949152542373,38.983050847457626,3.389830508474576
Gemma-4-31B-it,9,10.256410256410255,12.82051282051282,12.82051282051282,12.82051282051282,15.384615384615383,20.51282051282051,10.256410256410255,17.94871794871795,17.94871794871795,17.94871794871795,20.51282051282051,30.76923076923077,15.384615384615385
Gemma-4-31B-it,10,29.166666666666668,16.666666666666664,29.166666666666668,16.666666666666664,16.666666666666664,20.833333333333336,20.833333333333336,16.666666666666664,8.333333333333332,12.5,12.5,33.33333333333333,8.333333333333332
Gemma-4-31B-it,11,8.928571428571429,8.928571428571429,12.5,12.5,12.5,10.714285714285714,12.5,14.285714285714285,5.357142857142857,10.714285714285714,12.5,28.57142857142857,14.285714285714285
Gemma-4-31B-it,12,20.6896551724138,20.6896551724138,10.344827586206897,20.6896551724138,13.79310344827586,20.6896551724138,31.03448275862069,24.13793103448276,17.24137931034483,24.13793103448276,24.13793103448276,24.13793103448276,24.137931034482758
Gemma-4-31B-it,13,8.064516129032258,8.064516129032258,8.064516129032258,8.064516129032258,9.67741935483871,8.064516129032258,9.67741935483871,6.451612903225806,8.064516129032258,11.29032258064516,9.67741935483871,24.193548387096776,9.67741935483871
Gemma-4-31B-it,14,6.122448979591836,14.285714285714285,10.20408163265306,14.285714285714285,10.20408163265306,10.20408163265306,8.16326530612245,8.16326530612245,14.285714285714285,8.16326530612245,18.367346938775512,20.40816326530612,12.244897959183673
Gemma-4-31B-it,15,11.11111111111111,16.666666666666664,12.962962962962962,18.51851851851852,18.51851851851852,16.666666666666664,14.814814814814811,16.666666666666664,14.814814814814811,14.814814814814811,18.51851851851852,27.77777777777778,12.962962962962962
Gemma-4-31B-it,16,21.21212121212121,18.181818181818183,18.181818181818183,18.181818181818183,21.21212121212121,18.181818181818183,21.21212121212121,18.181818181818183,18.181818181818183,21.21212121212121,18.181818181818183,30.303030303030305,21.21212121212121
Gemma-4-31B-it,17,4.166666666666666,10.416666666666668,6.25,8.333333333333332,10.416666666666668,12.5,6.25,10.416666666666668,12.5,12.5,20.833333333333336,31.25,8.333333333333332
Gemma-4-31B-it,18,1.6666666666666667,1.6666666666666667,3.333333333333333,0.0,5.0,10.0,3.333333333333333,3.333333333333333,10.0,5.0,13.333333333333334,31.666666666666664,10.0
Gemma-4-31B-it,19,21.428571428571427,16.666666666666664,16.666666666666664,16.666666666666664,11.904761904761903,14.285714285714285,19.047619047619047,16.666666666666664,4.761904761904762,14.285714285714285,26.1904761904762,38.095238095238095,19.047619047619047
Gemma-4-31B-it,20,13.513513513513514,18.91891891891892,18.91891891891892,21.62162162162162,24.324324324324326,21.62162162162162,21.62162162162162,21.62162162162162,18.91891891891892,21.62162162162162,29.72972972972973,37.83783783783784,29.72972972972973
Gemma-4-31B-it,21,7.6923076923076925,11.538461538461538,9.615384615384617,17.307692307692307,11.538461538461538,7.6923076923076925,3.8461538461538463,1.9230769230769231,9.615384615384617,13.461538461538462,23.07692307692308,21.15384615384616,3.8461538461538463
Gemma-4-31B-it,22,10.76923076923077,10.76923076923077,13.846153846153848,13.846153846153848,12.307692307692308,12.307692307692308,12.307692307692308,3.076923076923077,13.846153846153848,16.923076923076923,10.76923076923077,23.07692307692308,10.76923076923077
Gemma-4-31B-it,23,14.893617021276595,19.148936170212767,19.148936170212767,27.659574468085108,19.148936170212767,23.404255319148938,14.893617021276595,17.02127659574468,19.148936170212767,23.404255319148938,23.404255319148938,29.78723404255319,21.27659574468085
Gemma-4-31B-it,24,8.771929824561402,7.017543859649122,8.771929824561402,10.526315789473683,8.771929824561402,12.280701754385964,8.771929824561402,12.280701754385964,8.771929824561402,10.526315789473683,8.771929824561402,19.29824561403509,10.526315789473683
Gemma-4-31B-it,25,5.769230769230769,7.6923076923076925,5.769230769230769,1.9230769230769231,7.6923076923076925,7.6923076923076925,7.6923076923076925,1.9230769230769231,9.615384615384617,15.384615384615383,5.769230769230769,46.15384615384615,11.538461538461538
Gemma-4-31B-it,26,8.19672131147541,9.836065573770492,11.475409836065571,16.39344262295082,14.754098360655735,0.0,11.475409836065571,9.836065573770492,13.114754098360656,11.475409836065571,14.754098360655735,26.229508196721312,9.836065573770492
Gemma-4-31B-it,27,5.454545454545454,0.0,9.090909090909092,9.090909090909092,10.909090909090908,10.909090909090908,3.636363636363636,7.272727272727272,9.090909090909092,5.454545454545454,5.454545454545454,45.45454545454545,9.090909090909092
Gemma-4-31B-it,28,4.878048780487805,0.0,7.317073170731707,0.0,9.75609756097561,9.75609756097561,12.195121951219512,7.317073170731707,9.75609756097561,7.317073170731707,12.195121951219512,19.51219512195122,9.75609756097561
Gemma-4-31B-it,29,35.0,30.0,30.0,40.0,25.0,25.0,40.0,45.0,40.0,35.0,45.0,20.0,25.0
Gemma-4-31B-it,30,20.0,15.0,15.0,20.0,15.0,20.0,25.0,10.0,15.0,20.0,10.0,30.0,15.0
Gemma-4-31B-it,31,16.666666666666664,19.047619047619047,11.904761904761903,19.047619047619047,19.047619047619047,14.285714285714285,16.666666666666664,19.047619047619047,26.1904761904762,23.809523809523807,23.809523809523807,33.33333333333333,11.904761904761903
Gemma-4-31B-it,32,4.918032786885246,13.114754098360656,4.918032786885246,1.639344262295082,3.278688524590164,4.918032786885246,4.918032786885246,4.918032786885246,6.557377049180328,9.836065573770492,9.836065573770492,21.311475409836063,13.114754098360656
Gemma-4-31B-it,33,8.333333333333332,0.0,12.5,12.5,10.416666666666668,16.666666666666664,2.083333333333333,10.416666666666668,10.416666666666668,10.416666666666668,12.5,29.166666666666668,10.416666666666668
Gemma-4-31B-it,34,5.128205128205128,5.128205128205128,5.128205128205128,10.256410256410255,2.564102564102564,10.256410256410255,2.564102564102564,5.128205128205128,17.94871794871795,5.128205128205128,20.51282051282051,33.33333333333333,10.256410256410255
Gemma-4-31B-it,35,10.714285714285714,1.7857142857142856,8.928571428571429,12.5,14.285714285714285,8.928571428571429,12.5,10.714285714285714,10.714285714285714,10.714285714285714,14.285714285714285,28.57142857142857,10.714285714285714
Gemma-4-31B-it,36,0.0,6.25,6.25,6.25,4.166666666666666,8.333333333333332,2.083333333333333,2.083333333333333,12.5,10.416666666666668,10.416666666666668,41.66666666666667,6.25
Gemma-4-31B-it,37,4.25531914893617,6.382978723404255,3.191489361702128,1.0638297872340423,5.319148936170213,8.51063829787234,5.319148936170213,3.191489361702128,9.574468085106384,9.574468085106384,10.638297872340424,32.97872340425532,8.51063829787234
Gemma-4-31B-it,38,3.8461538461538463,3.8461538461538463,3.8461538461538463,5.769230769230769,3.8461538461538463,3.8461538461538463,5.769230769230769,3.8461538461538463,3.8461538461538463,5.769230769230769,15.384615384615383,17.307692307692307,7.6923076923076925
Gemma-4-31B-it,39,20.6896551724138,20.6896551724138,24.13793103448276,20.6896551724138,17.24137931034483,24.13793103448276,20.6896551724138,24.13793103448276,24.13793103448276,24.13793103448276,17.24137931034483,34.48275862068966,20.689655172413794
Gemma-4-31B-it,40,7.5,10.0,10.0,10.0,3.75,3.75,2.5,8.75,10.0,2.5,13.750000000000002,30.0,2.5
Gemma-4-31B-it,41,10.638297872340424,12.76595744680851,10.638297872340424,10.638297872340424,10.638297872340424,17.02127659574468,8.51063829787234,12.76595744680851,14.893617021276595,21.27659574468085,25.53191489361702,29.78723404255319,14.893617021276595
Gemma-4-31B-it,42,7.4074074074074066,14.814814814814811,9.25925925925926,11.11111111111111,11.11111111111111,14.814814814814811,16.666666666666664,7.4074074074074066,14.814814814814811,18.51851851851852,16.666666666666664,29.629629629629623,16.666666666666664
Gemma-4-31B-it,43,7.142857142857142,7.142857142857142,12.857142857142856,10.0,4.285714285714286,10.0,10.0,8.571428571428571,12.857142857142856,17.142857142857142,5.714285714285714,17.142857142857142,8.571428571428571
Gemma-4-31B-it,44,26.666666666666668,26.666666666666668,26.666666666666668,26.666666666666668,23.33333333333333,26.666666666666668,33.33333333333333,33.33333333333333,30.0,20.0,33.33333333333333,43.333333333333336,23.333333333333332
Gemma-4-31B-it,45,9.375,6.25,15.625,6.25,12.5,15.625,6.25,12.5,15.625,18.75,18.75,40.625,9.375
Gemma-4-31B-it,46,7.017543859649122,14.035087719298245,12.280701754385964,12.280701754385964,14.035087719298245,14.035087719298245,5.263157894736842,14.035087719298245,14.035087719298245,7.017543859649122,17.543859649122805,43.85964912280701,8.771929824561402
Gemma-4-31B-it,47,12.307692307692308,12.307692307692308,7.6923076923076925,4.615384615384616,10.76923076923077,12.307692307692308,12.307692307692308,12.307692307692308,12.307692307692308,9.230769230769232,24.615384615384617,46.15384615384615,12.307692307692308
Gemma-4-31B-it,48,2.2222222222222223,13.333333333333334,8.88888888888889,13.333333333333334,13.333333333333334,15.555555555555555,2.2222222222222223,11.11111111111111,24.444444444444443,20.0,13.333333333333334,51.11111111111111,17.77777777777778
Gemma-4-31B-it,49,21.27659574468085,8.51063829787234,23.404255319148938,17.02127659574468,23.404255319148938,8.51063829787234,29.78723404255319,29.78723404255319,17.02127659574468,27.659574468085108,25.53191489361702,40.42553191489361,25.53191489361702
Gemma-4-31B-it,50,6.557377049180328,11.475409836065571,0.0,0.0,4.918032786885246,3.278688524590164,13.114754098360656,16.39344262295082,11.475409836065571,14.754098360655735,19.672131147540984,29.508196721311474,11.475409836065573
Gemma-4-31B-it,51,11.29032258064516,12.903225806451612,8.064516129032258,9.67741935483871,16.129032258064516,11.29032258064516,12.903225806451612,9.67741935483871,4.838709677419355,6.451612903225806,6.451612903225806,27.41935483870968,16.129032258064516
Gemma-4-31B-it,52,13.513513513513514,13.513513513513514,18.91891891891892,13.513513513513514,18.91891891891892,10.81081081081081,16.216216216216218,21.62162162162162,13.513513513513514,13.513513513513514,21.62162162162162,45.94594594594595,18.91891891891892
Gemma-4-31B-it,53,11.11111111111111,6.349206349206349,4.761904761904762,6.349206349206349,4.761904761904762,11.11111111111111,9.523809523809524,7.936507936507936,9.523809523809524,9.523809523809524,9.523809523809524,30.15873015873016,6.349206349206349
Gemma-4-31B-it,54,12.371134020618555,5.154639175257731,5.154639175257731,10.309278350515465,6.185567010309279,12.371134020618555,10.309278350515465,13.402061855670103,6.185567010309279,12.371134020618555,8.24742268041237,26.804123711340207,14.432989690721648
Gemma-4-31B-it,55,9.67741935483871,8.064516129032258,8.064516129032258,6.451612903225806,6.451612903225806,8.064516129032258,8.064516129032258,8.064516129032258,8.064516129032258,3.225806451612903,11.29032258064516,25.806451612903224,4.838709677419355
Gemma-4-31B-it,56,6.578947368421052,5.263157894736842,6.578947368421052,9.210526315789473,7.894736842105263,6.578947368421052,3.947368421052632,7.894736842105263,7.894736842105263,5.263157894736842,11.842105263157894,14.473684210526317,7.894736842105263
Gemma-4-31B-it,57,7.142857142857142,14.285714285714285,7.142857142857142,9.523809523809524,14.285714285714285,16.666666666666664,11.904761904761903,14.285714285714285,14.285714285714285,16.666666666666664,11.904761904761903,38.095238095238095,11.904761904761903
Gemma-4-31B-it,58,0.0,7.246376811594203,7.246376811594203,4.3478260869565215,7.246376811594203,8.695652173913043,7.246376811594203,13.043478260869565,10.144927536231885,13.043478260869565,11.594202898550725,36.231884057971016,1.4492753623188406
Gemma-4-31B-it,59,8.333333333333332,8.333333333333332,8.333333333333332,11.666666666666666,13.333333333333334,8.333333333333332,8.333333333333332,8.333333333333332,8.333333333333332,6.666666666666667,15.0,45.0,10.0
Gemma-4-31B-it,60,4.285714285714286,7.142857142857142,8.571428571428571,8.571428571428571,11.428571428571429,11.428571428571429,8.571428571428571,8.571428571428571,11.428571428571429,10.0,5.714285714285714,27.142857142857142,7.142857142857142
Gemma-4-31B-it,61,11.538461538461538,9.615384615384617,13.461538461538462,13.461538461538462,11.538461538461538,13.461538461538462,11.538461538461538,13.461538461538462,15.384615384615383,19.23076923076924,13.461538461538462,28.846153846153843,7.6923076923076925
Gemma-4-31B-it,62,6.8181818181818175,11.363636363636363,9.090909090909092,11.363636363636363,13.636363636363637,9.090909090909092,13.636363636363637,11.363636363636363,18.181818181818183,15.909090909090908,13.636363636363637,38.63636363636363,9.090909090909092
Gemma-4-31B-it,63,21.875,21.875,21.875,25.0,21.875,15.625,18.75,31.25,21.875,25.0,15.625,34.375,21.875
Gemma-4-31B-it,64,6.849315068493151,8.21917808219178,8.21917808219178,1.36986301369863,6.849315068493151,8.21917808219178,8.21917808219178,10.95890410958904,6.849315068493151,9.58904109589041,12.32876712328767,24.65753424657534,6.8493150684931505
Gemma-4-31B-it,65,4.285714285714286,5.714285714285714,8.571428571428571,8.571428571428571,7.142857142857142,7.142857142857142,8.571428571428571,7.142857142857142,5.714285714285714,8.571428571428571,12.857142857142856,8.571428571428571,8.571428571428571
Gemma-4-31B-it,66,9.090909090909092,4.545454545454546,4.545454545454546,13.636363636363637,11.363636363636363,15.909090909090908,11.363636363636363,11.363636363636363,18.181818181818183,13.636363636363637,13.636363636363637,36.36363636363637,15.909090909090908
Gemma-4-31B-it,67,14.0625,9.375,18.75,12.5,7.8125,12.5,15.625,12.5,10.9375,12.5,17.1875,31.25,17.1875
Gemma-4-31B-it,68,5.714285714285714,4.285714285714286,2.857142857142857,5.714285714285714,5.714285714285714,5.714285714285714,5.714285714285714,7.142857142857142,8.571428571428571,10.0,5.714285714285714,18.571428571428573,2.857142857142857
Gemma-4-31B-it,69,20.588235294117645,20.588235294117645,20.588235294117645,20.588235294117645,14.705882352941178,17.647058823529413,14.705882352941178,14.705882352941178,17.647058823529413,23.52941176470588,17.647058823529413,35.294117647058826,14.705882352941178
Gemma-4-31B-it,70,11.940298507462686,7.462686567164178,5.970149253731343,8.955223880597014,10.44776119402985,2.985074626865672,10.44776119402985,8.955223880597014,1.4925373134328357,11.940298507462686,14.925373134328357,26.86567164179105,10.44776119402985
Gemma-4-31B-it,71,6.25,10.416666666666668,8.333333333333332,6.25,8.333333333333332,4.166666666666666,4.166666666666666,4.166666666666666,6.25,6.25,12.5,41.66666666666667,4.166666666666666
Gemma-4-31B-it,72,6.666666666666667,6.666666666666667,6.666666666666667,6.666666666666667,10.0,10.0,13.333333333333334,13.333333333333334,10.0,20.0,23.33333333333333,30.0,13.333333333333334
Gemma-4-31B-it,73,14.084507042253522,9.859154929577464,14.084507042253522,9.859154929577464,11.267605633802818,11.267605633802818,12.676056338028168,11.267605633802818,15.492957746478872,8.450704225352112,19.718309859154928,22.53521126760564,15.492957746478872
Gemma-4-31B-it,74,12.5,17.857142857142858,12.5,16.071428571428573,25.0,12.5,17.857142857142858,3.571428571428571,10.714285714285714,12.5,19.642857142857142,33.92857142857143,16.071428571428573
Gemma-4-31B-it,75,7.228915662650602,9.63855421686747,6.024096385542169,6.024096385542169,4.819277108433735,3.614457831325301,9.63855421686747,4.819277108433735,7.228915662650602,2.409638554216868,12.048192771084338,13.253012048192772,7.228915662650602
Gemma-4-31B-it,76,24.13793103448276,10.344827586206897,17.24137931034483,20.6896551724138,20.6896551724138,20.6896551724138,20.6896551724138,20.6896551724138,13.79310344827586,20.6896551724138,13.79310344827586,34.48275862068966,27.586206896551722
Gemma-4-31B-it,77,6.578947368421052,6.578947368421052,7.894736842105263,7.894736842105263,6.578947368421052,6.578947368421052,10.526315789473683,7.894736842105263,6.578947368421052,10.526315789473683,13.157894736842104,21.052631578947366,6.578947368421052
Gemma-4-31B-it,78,27.27272727272727,31.818181818181817,27.27272727272727,18.181818181818183,27.27272727272727,18.181818181818183,27.27272727272727,22.727272727272727,27.27272727272727,31.818181818181817,27.27272727272727,31.818181818181817,31.818181818181817
Gemma-4-31B-it,79,10.20408163265306,12.244897959183673,12.244897959183673,12.244897959183673,10.20408163265306,12.244897959183673,10.20408163265306,10.20408163265306,12.244897959183673,12.244897959183673,10.20408163265306,10.20408163265306,10.204081632653061
Gemma-4-31B-it,80,13.79310344827586,12.06896551724138,18.96551724137931,13.79310344827586,13.79310344827586,13.79310344827586,10.344827586206897,3.4482758620689653,12.06896551724138,13.79310344827586,18.96551724137931,34.48275862068966,13.793103448275861
Gemma-4-E4B,0,3.7735849056603774,,,,3.7735849056603774,7.547169811320755,5.660377358490567,0.0,5.660377358490567,7.547169811320755,,18.867924528301888,
Gemma-4-E4B,1,5.555555555555555,,,,5.555555555555555,5.555555555555555,8.333333333333332,11.11111111111111,8.333333333333332,13.88888888888889,,33.33333333333333,
Gemma-4-E4B,2,15.151515151515152,,,,24.24242424242424,18.181818181818183,12.12121212121212,12.12121212121212,9.090909090909092,24.24242424242424,,42.42424242424242,
Gemma-4-E4B,3,2.272727272727273,,,,0.0,9.090909090909092,11.363636363636363,13.636363636363637,4.545454545454546,2.272727272727273,,6.8181818181818175,
Gemma-4-E4B,4,4.545454545454546,,,,0.0,9.090909090909092,4.545454545454546,4.545454545454546,11.363636363636363,9.090909090909092,,25.0,
Gemma-4-E4B,5,5.555555555555555,,,,9.25925925925926,7.4074074074074066,7.4074074074074066,12.962962962962962,7.4074074074074066,5.555555555555555,,29.629629629629623,
Gemma-4-E4B,6,4.615384615384616,,,,6.153846153846154,0.0,6.153846153846154,6.153846153846154,9.230769230769232,6.153846153846154,,10.76923076923077,
Gemma-4-E4B,7,13.636363636363637,,,,13.636363636363637,20.454545454545457,18.181818181818183,18.181818181818183,13.636363636363637,13.636363636363637,,18.181818181818183,
Gemma-4-E4B,8,3.389830508474576,,,,5.084745762711865,5.084745762711865,6.779661016949152,6.779661016949152,3.389830508474576,5.084745762711865,,30.508474576271187,
Gemma-4-E4B,9,10.256410256410255,,,,12.82051282051282,12.82051282051282,12.82051282051282,12.82051282051282,10.256410256410255,15.384615384615383,,33.33333333333333,
Gemma-4-E4B,10,8.333333333333332,,,,12.5,8.333333333333332,12.5,16.666666666666664,12.5,16.666666666666664,,33.33333333333333,
Gemma-4-E4B,11,8.928571428571429,,,,7.142857142857142,10.714285714285714,8.928571428571429,8.928571428571429,3.571428571428571,8.928571428571429,,17.857142857142858,
Gemma-4-E4B,12,10.344827586206897,,,,3.4482758620689653,13.79310344827586,10.344827586206897,6.896551724137931,17.24137931034483,6.896551724137931,,10.344827586206897,
Gemma-4-E4B,13,1.6129032258064515,,,,3.225806451612903,4.838709677419355,4.838709677419355,4.838709677419355,8.064516129032258,4.838709677419355,,16.129032258064516,
Gemma-4-E4B,14,0.0,,,,4.081632653061225,8.16326530612245,6.122448979591836,2.0408163265306123,0.0,6.122448979591836,,20.40816326530612,
Gemma-4-E4B,15,3.7037037037037033,,,,9.25925925925926,5.555555555555555,9.25925925925926,9.25925925925926,3.7037037037037033,7.4074074074074066,,25.925925925925924,
Gemma-4-E4B,16,18.181818181818183,,,,21.21212121212121,21.21212121212121,24.24242424242424,21.21212121212121,21.21212121212121,21.21212121212121,,33.33333333333333,
Gemma-4-E4B,17,4.166666666666666,,,,8.333333333333332,8.333333333333332,4.166666666666666,8.333333333333332,16.666666666666664,8.333333333333332,,27.08333333333333,
Gemma-4-E4B,18,0.0,,,,5.0,5.0,0.0,0.0,1.6666666666666667,5.0,,8.333333333333332,
Gemma-4-E4B,19,7.142857142857142,,,,7.142857142857142,9.523809523809524,9.523809523809524,7.142857142857142,7.142857142857142,14.285714285714285,,28.57142857142857,
Gemma-4-E4B,20,16.216216216216218,,,,16.216216216216218,18.91891891891892,16.216216216216218,16.216216216216218,24.324324324324326,18.91891891891892,,35.13513513513514,
Gemma-4-E4B,21,5.769230769230769,,,,9.615384615384617,7.6923076923076925,5.769230769230769,7.6923076923076925,9.615384615384617,15.384615384615383,,23.07692307692308,
Gemma-4-E4B,22,7.6923076923076925,,,,6.153846153846154,6.153846153846154,10.76923076923077,6.153846153846154,6.153846153846154,6.153846153846154,,18.461538461538463,
Gemma-4-E4B,23,8.51063829787234,,,,12.76595744680851,14.893617021276595,12.76595744680851,17.02127659574468,12.76595744680851,17.02127659574468,,21.27659574468085,
Gemma-4-E4B,24,8.771929824561402,,,,7.017543859649122,8.771929824561402,8.771929824561402,7.017543859649122,7.017543859649122,8.771929824561402,,12.280701754385964,
Gemma-4-E4B,25,0.0,,,,3.8461538461538463,1.9230769230769231,0.0,0.0,1.9230769230769231,7.6923076923076925,,11.538461538461538,
Gemma-4-E4B,26,1.639344262295082,,,,0.0,8.19672131147541,8.19672131147541,6.557377049180328,4.918032786885246,8.19672131147541,,13.114754098360656,
Gemma-4-E4B,27,0.0,,,,3.636363636363636,1.818181818181818,1.818181818181818,1.818181818181818,1.818181818181818,1.818181818181818,,23.63636363636364,
Gemma-4-E4B,28,2.4390243902439024,,,,2.4390243902439024,0.0,4.878048780487805,2.4390243902439024,0.0,2.4390243902439024,,26.82926829268293,
Gemma-4-E4B,29,15.0,,,,10.0,20.0,20.0,25.0,25.0,30.0,,30.0,
Gemma-4-E4B,30,10.0,,,,0.0,15.0,10.0,10.0,10.0,10.0,,25.0,
Gemma-4-E4B,31,9.523809523809524,,,,11.904761904761903,14.285714285714285,16.666666666666664,14.285714285714285,16.666666666666664,11.904761904761903,,21.428571428571427,
Gemma-4-E4B,32,0.0,,,,1.639344262295082,3.278688524590164,4.918032786885246,3.278688524590164,3.278688524590164,1.639344262295082,,8.19672131147541,
Gemma-4-E4B,33,0.0,,,,0.0,2.083333333333333,4.166666666666666,4.166666666666666,2.083333333333333,4.166666666666666,,22.916666666666664,
Gemma-4-E4B,34,5.128205128205128,,,,2.564102564102564,2.564102564102564,0.0,2.564102564102564,7.6923076923076925,2.564102564102564,,12.82051282051282,
Gemma-4-E4B,35,1.7857142857142856,,,,5.357142857142857,1.7857142857142856,5.357142857142857,3.571428571428571,5.357142857142857,3.571428571428571,,19.642857142857142,
Gemma-4-E4B,36,0.0,,,,4.166666666666666,12.5,2.083333333333333,2.083333333333333,6.25,6.25,,41.66666666666667,
Gemma-4-E4B,37,3.191489361702128,,,,3.191489361702128,3.191489361702128,4.25531914893617,3.191489361702128,4.25531914893617,7.446808510638298,,25.53191489361702,
Gemma-4-E4B,38,0.0,,,,1.9230769230769231,3.8461538461538463,5.769230769230769,3.8461538461538463,1.9230769230769231,3.8461538461538463,,19.23076923076924,
Gemma-4-E4B,39,17.24137931034483,,,,17.24137931034483,24.13793103448276,20.6896551724138,13.79310344827586,20.6896551724138,17.24137931034483,,31.03448275862069,
Gemma-4-E4B,40,2.5,,,,5.0,7.5,5.0,6.25,11.25,6.25,,13.750000000000002,
Gemma-4-E4B,41,4.25531914893617,,,,10.638297872340424,10.638297872340424,8.51063829787234,6.382978723404255,14.893617021276595,17.02127659574468,,34.04255319148936,
Gemma-4-E4B,42,0.0,,,,7.4074074074074066,5.555555555555555,1.851851851851852,3.7037037037037033,7.4074074074074066,9.25925925925926,,18.51851851851852,
Gemma-4-E4B,43,4.285714285714286,,,,2.857142857142857,5.714285714285714,2.857142857142857,4.285714285714286,5.714285714285714,0.0,,17.142857142857142,
Gemma-4-E4B,44,16.666666666666664,,,,20.0,10.0,16.666666666666664,26.666666666666668,20.0,13.333333333333334,,26.666666666666668,
Gemma-4-E4B,45,9.375,,,,12.5,6.25,3.125,6.25,18.75,15.625,,46.875,
Gemma-4-E4B,46,10.526315789473683,,,,5.263157894736842,7.017543859649122,8.771929824561402,8.771929824561402,7.017543859649122,8.771929824561402,,21.052631578947366,
Gemma-4-E4B,47,3.076923076923077,,,,1.5384615384615383,1.5384615384615383,6.153846153846154,4.615384615384616,1.5384615384615383,3.076923076923077,,29.23076923076924,
Gemma-4-E4B,48,6.666666666666667,,,,4.444444444444445,8.88888888888889,6.666666666666667,4.444444444444445,15.555555555555555,20.0,,20.0,
Gemma-4-E4B,49,14.893617021276595,,,,14.893617021276595,8.51063829787234,12.76595744680851,14.893617021276595,4.25531914893617,21.27659574468085,,31.91489361702128,
Gemma-4-E4B,50,6.557377049180328,,,,4.918032786885246,4.918032786885246,6.557377049180328,9.836065573770492,6.557377049180328,0.0,,13.114754098360656,
Gemma-4-E4B,51,3.225806451612903,,,,8.064516129032258,9.67741935483871,6.451612903225806,4.838709677419355,4.838709677419355,6.451612903225806,,11.29032258064516,
Gemma-4-E4B,52,8.108108108108109,,,,8.108108108108109,5.405405405405405,10.81081081081081,18.91891891891892,5.405405405405405,0.0,,43.24324324324324,
Gemma-4-E4B,53,1.5873015873015872,,,,4.761904761904762,1.5873015873015872,7.936507936507936,7.936507936507936,3.1746031746031744,0.0,,20.63492063492064,
Gemma-4-E4B,54,3.09278350515464,,,,6.185567010309279,6.185567010309279,11.34020618556701,9.278350515463918,5.154639175257731,0.0,,22.68041237113402,
Gemma-4-E4B,55,1.6129032258064515,,,,4.838709677419355,0.0,4.838709677419355,0.0,6.451612903225806,3.225806451612903,,6.451612903225806,
Gemma-4-E4B,56,5.263157894736842,,,,6.578947368421052,2.631578947368421,9.210526315789473,9.210526315789473,2.631578947368421,0.0,,13.157894736842104,
Gemma-4-E4B,57,2.380952380952381,,,,9.523809523809524,4.761904761904762,9.523809523809524,7.142857142857142,7.142857142857142,9.523809523809524,,21.428571428571427,
Gemma-4-E4B,58,1.4492753623188406,,,,4.3478260869565215,5.797101449275362,5.797101449275362,2.898550724637681,7.246376811594203,4.3478260869565215,,13.043478260869565,
Gemma-4-E4B,59,5.0,,,,5.0,5.0,6.666666666666667,8.333333333333332,6.666666666666667,8.333333333333332,,25.0,
Gemma-4-E4B,60,0.0,,,,4.285714285714286,4.285714285714286,5.714285714285714,2.857142857142857,7.142857142857142,10.0,,21.428571428571427,
Gemma-4-E4B,61,7.6923076923076925,,,,5.769230769230769,5.769230769230769,9.615384615384617,7.6923076923076925,7.6923076923076925,11.538461538461538,,23.07692307692308,
Gemma-4-E4B,62,4.545454545454546,,,,6.8181818181818175,6.8181818181818175,11.363636363636363,9.090909090909092,13.636363636363637,11.363636363636363,,34.090909090909086,
Gemma-4-E4B,63,18.75,,,,12.5,21.875,34.375,21.875,12.5,18.75,,34.375,
Gemma-4-E4B,64,4.10958904109589,,,,1.36986301369863,1.36986301369863,4.10958904109589,2.73972602739726,1.36986301369863,4.10958904109589,,15.068493150684931,
Gemma-4-E4B,65,4.285714285714286,,,,5.714285714285714,5.714285714285714,8.571428571428571,7.142857142857142,5.714285714285714,10.0,,18.571428571428573,
Gemma-4-E4B,66,9.090909090909092,,,,6.8181818181818175,6.8181818181818175,9.090909090909092,13.636363636363637,15.909090909090908,6.8181818181818175,,34.090909090909086,
Gemma-4-E4B,67,4.6875,,,,4.6875,4.6875,10.9375,10.9375,3.125,10.9375,,34.375,
Gemma-4-E4B,68,0.0,,,,2.857142857142857,2.857142857142857,4.285714285714286,5.714285714285714,7.142857142857142,7.142857142857142,,24.285714285714285,
Gemma-4-E4B,69,11.76470588235294,,,,14.705882352941178,14.705882352941178,14.705882352941178,17.647058823529413,17.647058823529413,17.647058823529413,,38.23529411764706,
Gemma-4-E4B,70,4.477611940298507,,,,7.462686567164178,5.970149253731343,5.970149253731343,8.955223880597014,13.432835820895525,11.940298507462686,,13.432835820895525,
Gemma-4-E4B,71,0.0,,,,2.083333333333333,4.166666666666666,6.25,8.333333333333332,6.25,6.25,,22.916666666666664,
Gemma-4-E4B,72,10.0,,,,13.333333333333334,13.333333333333334,13.333333333333334,20.0,13.333333333333334,13.333333333333334,,30.0,
Gemma-4-E4B,73,5.633802816901409,,,,8.450704225352112,8.450704225352112,7.042253521126761,8.450704225352112,12.676056338028168,11.267605633802818,,18.30985915492958,
Gemma-4-E4B,74,8.928571428571429,,,,8.928571428571429,7.142857142857142,7.142857142857142,5.357142857142857,7.142857142857142,5.357142857142857,,35.714285714285715,
Gemma-4-E4B,75,6.024096385542169,,,,2.409638554216868,1.2048192771084338,3.614457831325301,2.409638554216868,2.409638554216868,6.024096385542169,,10.843373493975903,
Gemma-4-E4B,76,24.13793103448276,,,,10.344827586206897,13.79310344827586,17.24137931034483,24.13793103448276,13.79310344827586,31.03448275862069,,6.896551724137931,
Gemma-4-E4B,77,1.3157894736842104,,,,3.947368421052632,7.894736842105263,5.263157894736842,7.894736842105263,6.578947368421052,7.894736842105263,,23.684210526315788,
Gemma-4-E4B,78,13.636363636363637,,,,13.636363636363637,13.636363636363637,18.181818181818183,13.636363636363637,18.181818181818183,22.727272727272727,,18.181818181818183,
Gemma-4-E4B,79,10.20408163265306,,,,8.16326530612245,4.081632653061225,6.122448979591836,10.20408163265306,8.16326530612245,8.16326530612245,,28.57142857142857,
Gemma-4-E4B,80,3.4482758620689653,,,,3.4482758620689653,5.172413793103448,6.896551724137931,6.896551724137931,3.4482758620689653,5.172413793103448,,18.96551724137931,
Magistral-Small,0,11.320754716981131,9.433962264150944,9.433962264150944,11.320754716981131,9.433962264150944,9.433962264150944,9.433962264150944,7.547169811320755,3.7735849056603774,9.433962264150944,9.433962264150944,16.9811320754717,9.433962264150944
Magistral-Small,1,19.444444444444446,16.666666666666664,13.88888888888889,13.88888888888889,16.666666666666664,16.666666666666664,16.666666666666664,8.333333333333332,8.333333333333332,22.22222222222222,13.88888888888889,27.77777777777778,11.11111111111111
Magistral-Small,2,30.303030303030305,9.090909090909092,21.21212121212121,21.21212121212121,24.24242424242424,30.303030303030305,12.12121212121212,21.21212121212121,18.181818181818183,18.181818181818183,24.24242424242424,30.303030303030305,15.151515151515152
Magistral-Small,3,15.909090909090908,15.909090909090908,11.363636363636363,18.181818181818183,18.181818181818183,6.8181818181818175,13.636363636363637,9.090909090909092,11.363636363636363,13.636363636363637,11.363636363636363,27.27272727272727,11.363636363636363
Magistral-Small,4,6.8181818181818175,2.272727272727273,9.090909090909092,4.545454545454546,9.090909090909092,6.8181818181818175,6.8181818181818175,6.8181818181818175,11.363636363636363,6.8181818181818175,4.545454545454546,22.727272727272727,9.090909090909092
Magistral-Small,5,11.11111111111111,9.25925925925926,5.555555555555555,5.555555555555555,9.25925925925926,11.11111111111111,12.962962962962962,9.25925925925926,12.962962962962962,7.4074074074074066,11.11111111111111,16.666666666666664,12.962962962962962
Magistral-Small,6,9.230769230769232,9.230769230769232,7.6923076923076925,6.153846153846154,4.615384615384616,12.307692307692308,9.230769230769232,7.6923076923076925,7.6923076923076925,7.6923076923076925,12.307692307692308,13.846153846153848,7.6923076923076925
Magistral-Small,7,15.909090909090908,11.363636363636363,13.636363636363637,11.363636363636363,13.636363636363637,15.909090909090908,15.909090909090908,13.636363636363637,13.636363636363637,15.909090909090908,22.727272727272727,18.181818181818183,13.636363636363635
Magistral-Small,8,3.389830508474576,3.389830508474576,3.389830508474576,3.389830508474576,10.16949152542373,5.084745762711865,6.779661016949152,8.47457627118644,3.389830508474576,6.779661016949152,8.47457627118644,20.33898305084746,5.084745762711865
Magistral-Small,9,15.384615384615383,15.384615384615383,17.94871794871795,15.384615384615383,23.07692307692308,20.51282051282051,17.94871794871795,17.94871794871795,17.94871794871795,12.82051282051282,17.94871794871795,23.07692307692308,12.82051282051282
Magistral-Small,10,25.0,20.833333333333336,29.166666666666668,25.0,25.0,16.666666666666664,8.333333333333332,25.0,20.833333333333336,20.833333333333336,16.666666666666664,20.833333333333336,16.666666666666664
Magistral-Small,11,8.928571428571429,7.142857142857142,10.714285714285714,10.714285714285714,8.928571428571429,7.142857142857142,14.285714285714285,8.928571428571429,7.142857142857142,8.928571428571429,12.5,16.071428571428573,12.5
Magistral-Small,12,13.79310344827586,20.6896551724138,13.79310344827586,17.24137931034483,10.344827586206897,13.79310344827586,24.13793103448276,20.6896551724138,6.896551724137931,17.24137931034483,13.79310344827586,20.6896551724138,13.793103448275861
Magistral-Small,13,9.67741935483871,9.67741935483871,9.67741935483871,8.064516129032258,12.903225806451612,4.838709677419355,8.064516129032258,9.67741935483871,6.451612903225806,6.451612903225806,9.67741935483871,17.741935483870968,6.451612903225806
Magistral-Small,14,8.16326530612245,0.0,8.16326530612245,8.16326530612245,6.122448979591836,8.16326530612245,10.20408163265306,8.16326530612245,10.20408163265306,8.16326530612245,10.20408163265306,14.285714285714285,4.081632653061225
Magistral-Small,15,9.25925925925926,9.25925925925926,11.11111111111111,12.962962962962962,9.25925925925926,9.25925925925926,9.25925925925926,12.962962962962962,9.25925925925926,12.962962962962962,12.962962962962962,29.629629629629623,9.25925925925926
Magistral-Small,16,21.21212121212121,15.151515151515152,12.12121212121212,18.181818181818183,24.24242424242424,18.181818181818183,18.181818181818183,24.24242424242424,21.21212121212121,21.21212121212121,27.27272727272727,27.27272727272727,15.151515151515152
Magistral-Small,17,8.333333333333332,12.5,8.333333333333332,8.333333333333332,16.666666666666664,12.5,6.25,10.416666666666668,12.5,12.5,8.333333333333332,20.833333333333336,14.583333333333334
Magistral-Small,18,3.333333333333333,5.0,5.0,5.0,3.333333333333333,5.0,5.0,3.333333333333333,10.0,6.666666666666667,8.333333333333332,13.333333333333334,3.3333333333333335
Magistral-Small,19,14.285714285714285,9.523809523809524,7.142857142857142,7.142857142857142,7.142857142857142,9.523809523809524,9.523809523809524,21.428571428571427,7.142857142857142,21.428571428571427,16.666666666666664,16.666666666666664,14.285714285714285
Magistral-Small,20,16.216216216216218,18.91891891891892,27.027027027027028,16.216216216216218,21.62162162162162,18.91891891891892,16.216216216216218,21.62162162162162,16.216216216216218,27.027027027027028,24.324324324324326,24.324324324324326,18.91891891891892
Magistral-Small,21,3.8461538461538463,9.615384615384617,7.6923076923076925,11.538461538461538,5.769230769230769,11.538461538461538,7.6923076923076925,11.538461538461538,5.769230769230769,5.769230769230769,13.461538461538462,13.461538461538462,13.461538461538462
Magistral-Small,22,10.76923076923077,9.230769230769232,9.230769230769232,9.230769230769232,7.6923076923076925,12.307692307692308,12.307692307692308,15.384615384615383,13.846153846153848,7.6923076923076925,9.230769230769232,20.0,12.307692307692308
Magistral-Small,23,10.638297872340424,19.148936170212767,10.638297872340424,10.638297872340424,19.148936170212767,17.02127659574468,6.382978723404255,12.76595744680851,21.27659574468085,21.27659574468085,17.02127659574468,10.638297872340424,10.638297872340425
Magistral-Small,24,12.280701754385964,7.017543859649122,7.017543859649122,12.280701754385964,10.526315789473683,8.771929824561402,12.280701754385964,14.035087719298245,8.771929824561402,10.526315789473683,12.280701754385964,10.526315789473683,7.017543859649122
Magistral-Small,25,5.769230769230769,3.8461538461538463,1.9230769230769231,9.615384615384617,5.769230769230769,1.9230769230769231,3.8461538461538463,5.769230769230769,9.615384615384617,13.461538461538462,9.615384615384617,13.461538461538462,5.769230769230769
Magistral-Small,26,8.19672131147541,4.918032786885246,4.918032786885246,11.475409836065571,9.836065573770492,6.557377049180328,9.836065573770492,6.557377049180328,8.19672131147541,8.19672131147541,9.836065573770492,14.754098360655735,6.557377049180328
Magistral-Small,27,9.090909090909092,3.636363636363636,7.272727272727272,5.454545454545454,3.636363636363636,3.636363636363636,3.636363636363636,3.636363636363636,5.454545454545454,3.636363636363636,1.818181818181818,18.181818181818183,7.2727272727272725
Magistral-Small,28,7.317073170731707,7.317073170731707,2.4390243902439024,7.317073170731707,7.317073170731707,4.878048780487805,7.317073170731707,4.878048780487805,2.4390243902439024,9.75609756097561,7.317073170731707,12.195121951219512,9.75609756097561
Magistral-Small,29,45.0,40.0,45.0,30.0,25.0,40.0,35.0,40.0,35.0,30.0,25.0,35.0,55.00000000000001
Magistral-Small,30,20.0,15.0,20.0,15.0,15.0,25.0,20.0,15.0,15.0,20.0,10.0,20.0,20.0
Magistral-Small,31,4.761904761904762,4.761904761904762,14.285714285714285,14.285714285714285,21.428571428571427,16.666666666666664,7.142857142857142,11.904761904761903,19.047619047619047,19.047619047619047,19.047619047619047,19.047619047619047,9.523809523809524
Magistral-Small,32,1.639344262295082,8.19672131147541,3.278688524590164,9.836065573770492,4.918032786885246,4.918032786885246,8.19672131147541,4.918032786885246,3.278688524590164,4.918032786885246,8.19672131147541,13.114754098360656,3.278688524590164
Magistral-Small,33,6.25,2.083333333333333,4.166666666666666,6.25,2.083333333333333,6.25,2.083333333333333,4.166666666666666,6.25,2.083333333333333,6.25,18.75,6.25
Magistral-Small,34,2.564102564102564,2.564102564102564,10.256410256410255,5.128205128205128,5.128205128205128,5.128205128205128,2.564102564102564,2.564102564102564,5.128205128205128,2.564102564102564,7.6923076923076925,12.82051282051282,2.564102564102564
Magistral-Small,35,17.857142857142858,8.928571428571429,8.928571428571429,10.714285714285714,5.357142857142857,8.928571428571429,8.928571428571429,14.285714285714285,8.928571428571429,12.5,8.928571428571429,12.5,14.285714285714285
Magistral-Small,36,0.0,6.25,2.083333333333333,4.166666666666666,6.25,20.833333333333336,0.0,2.083333333333333,6.25,6.25,6.25,22.916666666666664,8.333333333333332
Magistral-Small,37,8.51063829787234,7.446808510638298,4.25531914893617,2.127659574468085,7.446808510638298,5.319148936170213,6.382978723404255,7.446808510638298,4.25531914893617,6.382978723404255,8.51063829787234,11.702127659574469,4.25531914893617
Magistral-Small,38,5.769230769230769,3.8461538461538463,3.8461538461538463,3.8461538461538463,3.8461538461538463,3.8461538461538463,3.8461538461538463,5.769230769230769,5.769230769230769,5.769230769230769,5.769230769230769,21.15384615384616,3.8461538461538463
Magistral-Small,39,27.58620689655172,13.79310344827586,13.79310344827586,17.24137931034483,24.13793103448276,17.24137931034483,17.24137931034483,17.24137931034483,13.79310344827586,24.13793103448276,13.79310344827586,17.24137931034483,17.24137931034483
Magistral-Small,40,5.0,7.5,3.75,6.25,2.5,6.25,6.25,5.0,7.5,7.5,6.25,6.25,7.5
Magistral-Small,41,4.25531914893617,8.51063829787234,10.638297872340424,6.382978723404255,12.76595744680851,19.148936170212767,23.404255319148938,10.638297872340424,12.76595744680851,12.76595744680851,14.893617021276595,25.53191489361702,23.404255319148938
Magistral-Small,42,5.555555555555555,11.11111111111111,9.25925925925926,5.555555555555555,7.4074074074074066,1.851851851851852,7.4074074074074066,11.11111111111111,3.7037037037037033,5.555555555555555,9.25925925925926,5.555555555555555,12.962962962962962
Magistral-Small,43,11.428571428571429,4.285714285714286,7.142857142857142,7.142857142857142,8.571428571428571,10.0,10.0,15.714285714285714,7.142857142857142,11.428571428571429,11.428571428571429,12.857142857142856,10.0
Magistral-Small,44,23.33333333333333,16.666666666666664,13.333333333333334,13.333333333333334,6.666666666666667,20.0,23.33333333333333,16.666666666666664,16.666666666666664,23.33333333333333,23.33333333333333,16.666666666666664,16.666666666666664
Magistral-Small,45,12.5,6.25,9.375,6.25,9.375,6.25,3.125,6.25,12.5,15.625,18.75,21.875,9.375
Magistral-Small,46,12.280701754385964,8.771929824561402,8.771929824561402,8.771929824561402,7.017543859649122,5.263157894736842,12.280701754385964,12.280701754385964,7.017543859649122,8.771929824561402,14.035087719298245,21.052631578947366,14.035087719298245
Magistral-Small,47,4.615384615384616,12.307692307692308,6.153846153846154,13.846153846153848,10.76923076923077,12.307692307692308,10.76923076923077,7.6923076923076925,6.153846153846154,4.615384615384616,13.846153846153848,27.692307692307693,12.307692307692308
Magistral-Small,48,6.666666666666667,8.88888888888889,6.666666666666667,13.333333333333334,8.88888888888889,22.22222222222222,11.11111111111111,8.88888888888889,24.444444444444443,13.333333333333334,15.555555555555555,24.444444444444443,11.11111111111111
Magistral-Small,49,23.404255319148938,10.638297872340424,12.76595744680851,21.27659574468085,17.02127659574468,17.02127659574468,17.02127659574468,17.02127659574468,14.893617021276595,17.02127659574468,27.659574468085108,19.148936170212767,17.02127659574468
Magistral-Small,50,11.475409836065571,9.836065573770492,8.19672131147541,8.19672131147541,8.19672131147541,9.836065573770492,8.19672131147541,8.19672131147541,9.836065573770492,11.475409836065571,16.39344262295082,19.672131147540984,11.475409836065573
Magistral-Small,51,6.451612903225806,6.451612903225806,3.225806451612903,16.129032258064516,8.064516129032258,4.838709677419355,8.064516129032258,6.451612903225806,6.451612903225806,6.451612903225806,8.064516129032258,19.35483870967742,8.064516129032258
Magistral-Small,52,18.91891891891892,5.405405405405405,5.405405405405405,5.405405405405405,8.108108108108109,8.108108108108109,10.81081081081081,8.108108108108109,18.91891891891892,21.62162162162162,18.91891891891892,27.027027027027028,8.108108108108109
Magistral-Small,53,7.936507936507936,6.349206349206349,6.349206349206349,12.698412698412698,11.11111111111111,9.523809523809524,6.349206349206349,9.523809523809524,9.523809523809524,11.11111111111111,11.11111111111111,17.46031746031746,7.936507936507936
Magistral-Small,54,8.24742268041237,11.34020618556701,6.185567010309279,7.216494845360824,5.154639175257731,5.154639175257731,9.278350515463918,10.309278350515465,6.185567010309279,13.402061855670103,8.24742268041237,21.649484536082475,8.24742268041237
Magistral-Small,55,8.064516129032258,8.064516129032258,6.451612903225806,4.838709677419355,4.838709677419355,4.838709677419355,9.67741935483871,4.838709677419355,6.451612903225806,3.225806451612903,6.451612903225806,16.129032258064516,3.225806451612903
Magistral-Small,56,7.894736842105263,6.578947368421052,10.526315789473683,6.578947368421052,7.894736842105263,6.578947368421052,11.842105263157894,11.842105263157894,9.210526315789473,6.578947368421052,6.578947368421052,10.526315789473683,5.263157894736842
Magistral-Small,57,16.666666666666664,4.761904761904762,7.142857142857142,11.904761904761903,11.904761904761903,9.523809523809524,16.666666666666664,9.523809523809524,11.904761904761903,16.666666666666664,7.142857142857142,21.428571428571427,14.285714285714285
Magistral-Small,58,4.3478260869565215,2.898550724637681,2.898550724637681,1.4492753623188406,5.797101449275362,4.3478260869565215,4.3478260869565215,4.3478260869565215,4.3478260869565215,2.898550724637681,4.3478260869565215,13.043478260869565,2.898550724637681
Magistral-Small,59,6.666666666666667,8.333333333333332,6.666666666666667,6.666666666666667,6.666666666666667,6.666666666666667,5.0,5.0,6.666666666666667,6.666666666666667,8.333333333333332,8.333333333333332,8.333333333333332
Magistral-Small,60,5.714285714285714,7.142857142857142,10.0,4.285714285714286,2.857142857142857,5.714285714285714,4.285714285714286,7.142857142857142,4.285714285714286,7.142857142857142,5.714285714285714,22.857142857142858,5.714285714285714
Magistral-Small,61,13.461538461538462,13.461538461538462,9.615384615384617,13.461538461538462,5.769230769230769,19.23076923076924,13.461538461538462,17.307692307692307,9.615384615384617,11.538461538461538,9.615384615384617,26.923076923076923,11.538461538461538
Magistral-Small,62,20.454545454545457,13.636363636363637,6.8181818181818175,15.909090909090908,20.454545454545457,18.181818181818183,15.909090909090908,13.636363636363637,15.909090909090908,9.090909090909092,15.909090909090908,36.36363636363637,22.727272727272727
Magistral-Small,63,21.875,15.625,12.5,15.625,15.625,21.875,25.0,18.75,15.625,28.125,12.5,37.5,25.0
Magistral-Small,64,9.58904109589041,8.21917808219178,4.10958904109589,8.21917808219178,2.73972602739726,1.36986301369863,9.58904109589041,8.21917808219178,4.10958904109589,6.849315068493151,15.068493150684931,23.28767123287671,5.47945205479452
Magistral-Small,65,2.857142857142857,5.714285714285714,5.714285714285714,7.142857142857142,4.285714285714286,5.714285714285714,7.142857142857142,7.142857142857142,1.4285714285714286,5.714285714285714,11.428571428571429,11.428571428571429,8.571428571428571
Magistral-Small,66,6.8181818181818175,11.363636363636363,2.272727272727273,9.090909090909092,11.363636363636363,13.636363636363637,13.636363636363637,4.545454545454546,15.909090909090908,15.909090909090908,15.909090909090908,27.27272727272727,9.090909090909092
Magistral-Small,67,12.5,7.8125,9.375,10.9375,9.375,9.375,12.5,10.9375,10.9375,12.5,14.0625,21.875,12.5
Magistral-Small,68,5.714285714285714,5.714285714285714,7.142857142857142,7.142857142857142,4.285714285714286,7.142857142857142,7.142857142857142,7.142857142857142,7.142857142857142,8.571428571428571,7.142857142857142,11.428571428571429,2.857142857142857
Magistral-Small,69,14.705882352941178,8.823529411764707,14.705882352941178,11.76470588235294,17.647058823529413,5.88235294117647,14.705882352941178,14.705882352941178,11.76470588235294,14.705882352941178,23.52941176470588,44.11764705882353,8.823529411764707
Magistral-Small,70,4.477611940298507,4.477611940298507,4.477611940298507,4.477611940298507,4.477611940298507,10.44776119402985,4.477611940298507,8.955223880597014,5.970149253731343,7.462686567164178,7.462686567164178,14.925373134328357,4.477611940298507
Magistral-Small,71,6.25,10.416666666666668,8.333333333333332,6.25,4.166666666666666,8.333333333333332,8.333333333333332,8.333333333333332,6.25,8.333333333333332,10.416666666666668,14.583333333333334,8.333333333333332
Magistral-Small,72,6.666666666666667,16.666666666666664,16.666666666666664,13.333333333333334,10.0,6.666666666666667,13.333333333333334,20.0,13.333333333333334,13.333333333333334,20.0,33.33333333333333,20.0
Magistral-Small,73,11.267605633802818,11.267605633802818,12.676056338028168,7.042253521126761,8.450704225352112,5.633802816901409,11.267605633802818,16.901408450704224,12.676056338028168,8.450704225352112,16.901408450704224,19.718309859154928,9.859154929577464
Magistral-Small,74,8.928571428571429,3.571428571428571,5.357142857142857,10.714285714285714,17.857142857142858,7.142857142857142,5.357142857142857,12.5,14.285714285714285,5.357142857142857,10.714285714285714,17.857142857142858,19.642857142857142
Magistral-Small,75,8.433734939759036,2.409638554216868,8.433734939759036,3.614457831325301,4.819277108433735,3.614457831325301,6.024096385542169,6.024096385542169,7.228915662650602,7.228915662650602,4.819277108433735,14.457831325301203,6.024096385542169
Magistral-Small,76,17.24137931034483,17.24137931034483,24.13793103448276,24.13793103448276,27.58620689655172,17.24137931034483,17.24137931034483,20.6896551724138,17.24137931034483,20.6896551724138,17.24137931034483,27.58620689655172,27.586206896551722
Magistral-Small,77,3.947368421052632,6.578947368421052,5.263157894736842,5.263157894736842,5.263157894736842,5.263157894736842,7.894736842105263,6.578947368421052,7.894736842105263,7.894736842105263,10.526315789473683,11.842105263157894,9.210526315789473
Magistral-Small,78,31.818181818181817,22.727272727272727,36.36363636363637,27.27272727272727,27.27272727272727,13.636363636363637,27.27272727272727,27.27272727272727,22.727272727272727,22.727272727272727,27.27272727272727,40.909090909090914,31.818181818181817
Magistral-Small,79,12.244897959183673,12.244897959183673,6.122448979591836,6.122448979591836,12.244897959183673,6.122448979591836,10.20408163265306,6.122448979591836,14.285714285714285,8.16326530612245,10.20408163265306,14.285714285714285,10.204081632653061
Magistral-Small,80,10.344827586206897,6.896551724137931,10.344827586206897,5.172413793103448,6.896551724137931,8.620689655172415,8.620689655172415,12.06896551724138,8.620689655172415,10.344827586206897,10.344827586206897,17.24137931034483,12.068965517241379
Mistral-Small-3.2,0,7.547169811320755,9.433962264150944,11.320754716981131,13.20754716981132,9.433962264150944,9.433962264150944,7.547169811320755,7.547169811320755,5.660377358490567,5.660377358490567,9.433962264150944,16.9811320754717,11.320754716981133
Mistral-Small-3.2,1,16.666666666666664,13.88888888888889,13.88888888888889,13.88888888888889,22.22222222222222,16.666666666666664,16.666666666666664,16.666666666666664,22.22222222222222,16.666666666666664,16.666666666666664,36.11111111111111,16.666666666666664
Mistral-Small-3.2,2,18.181818181818183,15.151515151515152,9.090909090909092,18.181818181818183,3.0303030303030303,15.151515151515152,18.181818181818183,15.151515151515152,21.21212121212121,21.21212121212121,21.21212121212121,45.45454545454545,9.090909090909092
Mistral-Small-3.2,3,11.363636363636363,15.909090909090908,13.636363636363637,9.090909090909092,15.909090909090908,4.545454545454546,11.363636363636363,15.909090909090908,9.090909090909092,9.090909090909092,15.909090909090908,15.909090909090908,13.636363636363635
Mistral-Small-3.2,4,4.545454545454546,4.545454545454546,6.8181818181818175,4.545454545454546,6.8181818181818175,4.545454545454546,2.272727272727273,4.545454545454546,9.090909090909092,2.272727272727273,9.090909090909092,11.363636363636363,11.363636363636363
Mistral-Small-3.2,5,9.25925925925926,9.25925925925926,9.25925925925926,11.11111111111111,11.11111111111111,7.4074074074074066,9.25925925925926,11.11111111111111,5.555555555555555,5.555555555555555,7.4074074074074066,18.51851851851852,5.555555555555555
Mistral-Small-3.2,6,13.846153846153848,4.615384615384616,4.615384615384616,4.615384615384616,13.846153846153848,1.5384615384615383,9.230769230769232,6.153846153846154,7.6923076923076925,7.6923076923076925,9.230769230769232,10.76923076923077,18.461538461538463
Mistral-Small-3.2,7,15.909090909090908,13.636363636363637,6.8181818181818175,15.909090909090908,15.909090909090908,15.909090909090908,11.363636363636363,11.363636363636363,18.181818181818183,15.909090909090908,15.909090909090908,18.181818181818183,11.363636363636363
Mistral-Small-3.2,8,3.389830508474576,3.389830508474576,3.389830508474576,3.389830508474576,1.694915254237288,3.389830508474576,10.16949152542373,8.47457627118644,3.389830508474576,1.694915254237288,1.694915254237288,20.33898305084746,6.779661016949152
Mistral-Small-3.2,9,5.128205128205128,12.82051282051282,12.82051282051282,15.384615384615383,17.94871794871795,17.94871794871795,20.51282051282051,15.384615384615383,10.256410256410255,15.384615384615383,20.51282051282051,23.07692307692308,20.51282051282051
Mistral-Small-3.2,10,20.833333333333336,16.666666666666664,8.333333333333332,12.5,16.666666666666664,20.833333333333336,8.333333333333332,16.666666666666664,20.833333333333336,20.833333333333336,12.5,29.166666666666668,29.166666666666668
Mistral-Small-3.2,11,12.5,10.714285714285714,8.928571428571429,10.714285714285714,8.928571428571429,7.142857142857142,8.928571428571429,10.714285714285714,7.142857142857142,8.928571428571429,12.5,12.5,10.714285714285714
Mistral-Small-3.2,12,17.24137931034483,10.344827586206897,10.344827586206897,13.79310344827586,10.344827586206897,17.24137931034483,27.58620689655172,20.6896551724138,6.896551724137931,17.24137931034483,20.6896551724138,17.24137931034483,17.24137931034483
Mistral-Small-3.2,13,11.29032258064516,8.064516129032258,12.903225806451612,9.67741935483871,9.67741935483871,6.451612903225806,4.838709677419355,6.451612903225806,8.064516129032258,4.838709677419355,8.064516129032258,14.516129032258066,4.838709677419355
Mistral-Small-3.2,14,2.0408163265306123,2.0408163265306123,4.081632653061225,2.0408163265306123,4.081632653061225,8.16326530612245,12.244897959183673,2.0408163265306123,2.0408163265306123,6.122448979591836,8.16326530612245,16.3265306122449,8.16326530612245
Mistral-Small-3.2,15,11.11111111111111,7.4074074074074066,9.25925925925926,9.25925925925926,9.25925925925926,12.962962962962962,11.11111111111111,9.25925925925926,12.962962962962962,12.962962962962962,11.11111111111111,16.666666666666664,12.962962962962962
Mistral-Small-3.2,16,15.151515151515152,15.151515151515152,18.181818181818183,15.151515151515152,18.181818181818183,12.12121212121212,12.12121212121212,21.21212121212121,12.12121212121212,15.151515151515152,18.181818181818183,21.21212121212121,15.151515151515152
Mistral-Small-3.2,17,6.25,6.25,6.25,8.333333333333332,8.333333333333332,8.333333333333332,4.166666666666666,10.416666666666668,10.416666666666668,12.5,16.666666666666664,22.916666666666664,10.416666666666668
Mistral-Small-3.2,18,5.0,8.333333333333332,3.333333333333333,1.6666666666666667,6.666666666666667,6.666666666666667,5.0,6.666666666666667,5.0,8.333333333333332,5.0,21.666666666666668,5.0
Mistral-Small-3.2,19,7.142857142857142,7.142857142857142,7.142857142857142,2.380952380952381,4.761904761904762,7.142857142857142,11.904761904761903,9.523809523809524,11.904761904761903,11.904761904761903,11.904761904761903,16.666666666666664,9.523809523809524
Mistral-Small-3.2,20,13.513513513513514,10.81081081081081,16.216216216216218,16.216216216216218,21.62162162162162,13.513513513513514,10.81081081081081,13.513513513513514,16.216216216216218,18.91891891891892,18.91891891891892,24.324324324324326,21.62162162162162
Mistral-Small-3.2,21,11.538461538461538,5.769230769230769,7.6923076923076925,5.769230769230769,7.6923076923076925,7.6923076923076925,7.6923076923076925,7.6923076923076925,7.6923076923076925,15.384615384615383,9.615384615384617,13.461538461538462,7.6923076923076925
Mistral-Small-3.2,22,6.153846153846154,7.6923076923076925,6.153846153846154,6.153846153846154,12.307692307692308,9.230769230769232,12.307692307692308,6.153846153846154,9.230769230769232,10.76923076923077,10.76923076923077,13.846153846153848,9.230769230769232
Mistral-Small-3.2,23,19.148936170212767,14.893617021276595,4.25531914893617,14.893617021276595,12.76595744680851,21.27659574468085,14.893617021276595,19.148936170212767,19.148936170212767,17.02127659574468,23.404255319148938,25.53191489361702,19.148936170212767
Mistral-Small-3.2,24,7.017543859649122,10.526315789473683,7.017543859649122,5.263157894736842,8.771929824561402,7.017543859649122,12.280701754385964,8.771929824561402,7.017543859649122,12.280701754385964,12.280701754385964,10.526315789473683,7.017543859649122
Mistral-Small-3.2,25,3.8461538461538463,3.8461538461538463,3.8461538461538463,9.615384615384617,5.769230769230769,1.9230769230769231,5.769230769230769,7.6923076923076925,11.538461538461538,9.615384615384617,9.615384615384617,25.0,9.615384615384617
Mistral-Small-3.2,26,8.19672131147541,11.475409836065571,8.19672131147541,8.19672131147541,9.836065573770492,11.475409836065571,8.19672131147541,8.19672131147541,4.918032786885246,4.918032786885246,6.557377049180328,14.754098360655735,6.557377049180328
Mistral-Small-3.2,27,10.909090909090908,3.636363636363636,7.272727272727272,0.0,9.090909090909092,16.363636363636363,3.636363636363636,1.818181818181818,10.909090909090908,9.090909090909092,7.272727272727272,21.818181818181817,9.090909090909092
Mistral-Small-3.2,28,0.0,7.317073170731707,7.317073170731707,2.4390243902439024,0.0,0.0,7.317073170731707,9.75609756097561,0.0,7.317073170731707,2.4390243902439024,9.75609756097561,7.317073170731707
Mistral-Small-3.2,29,30.0,20.0,25.0,30.0,20.0,25.0,40.0,35.0,30.0,30.0,45.0,25.0,30.0
Mistral-Small-3.2,30,15.0,10.0,15.0,15.0,10.0,10.0,15.0,15.0,20.0,15.0,15.0,15.0,20.0
Mistral-Small-3.2,31,9.523809523809524,9.523809523809524,9.523809523809524,9.523809523809524,19.047619047619047,19.047619047619047,19.047619047619047,11.904761904761903,19.047619047619047,9.523809523809524,19.047619047619047,16.666666666666664,9.523809523809524
Mistral-Small-3.2,32,4.918032786885246,0.0,4.918032786885246,1.639344262295082,3.278688524590164,9.836065573770492,6.557377049180328,4.918032786885246,4.918032786885246,6.557377049180328,4.918032786885246,18.0327868852459,3.278688524590164
Mistral-Small-3.2,33,14.583333333333334,8.333333333333332,2.083333333333333,14.583333333333334,2.083333333333333,2.083333333333333,2.083333333333333,2.083333333333333,10.416666666666668,2.083333333333333,8.333333333333332,18.75,4.166666666666666
Mistral-Small-3.2,34,2.564102564102564,2.564102564102564,5.128205128205128,2.564102564102564,5.128205128205128,2.564102564102564,2.564102564102564,2.564102564102564,2.564102564102564,2.564102564102564,7.6923076923076925,15.384615384615383,7.6923076923076925
Mistral-Small-3.2,35,7.142857142857142,7.142857142857142,7.142857142857142,5.357142857142857,8.928571428571429,3.571428571428571,7.142857142857142,1.7857142857142856,7.142857142857142,10.714285714285714,8.928571428571429,14.285714285714285,12.5
Mistral-Small-3.2,36,0.0,8.333333333333332,2.083333333333333,2.083333333333333,4.166666666666666,8.333333333333332,0.0,4.166666666666666,6.25,4.166666666666666,6.25,25.0,6.25
Mistral-Small-3.2,37,5.319148936170213,4.25531914893617,4.25531914893617,6.382978723404255,5.319148936170213,6.382978723404255,8.51063829787234,5.319148936170213,6.382978723404255,6.382978723404255,7.446808510638298,20.212765957446805,5.319148936170213
Mistral-Small-3.2,38,1.9230769230769231,3.8461538461538463,3.8461538461538463,3.8461538461538463,1.9230769230769231,3.8461538461538463,5.769230769230769,5.769230769230769,3.8461538461538463,3.8461538461538463,5.769230769230769,5.769230769230769,3.8461538461538463
Mistral-Small-3.2,39,17.24137931034483,17.24137931034483,17.24137931034483,17.24137931034483,13.79310344827586,17.24137931034483,17.24137931034483,13.79310344827586,17.24137931034483,13.79310344827586,20.6896551724138,20.6896551724138,17.24137931034483
Mistral-Small-3.2,40,3.75,6.25,5.0,3.75,5.0,8.75,3.75,5.0,3.75,3.75,3.75,7.5,6.25
Mistral-Small-3.2,41,8.51063829787234,6.382978723404255,17.02127659574468,4.25531914893617,21.27659574468085,14.893617021276595,8.51063829787234,6.382978723404255,8.51063829787234,8.51063829787234,10.638297872340424,12.76595744680851,12.76595744680851
Mistral-Small-3.2,42,0.0,3.7037037037037033,1.851851851851852,1.851851851851852,5.555555555555555,3.7037037037037033,5.555555555555555,1.851851851851852,7.4074074074074066,7.4074074074074066,3.7037037037037033,5.555555555555555,0.0
Mistral-Small-3.2,43,8.571428571428571,8.571428571428571,10.0,10.0,12.857142857142856,8.571428571428571,7.142857142857142,11.428571428571429,14.285714285714285,14.285714285714285,15.714285714285714,22.857142857142858,10.0
Mistral-Small-3.2,44,23.33333333333333,26.666666666666668,10.0,13.333333333333334,13.333333333333334,16.666666666666664,20.0,16.666666666666664,13.333333333333334,20.0,20.0,16.666666666666664,13.333333333333334
Mistral-Small-3.2,45,15.625,3.125,12.5,3.125,3.125,6.25,12.5,6.25,12.5,12.5,18.75,18.75,0.0
Mistral-Small-3.2,46,8.771929824561402,7.017543859649122,5.263157894736842,7.017543859649122,5.263157894736842,10.526315789473683,8.771929824561402,3.508771929824561,8.771929824561402,7.017543859649122,8.771929824561402,24.561403508771928,12.280701754385964
Mistral-Small-3.2,47,10.76923076923077,6.153846153846154,7.6923076923076925,3.076923076923077,12.307692307692308,7.6923076923076925,12.307692307692308,3.076923076923077,9.230769230769232,4.615384615384616,7.6923076923076925,21.53846153846154,10.76923076923077
Mistral-Small-3.2,48,11.11111111111111,17.77777777777778,11.11111111111111,13.333333333333334,4.444444444444445,11.11111111111111,6.666666666666667,8.88888888888889,13.333333333333334,22.22222222222222,15.555555555555555,28.88888888888889,8.88888888888889
Mistral-Small-3.2,49,19.148936170212767,6.382978723404255,12.76595744680851,19.148936170212767,12.76595744680851,4.25531914893617,14.893617021276595,19.148936170212767,6.382978723404255,19.148936170212767,19.148936170212767,12.76595744680851,19.148936170212767
Mistral-Small-3.2,50,13.114754098360656,6.557377049180328,9.836065573770492,6.557377049180328,8.19672131147541,11.475409836065571,6.557377049180328,8.19672131147541,6.557377049180328,6.557377049180328,13.114754098360656,18.0327868852459,9.836065573770492
Mistral-Small-3.2,51,8.064516129032258,6.451612903225806,3.225806451612903,8.064516129032258,9.67741935483871,8.064516129032258,6.451612903225806,4.838709677419355,8.064516129032258,8.064516129032258,6.451612903225806,17.741935483870968,9.67741935483871
Mistral-Small-3.2,52,5.405405405405405,2.702702702702702,8.108108108108109,8.108108108108109,2.702702702702702,8.108108108108109,2.702702702702702,8.108108108108109,5.405405405405405,16.216216216216218,8.108108108108109,24.324324324324326,5.405405405405405
Mistral-Small-3.2,53,11.11111111111111,7.936507936507936,6.349206349206349,7.936507936507936,7.936507936507936,3.1746031746031744,6.349206349206349,7.936507936507936,6.349206349206349,6.349206349206349,9.523809523809524,12.698412698412698,7.936507936507936
Mistral-Small-3.2,54,12.371134020618555,9.278350515463918,7.216494845360824,8.24742268041237,11.34020618556701,11.34020618556701,11.34020618556701,11.34020618556701,14.432989690721648,9.278350515463918,12.371134020618555,16.49484536082474,8.24742268041237
Mistral-Small-3.2,55,14.516129032258066,4.838709677419355,3.225806451612903,8.064516129032258,4.838709677419355,8.064516129032258,4.838709677419355,6.451612903225806,4.838709677419355,3.225806451612903,6.451612903225806,16.129032258064516,9.67741935483871
Mistral-Small-3.2,56,5.263157894736842,3.947368421052632,7.894736842105263,5.263157894736842,2.631578947368421,3.947368421052632,6.578947368421052,7.894736842105263,7.894736842105263,6.578947368421052,6.578947368421052,17.105263157894736,13.157894736842104
Mistral-Small-3.2,57,9.523809523809524,4.761904761904762,7.142857142857142,4.761904761904762,4.761904761904762,9.523809523809524,14.285714285714285,9.523809523809524,7.142857142857142,7.142857142857142,4.761904761904762,30.95238095238096,7.142857142857142
Mistral-Small-3.2,58,2.898550724637681,1.4492753623188406,8.695652173913043,1.4492753623188406,1.4492753623188406,5.797101449275362,5.797101449275362,2.898550724637681,2.898550724637681,2.898550724637681,2.898550724637681,11.594202898550725,8.695652173913043
Mistral-Small-3.2,59,5.0,5.0,3.333333333333333,6.666666666666667,6.666666666666667,3.333333333333333,8.333333333333332,5.0,6.666666666666667,5.0,8.333333333333332,5.0,6.666666666666667
Mistral-Small-3.2,60,2.857142857142857,4.285714285714286,4.285714285714286,4.285714285714286,4.285714285714286,4.285714285714286,4.285714285714286,1.4285714285714286,5.714285714285714,7.142857142857142,5.714285714285714,15.714285714285714,2.857142857142857
Mistral-Small-3.2,61,15.384615384615383,9.615384615384617,11.538461538461538,19.23076923076924,17.307692307692307,9.615384615384617,7.6923076923076925,11.538461538461538,17.307692307692307,7.6923076923076925,9.615384615384617,26.923076923076923,9.615384615384617
Mistral-Small-3.2,62,18.181818181818183,11.363636363636363,11.363636363636363,13.636363636363637,9.090909090909092,13.636363636363637,9.090909090909092,13.636363636363637,11.363636363636363,15.909090909090908,13.636363636363637,34.090909090909086,9.090909090909092
Mistral-Small-3.2,63,21.875,15.625,12.5,15.625,18.75,15.625,18.75,15.625,15.625,18.75,21.875,37.5,18.75
Mistral-Small-3.2,64,6.849315068493151,4.10958904109589,2.73972602739726,5.47945205479452,1.36986301369863,1.36986301369863,5.47945205479452,5.47945205479452,2.73972602739726,8.21917808219178,6.849315068493151,16.43835616438356,2.73972602739726
Mistral-Small-3.2,65,4.285714285714286,4.285714285714286,7.142857142857142,4.285714285714286,7.142857142857142,2.857142857142857,7.142857142857142,7.142857142857142,7.142857142857142,1.4285714285714286,5.714285714285714,11.428571428571429,4.285714285714286
Mistral-Small-3.2,66,15.909090909090908,9.090909090909092,4.545454545454546,13.636363636363637,9.090909090909092,11.363636363636363,13.636363636363637,9.090909090909092,9.090909090909092,6.8181818181818175,20.454545454545457,22.727272727272727,4.545454545454546
Mistral-Small-3.2,67,9.375,10.9375,6.25,10.9375,4.6875,6.25,12.5,10.9375,7.8125,9.375,10.9375,12.5,9.375
Mistral-Small-3.2,68,5.714285714285714,12.857142857142856,2.857142857142857,4.285714285714286,2.857142857142857,7.142857142857142,7.142857142857142,7.142857142857142,7.142857142857142,7.142857142857142,7.142857142857142,5.714285714285714,7.142857142857142
Mistral-Small-3.2,69,17.647058823529413,5.88235294117647,2.941176470588235,11.76470588235294,2.941176470588235,5.88235294117647,8.823529411764707,8.823529411764707,8.823529411764707,11.76470588235294,17.647058823529413,17.647058823529413,11.76470588235294
Mistral-Small-3.2,70,8.955223880597014,8.955223880597014,7.462686567164178,5.970149253731343,13.432835820895525,10.44776119402985,5.970149253731343,7.462686567164178,10.44776119402985,8.955223880597014,10.44776119402985,13.432835820895525,11.940298507462686
Mistral-Small-3.2,71,16.666666666666664,4.166666666666666,6.25,4.166666666666666,6.25,8.333333333333332,6.25,4.166666666666666,4.166666666666666,6.25,6.25,25.0,4.166666666666666
Mistral-Small-3.2,72,13.333333333333334,0.0,10.0,3.333333333333333,3.333333333333333,3.333333333333333,10.0,10.0,6.666666666666667,13.333333333333334,13.333333333333334,26.666666666666668,10.0
Mistral-Small-3.2,73,8.450704225352112,7.042253521126761,7.042253521126761,9.859154929577464,12.676056338028168,11.267605633802818,12.676056338028168,7.042253521126761,9.859154929577464,8.450704225352112,11.267605633802818,23.943661971830984,12.676056338028168
Mistral-Small-3.2,74,3.571428571428571,0.0,1.7857142857142856,7.142857142857142,10.714285714285714,12.5,1.7857142857142856,5.357142857142857,8.928571428571429,8.928571428571429,7.142857142857142,30.35714285714285,12.5
Mistral-Small-3.2,75,13.253012048192772,6.024096385542169,9.63855421686747,6.024096385542169,4.819277108433735,3.614457831325301,6.024096385542169,8.433734939759036,7.228915662650602,6.024096385542169,4.819277108433735,18.072289156626507,7.228915662650602
Mistral-Small-3.2,76,41.37931034482759,17.24137931034483,13.79310344827586,13.79310344827586,10.344827586206897,20.6896551724138,13.79310344827586,10.344827586206897,13.79310344827586,17.24137931034483,10.344827586206897,27.58620689655172,27.586206896551722
Mistral-Small-3.2,77,5.263157894736842,2.631578947368421,2.631578947368421,3.947368421052632,2.631578947368421,3.947368421052632,5.263157894736842,3.947368421052632,2.631578947368421,6.578947368421052,3.947368421052632,17.105263157894736,2.631578947368421
Mistral-Small-3.2,78,18.181818181818183,18.181818181818183,18.181818181818183,22.727272727272727,18.181818181818183,13.636363636363637,22.727272727272727,22.727272727272727,27.27272727272727,22.727272727272727,31.818181818181817,27.27272727272727,22.727272727272727
Mistral-Small-3.2,79,8.16326530612245,10.20408163265306,10.20408163265306,14.285714285714285,6.122448979591836,8.16326530612245,10.20408163265306,10.20408163265306,12.244897959183673,8.16326530612245,12.244897959183673,22.448979591836736,8.16326530612245
Mistral-Small-3.2,80,12.06896551724138,8.620689655172415,6.896551724137931,12.06896551724138,6.896551724137931,12.06896551724138,8.620689655172415,8.620689655172415,8.620689655172415,13.79310344827586,12.06896551724138,25.86206896551724,10.344827586206897
Qwen3-Next-80B-A3B,0,15.09433962264151,15.09433962264151,13.20754716981132,13.20754716981132,15.09433962264151,16.9811320754717,11.320754716981131,13.20754716981132,11.320754716981131,13.20754716981132,15.09433962264151,33.9622641509434,13.20754716981132
Qwen3-Next-80B-A3B,1,16.666666666666664,16.666666666666664,16.666666666666664,19.444444444444446,22.22222222222222,19.444444444444446,19.444444444444446,19.444444444444446,22.22222222222222,19.444444444444446,19.444444444444446,38.88888888888889,16.666666666666664
Qwen3-Next-80B-A3B,2,24.24242424242424,15.151515151515152,30.303030303030305,27.27272727272727,27.27272727272727,18.181818181818183,27.27272727272727,24.24242424242424,27.27272727272727,27.27272727272727,33.33333333333333,63.63636363636363,33.33333333333333
Qwen3-Next-80B-A3B,3,15.909090909090908,15.909090909090908,15.909090909090908,15.909090909090908,18.181818181818183,18.181818181818183,15.909090909090908,20.454545454545457,20.454545454545457,15.909090909090908,18.181818181818183,34.090909090909086,18.181818181818183
Qwen3-Next-80B-A3B,4,9.090909090909092,11.363636363636363,11.363636363636363,9.090909090909092,11.363636363636363,15.909090909090908,11.363636363636363,9.090909090909092,15.909090909090908,15.909090909090908,9.090909090909092,43.18181818181818,9.090909090909092
Qwen3-Next-80B-A3B,5,18.51851851851852,16.666666666666664,18.51851851851852,18.51851851851852,22.22222222222222,22.22222222222222,16.666666666666664,20.37037037037037,22.22222222222222,16.666666666666664,20.37037037037037,48.14814814814815,18.51851851851852
Qwen3-Next-80B-A3B,6,4.615384615384616,7.6923076923076925,10.76923076923077,15.384615384615383,10.76923076923077,9.230769230769232,12.307692307692308,10.76923076923077,10.76923076923077,6.153846153846154,12.307692307692308,24.615384615384617,10.76923076923077
Qwen3-Next-80B-A3B,7,29.545454545454547,25.0,22.727272727272727,20.454545454545457,27.27272727272727,25.0,27.27272727272727,25.0,25.0,25.0,27.27272727272727,25.0,22.727272727272727
Qwen3-Next-80B-A3B,8,5.084745762711865,5.084745762711865,6.779661016949152,11.864406779661016,8.47457627118644,10.16949152542373,8.47457627118644,11.864406779661016,10.16949152542373,11.864406779661016,16.94915254237288,40.67796610169492,11.864406779661017
Qwen3-Next-80B-A3B,9,15.384615384615383,23.07692307692308,23.07692307692308,12.82051282051282,25.64102564102564,20.51282051282051,20.51282051282051,20.51282051282051,25.64102564102564,23.07692307692308,28.205128205128204,41.02564102564102,23.076923076923077
Qwen3-Next-80B-A3B,10,25.0,37.5,20.833333333333336,29.166666666666668,29.166666666666668,37.5,29.166666666666668,25.0,37.5,41.66666666666667,20.833333333333336,58.333333333333336,25.0
Qwen3-Next-80B-A3B,11,12.5,12.5,16.071428571428573,16.071428571428573,14.285714285714285,16.071428571428573,16.071428571428573,14.285714285714285,12.5,14.285714285714285,16.071428571428573,37.5,16.071428571428573
Qwen3-Next-80B-A3B,12,17.24137931034483,17.24137931034483,13.79310344827586,17.24137931034483,17.24137931034483,13.79310344827586,20.6896551724138,24.13793103448276,20.6896551724138,10.344827586206897,20.6896551724138,20.6896551724138,13.793103448275861
Qwen3-Next-80B-A3B,13,16.129032258064516,9.67741935483871,14.516129032258066,12.903225806451612,12.903225806451612,6.451612903225806,6.451612903225806,14.516129032258066,11.29032258064516,16.129032258064516,14.516129032258066,32.25806451612903,9.67741935483871
Qwen3-Next-80B-A3B,14,12.244897959183673,12.244897959183673,10.20408163265306,14.285714285714285,12.244897959183673,12.244897959183673,12.244897959183673,14.285714285714285,14.285714285714285,14.285714285714285,14.285714285714285,34.69387755102041,12.244897959183673
Qwen3-Next-80B-A3B,15,14.814814814814811,16.666666666666664,11.11111111111111,16.666666666666664,14.814814814814811,16.666666666666664,18.51851851851852,18.51851851851852,9.25925925925926,14.814814814814811,22.22222222222222,46.2962962962963,20.37037037037037
Qwen3-Next-80B-A3B,16,30.303030303030305,30.303030303030305,36.36363636363637,33.33333333333333,27.27272727272727,30.303030303030305,33.33333333333333,24.24242424242424,27.27272727272727,24.24242424242424,36.36363636363637,39.39393939393939,30.303030303030305
Qwen3-Next-80B-A3B,17,8.333333333333332,16.666666666666664,12.5,16.666666666666664,20.833333333333336,18.75,10.416666666666668,12.5,10.416666666666668,14.583333333333334,12.5,35.41666666666667,14.583333333333334
Qwen3-Next-80B-A3B,18,6.666666666666667,3.333333333333333,11.666666666666666,1.6666666666666667,10.0,10.0,8.333333333333332,5.0,11.666666666666666,10.0,11.666666666666666,50.0,5.0
Qwen3-Next-80B-A3B,19,21.428571428571427,26.1904761904762,23.809523809523807,21.428571428571427,21.428571428571427,23.809523809523807,16.666666666666664,16.666666666666664,23.809523809523807,23.809523809523807,30.95238095238096,57.14285714285714,19.047619047619047
Qwen3-Next-80B-A3B,20,18.91891891891892,29.72972972972973,24.324324324324326,21.62162162162162,24.324324324324326,21.62162162162162,27.027027027027028,21.62162162162162,32.432432432432435,24.324324324324326,32.432432432432435,51.35135135135135,29.72972972972973
Qwen3-Next-80B-A3B,21,19.23076923076924,23.07692307692308,15.384615384615383,15.384615384615383,19.23076923076924,17.307692307692307,21.15384615384616,21.15384615384616,21.15384615384616,25.0,30.76923076923077,50.0,23.076923076923077
Qwen3-Next-80B-A3B,22,9.230769230769232,6.153846153846154,12.307692307692308,10.76923076923077,13.846153846153848,15.384615384615383,10.76923076923077,13.846153846153848,12.307692307692308,13.846153846153848,13.846153846153848,23.07692307692308,12.307692307692308
Qwen3-Next-80B-A3B,23,17.02127659574468,27.659574468085108,21.27659574468085,21.27659574468085,19.148936170212767,29.78723404255319,25.53191489361702,27.659574468085108,21.27659574468085,23.404255319148938,38.297872340425535,48.93617021276596,29.78723404255319
Qwen3-Next-80B-A3B,24,15.789473684210526,12.280701754385964,8.771929824561402,14.035087719298245,14.035087719298245,7.017543859649122,17.543859649122805,12.280701754385964,10.526315789473683,15.789473684210526,15.789473684210526,33.33333333333333,17.543859649122805
Qwen3-Next-80B-A3B,25,9.615384615384617,15.384615384615383,13.461538461538462,15.384615384615383,17.307692307692307,15.384615384615383,11.538461538461538,11.538461538461538,15.384615384615383,21.15384615384616,13.461538461538462,36.53846153846153,7.6923076923076925
Qwen3-Next-80B-A3B,26,16.39344262295082,19.672131147540984,9.836065573770492,11.475409836065571,19.672131147540984,9.836065573770492,11.475409836065571,18.0327868852459,16.39344262295082,9.836065573770492,18.0327868852459,31.14754098360656,13.114754098360656
Qwen3-Next-80B-A3B,27,7.272727272727272,10.909090909090908,10.909090909090908,7.272727272727272,9.090909090909092,9.090909090909092,3.636363636363636,5.454545454545454,9.090909090909092,7.272727272727272,10.909090909090908,43.63636363636363,9.090909090909092
Qwen3-Next-80B-A3B,28,7.317073170731707,7.317073170731707,9.75609756097561,2.4390243902439024,9.75609756097561,4.878048780487805,9.75609756097561,14.634146341463412,7.317073170731707,7.317073170731707,14.634146341463412,39.02439024390244,4.878048780487805
Qwen3-Next-80B-A3B,29,50.0,40.0,45.0,45.0,25.0,30.0,45.0,50.0,50.0,35.0,50.0,65.0,30.0
Qwen3-Next-80B-A3B,30,20.0,20.0,10.0,25.0,10.0,15.0,25.0,15.0,30.0,30.0,25.0,35.0,20.0
Qwen3-Next-80B-A3B,31,14.285714285714285,19.047619047619047,23.809523809523807,19.047619047619047,23.809523809523807,19.047619047619047,19.047619047619047,19.047619047619047,19.047619047619047,21.428571428571427,21.428571428571427,38.095238095238095,19.047619047619047
Qwen3-Next-80B-A3B,32,6.557377049180328,4.918032786885246,9.836065573770492,8.19672131147541,8.19672131147541,13.114754098360656,13.114754098360656,13.114754098360656,8.19672131147541,14.754098360655735,16.39344262295082,34.42622950819672,11.475409836065573
Qwen3-Next-80B-A3B,33,6.25,8.333333333333332,8.333333333333332,10.416666666666668,10.416666666666668,6.25,8.333333333333332,10.416666666666668,10.416666666666668,8.333333333333332,8.333333333333332,35.41666666666667,10.416666666666668
Qwen3-Next-80B-A3B,34,5.128205128205128,5.128205128205128,7.6923076923076925,10.256410256410255,10.256410256410255,5.128205128205128,2.564102564102564,5.128205128205128,5.128205128205128,5.128205128205128,28.205128205128204,46.15384615384615,15.384615384615385
Qwen3-Next-80B-A3B,35,21.428571428571427,12.5,21.428571428571427,16.071428571428573,14.285714285714285,10.714285714285714,17.857142857142858,14.285714285714285,14.285714285714285,19.642857142857142,26.785714285714285,35.714285714285715,10.714285714285714
Qwen3-Next-80B-A3B,36,10.416666666666668,12.5,8.333333333333332,12.5,10.416666666666668,22.916666666666664,8.333333333333332,10.416666666666668,16.666666666666664,14.583333333333334,14.583333333333334,52.083333333333336,6.25
Qwen3-Next-80B-A3B,37,10.638297872340424,12.76595744680851,8.51063829787234,7.446808510638298,8.51063829787234,8.51063829787234,8.51063829787234,10.638297872340424,10.638297872340424,12.76595744680851,10.638297872340424,31.91489361702128,8.51063829787234
Qwen3-Next-80B-A3B,38,5.769230769230769,3.8461538461538463,1.9230769230769231,7.6923076923076925,5.769230769230769,7.6923076923076925,5.769230769230769,7.6923076923076925,9.615384615384617,7.6923076923076925,13.461538461538462,32.69230769230769,7.6923076923076925
Qwen3-Next-80B-A3B,39,24.13793103448276,27.58620689655172,17.24137931034483,31.03448275862069,24.13793103448276,24.13793103448276,31.03448275862069,31.03448275862069,31.03448275862069,31.03448275862069,24.13793103448276,34.48275862068966,31.03448275862069
Qwen3-Next-80B-A3B,40,8.75,13.750000000000002,12.5,13.750000000000002,15.0,17.5,13.750000000000002,12.5,11.25,12.5,16.25,38.75,11.25
Qwen3-Next-80B-A3B,41,27.659574468085108,19.148936170212767,21.27659574468085,23.404255319148938,21.27659574468085,25.53191489361702,21.27659574468085,23.404255319148938,19.148936170212767,19.148936170212767,34.04255319148936,46.80851063829788,23.404255319148938
Qwen3-Next-80B-A3B,42,11.11111111111111,14.814814814814811,18.51851851851852,20.37037037037037,12.962962962962962,12.962962962962962,12.962962962962962,11.11111111111111,18.51851851851852,14.814814814814811,18.51851851851852,31.48148148148148,12.962962962962962
Qwen3-Next-80B-A3B,43,5.714285714285714,8.571428571428571,14.285714285714285,12.857142857142856,10.0,10.0,10.0,10.0,11.428571428571429,15.714285714285714,22.857142857142858,34.285714285714285,12.857142857142856
Qwen3-Next-80B-A3B,44,23.33333333333333,26.666666666666668,23.33333333333333,23.33333333333333,26.666666666666668,26.666666666666668,33.33333333333333,36.66666666666666,23.33333333333333,36.66666666666666,30.0,43.333333333333336,30.0
Qwen3-Next-80B-A3B,45,3.125,15.625,12.5,12.5,18.75,9.375,6.25,12.5,21.875,18.75,25.0,46.875,9.375
Qwen3-Next-80B-A3B,46,14.035087719298245,15.789473684210526,15.789473684210526,15.789473684210526,12.280701754385964,12.280701754385964,24.561403508771928,26.31578947368421,14.035087719298245,15.789473684210526,21.052631578947366,45.614035087719294,21.052631578947366
Qwen3-Next-80B-A3B,47,12.307692307692308,13.846153846153848,9.230769230769232,15.384615384615383,7.6923076923076925,18.461538461538463,13.846153846153848,9.230769230769232,12.307692307692308,13.846153846153848,29.23076923076924,60.0,20.0
Qwen3-Next-80B-A3B,48,13.333333333333334,22.22222222222222,17.77777777777778,17.77777777777778,13.333333333333334,20.0,17.77777777777778,15.555555555555555,31.11111111111111,22.22222222222222,22.22222222222222,51.11111111111111,24.444444444444443
Qwen3-Next-80B-A3B,49,23.404255319148938,19.148936170212767,25.53191489361702,36.17021276595745,25.53191489361702,27.659574468085108,31.91489361702128,29.78723404255319,21.27659574468085,36.17021276595745,40.42553191489361,48.93617021276596,29.78723404255319
Qwen3-Next-80B-A3B,50,9.836065573770492,18.0327868852459,18.0327868852459,13.114754098360656,19.672131147540984,24.59016393442623,18.0327868852459,21.311475409836063,16.39344262295082,16.39344262295082,26.229508196721312,34.42622950819672,16.39344262295082
Qwen3-Next-80B-A3B,51,11.29032258064516,16.129032258064516,11.29032258064516,14.516129032258066,11.29032258064516,16.129032258064516,16.129032258064516,14.516129032258066,12.903225806451612,11.29032258064516,16.129032258064516,32.25806451612903,14.516129032258066
Qwen3-Next-80B-A3B,52,18.91891891891892,21.62162162162162,18.91891891891892,16.216216216216218,16.216216216216218,10.81081081081081,24.324324324324326,18.91891891891892,10.81081081081081,32.432432432432435,29.72972972972973,43.24324324324324,18.91891891891892
Qwen3-Next-80B-A3B,53,9.523809523809524,12.698412698412698,11.11111111111111,7.936507936507936,14.285714285714285,12.698412698412698,11.11111111111111,11.11111111111111,15.873015873015872,15.873015873015872,11.11111111111111,30.15873015873016,12.698412698412698
Qwen3-Next-80B-A3B,54,13.402061855670103,16.49484536082474,22.68041237113402,14.432989690721648,18.55670103092784,15.463917525773196,15.463917525773196,12.371134020618555,19.587628865979383,23.711340206185564,19.587628865979383,32.98969072164948,16.49484536082474
Qwen3-Next-80B-A3B,55,4.838709677419355,12.903225806451612,9.67741935483871,11.29032258064516,4.838709677419355,11.29032258064516,9.67741935483871,14.516129032258066,12.903225806451612,14.516129032258066,20.967741935483872,40.32258064516129,8.064516129032258
Qwen3-Next-80B-A3B,56,9.210526315789473,9.210526315789473,13.157894736842104,5.263157894736842,7.894736842105263,10.526315789473683,10.526315789473683,15.789473684210526,7.894736842105263,10.526315789473683,15.789473684210526,27.631578947368425,14.473684210526317
Qwen3-Next-80B-A3B,57,9.523809523809524,16.666666666666664,14.285714285714285,16.666666666666664,19.047619047619047,16.666666666666664,11.904761904761903,16.666666666666664,19.047619047619047,14.285714285714285,14.285714285714285,38.095238095238095,14.285714285714285
Qwen3-Next-80B-A3B,58,7.246376811594203,7.246376811594203,13.043478260869565,8.695652173913043,10.144927536231885,7.246376811594203,8.695652173913043,8.695652173913043,10.144927536231885,7.246376811594203,11.594202898550725,34.78260869565217,5.797101449275362
Qwen3-Next-80B-A3B,59,11.666666666666666,18.33333333333333,13.333333333333334,8.333333333333332,11.666666666666666,10.0,11.666666666666666,15.0,8.333333333333332,6.666666666666667,15.0,38.333333333333336,16.666666666666664
Qwen3-Next-80B-A3B,60,8.571428571428571,15.714285714285714,18.571428571428573,14.285714285714285,14.285714285714285,11.428571428571429,8.571428571428571,11.428571428571429,15.714285714285714,15.714285714285714,12.857142857142856,27.142857142857142,12.857142857142856
Qwen3-Next-80B-A3B,61,11.538461538461538,17.307692307692307,19.23076923076924,11.538461538461538,17.307692307692307,15.384615384615383,15.384615384615383,17.307692307692307,19.23076923076924,11.538461538461538,13.461538461538462,40.38461538461539,17.307692307692307
Qwen3-Next-80B-A3B,62,20.454545454545457,29.545454545454547,22.727272727272727,20.454545454545457,20.454545454545457,25.0,20.454545454545457,11.363636363636363,13.636363636363637,13.636363636363637,13.636363636363637,61.36363636363637,20.454545454545457
Qwen3-Next-80B-A3B,63,28.125,25.0,21.875,25.0,28.125,21.875,34.375,28.125,34.375,28.125,25.0,46.875,21.875
Qwen3-Next-80B-A3B,64,9.58904109589041,10.95890410958904,5.47945205479452,5.47945205479452,9.58904109589041,4.10958904109589,12.32876712328767,12.32876712328767,10.95890410958904,6.849315068493151,17.80821917808219,36.98630136986301,16.43835616438356
Qwen3-Next-80B-A3B,65,12.857142857142856,15.714285714285714,8.571428571428571,17.142857142857142,14.285714285714285,12.857142857142856,15.714285714285714,15.714285714285714,20.0,12.857142857142856,15.714285714285714,37.142857142857146,10.0
Qwen3-Next-80B-A3B,66,6.8181818181818175,13.636363636363637,15.909090909090908,9.090909090909092,6.8181818181818175,25.0,11.363636363636363,9.090909090909092,15.909090909090908,22.727272727272727,20.454545454545457,47.72727272727273,15.909090909090908
Qwen3-Next-80B-A3B,67,14.0625,12.5,12.5,14.0625,20.3125,10.9375,15.625,18.75,15.625,18.75,23.4375,29.6875,10.9375
Qwen3-Next-80B-A3B,68,8.571428571428571,10.0,4.285714285714286,8.571428571428571,10.0,7.142857142857142,10.0,10.0,12.857142857142856,10.0,7.142857142857142,34.285714285714285,7.142857142857142
Qwen3-Next-80B-A3B,69,14.705882352941178,29.411764705882355,14.705882352941178,17.647058823529413,20.588235294117645,20.588235294117645,14.705882352941178,20.588235294117645,26.47058823529412,29.411764705882355,23.52941176470588,52.94117647058824,17.647058823529413
Qwen3-Next-80B-A3B,70,13.432835820895525,11.940298507462686,14.925373134328357,4.477611940298507,17.91044776119403,16.417910447761194,14.925373134328357,13.432835820895525,19.402985074626866,17.91044776119403,20.8955223880597,23.88059701492537,13.432835820895523
Qwen3-Next-80B-A3B,71,10.416666666666668,14.583333333333334,10.416666666666668,10.416666666666668,10.416666666666668,12.5,14.583333333333334,12.5,12.5,10.416666666666668,16.666666666666664,47.91666666666667,10.416666666666668
Qwen3-Next-80B-A3B,72,20.0,16.666666666666664,6.666666666666667,16.666666666666664,16.666666666666664,20.0,16.666666666666664,23.33333333333333,16.666666666666664,13.333333333333334,23.33333333333333,53.333333333333336,23.333333333333332
Qwen3-Next-80B-A3B,73,15.492957746478872,19.718309859154928,19.718309859154928,16.901408450704224,15.492957746478872,15.492957746478872,15.492957746478872,15.492957746478872,14.084507042253522,15.492957746478872,25.352112676056336,46.478873239436616,18.30985915492958
Qwen3-Next-80B-A3B,74,16.071428571428573,25.0,16.071428571428573,19.642857142857142,21.428571428571427,12.5,14.285714285714285,16.071428571428573,17.857142857142858,19.642857142857142,21.428571428571427,53.57142857142857,12.5
Qwen3-Next-80B-A3B,75,10.843373493975903,8.433734939759036,10.843373493975903,10.843373493975903,8.433734939759036,6.024096385542169,14.457831325301203,10.843373493975903,8.433734939759036,10.843373493975903,20.48192771084337,34.93975903614458,10.843373493975903
Qwen3-Next-80B-A3B,76,27.58620689655172,20.6896551724138,27.58620689655172,31.03448275862069,20.6896551724138,17.24137931034483,24.13793103448276,24.13793103448276,27.58620689655172,41.37931034482759,27.58620689655172,48.27586206896552,10.344827586206897
Qwen3-Next-80B-A3B,77,10.526315789473683,14.473684210526317,17.105263157894736,9.210526315789473,10.526315789473683,10.526315789473683,11.842105263157894,15.789473684210526,13.157894736842104,14.473684210526317,11.842105263157894,31.57894736842105,14.473684210526317
Qwen3-Next-80B-A3B,78,31.818181818181817,36.36363636363637,36.36363636363637,40.909090909090914,50.0,31.818181818181817,36.36363636363637,27.27272727272727,36.36363636363637,27.27272727272727,45.45454545454545,54.54545454545454,40.909090909090914
Qwen3-Next-80B-A3B,79,16.3265306122449,18.367346938775512,16.3265306122449,18.367346938775512,16.3265306122449,18.367346938775512,20.40816326530612,14.285714285714285,12.244897959183673,20.40816326530612,20.40816326530612,34.69387755102041,18.367346938775512
Qwen3-Next-80B-A3B,80,15.517241379310343,10.344827586206897,12.06896551724138,12.06896551724138,10.344827586206897,15.517241379310343,12.06896551724138,13.79310344827586,15.517241379310343,12.06896551724138,15.517241379310343,41.37931034482759,13.793103448275861
Qwen3.6-35B-A3B,0,15.09433962264151,18.867924528301888,13.20754716981132,13.20754716981132,16.9811320754717,18.867924528301888,11.320754716981131,28.30188679245283,24.52830188679245,16.9811320754717,16.9811320754717,32.075471698113205,18.867924528301888
Qwen3.6-35B-A3B,1,19.444444444444446,25.0,22.22222222222222,22.22222222222222,25.0,25.0,16.666666666666664,25.0,27.77777777777778,30.55555555555556,27.77777777777778,50.0,13.88888888888889
Qwen3.6-35B-A3B,2,30.303030303030305,21.21212121212121,33.33333333333333,27.27272727272727,30.303030303030305,36.36363636363637,36.36363636363637,27.27272727272727,24.24242424242424,30.303030303030305,39.39393939393939,42.42424242424242,27.27272727272727
Qwen3.6-35B-A3B,3,22.727272727272727,18.181818181818183,25.0,20.454545454545457,18.181818181818183,22.727272727272727,25.0,25.0,18.181818181818183,27.27272727272727,22.727272727272727,31.818181818181817,22.727272727272727
Qwen3.6-35B-A3B,4,13.636363636363637,18.181818181818183,9.090909090909092,22.727272727272727,15.909090909090908,18.181818181818183,11.363636363636363,13.636363636363637,15.909090909090908,18.181818181818183,9.090909090909092,43.18181818181818,13.636363636363635
Qwen3.6-35B-A3B,5,12.962962962962962,11.11111111111111,24.07407407407408,22.22222222222222,22.22222222222222,16.666666666666664,24.07407407407408,22.22222222222222,18.51851851851852,14.814814814814811,20.37037037037037,37.03703703703704,18.51851851851852
Qwen3.6-35B-A3B,6,12.307692307692308,9.230769230769232,12.307692307692308,9.230769230769232,13.846153846153848,4.615384615384616,7.6923076923076925,15.384615384615383,18.461538461538463,15.384615384615383,10.76923076923077,32.30769230769231,27.692307692307693
Qwen3.6-35B-A3B,7,25.0,18.181818181818183,31.818181818181817,27.27272727272727,29.545454545454547,22.727272727272727,27.27272727272727,29.545454545454547,29.545454545454547,18.181818181818183,20.454545454545457,27.27272727272727,25.0
Qwen3.6-35B-A3B,8,11.864406779661016,16.94915254237288,13.559322033898304,13.559322033898304,18.64406779661017,11.864406779661016,16.94915254237288,16.94915254237288,13.559322033898304,13.559322033898304,20.33898305084746,33.89830508474576,10.16949152542373
Qwen3.6-35B-A3B,9,15.384615384615383,23.07692307692308,20.51282051282051,12.82051282051282,17.94871794871795,28.205128205128204,15.384615384615383,23.07692307692308,25.64102564102564,23.07692307692308,20.51282051282051,30.76923076923077,25.64102564102564
Qwen3.6-35B-A3B,10,25.0,25.0,25.0,29.166666666666668,37.5,29.166666666666668,25.0,20.833333333333336,29.166666666666668,25.0,25.0,29.166666666666668,16.666666666666664
Qwen3.6-35B-A3B,11,14.285714285714285,19.642857142857142,16.071428571428573,14.285714285714285,16.071428571428573,10.714285714285714,19.642857142857142,14.285714285714285,14.285714285714285,17.857142857142858,19.642857142857142,23.214285714285715,16.071428571428573
Qwen3.6-35B-A3B,12,27.58620689655172,17.24137931034483,3.4482758620689653,27.58620689655172,31.03448275862069,27.58620689655172,17.24137931034483,27.58620689655172,24.13793103448276,20.6896551724138,24.13793103448276,24.13793103448276,13.793103448275861
Qwen3.6-35B-A3B,13,6.451612903225806,9.67741935483871,12.903225806451612,8.064516129032258,8.064516129032258,9.67741935483871,9.67741935483871,12.903225806451612,9.67741935483871,17.741935483870968,14.516129032258066,27.41935483870968,8.064516129032258
Qwen3.6-35B-A3B,14,10.20408163265306,16.3265306122449,16.3265306122449,14.285714285714285,18.367346938775512,16.3265306122449,10.20408163265306,8.16326530612245,16.3265306122449,12.244897959183673,22.448979591836736,26.53061224489796,6.122448979591836
Qwen3.6-35B-A3B,15,18.51851851851852,14.814814814814811,24.07407407407408,18.51851851851852,18.51851851851852,20.37037037037037,20.37037037037037,18.51851851851852,25.925925925925924,18.51851851851852,20.37037037037037,48.14814814814815,20.37037037037037
Qwen3.6-35B-A3B,16,39.39393939393939,39.39393939393939,24.24242424242424,24.24242424242424,27.27272727272727,30.303030303030305,42.42424242424242,30.303030303030305,27.27272727272727,33.33333333333333,24.24242424242424,33.33333333333333,33.33333333333333
Qwen3.6-35B-A3B,17,20.833333333333336,14.583333333333334,16.666666666666664,16.666666666666664,16.666666666666664,16.666666666666664,8.333333333333332,12.5,22.916666666666664,16.666666666666664,20.833333333333336,37.5,10.416666666666668
Qwen3.6-35B-A3B,18,1.6666666666666667,5.0,11.666666666666666,6.666666666666667,15.0,11.666666666666666,8.333333333333332,15.0,16.666666666666664,15.0,13.333333333333334,36.66666666666666,15.0
Qwen3.6-35B-A3B,19,21.428571428571427,19.047619047619047,14.285714285714285,21.428571428571427,16.666666666666664,16.666666666666664,19.047619047619047,26.1904761904762,23.809523809523807,23.809523809523807,23.809523809523807,52.38095238095239,14.285714285714285
Qwen3.6-35B-A3B,20,24.324324324324326,21.62162162162162,27.027027027027028,29.72972972972973,29.72972972972973,18.91891891891892,24.324324324324326,24.324324324324326,27.027027027027028,27.027027027027028,35.13513513513514,45.94594594594595,35.13513513513514
Qwen3.6-35B-A3B,21,19.23076923076924,19.23076923076924,21.15384615384616,28.846153846153843,25.0,21.15384615384616,21.15384615384616,25.0,23.07692307692308,28.846153846153843,30.76923076923077,40.38461538461539,21.153846153846153
Qwen3.6-35B-A3B,22,9.230769230769232,12.307692307692308,12.307692307692308,10.76923076923077,16.923076923076923,15.384615384615383,13.846153846153848,12.307692307692308,12.307692307692308,12.307692307692308,13.846153846153848,30.76923076923077,15.384615384615385
Qwen3.6-35B-A3B,23,19.148936170212767,27.659574468085108,21.27659574468085,17.02127659574468,23.404255319148938,29.78723404255319,25.53191489361702,34.04255319148936,36.17021276595745,21.27659574468085,25.53191489361702,48.93617021276596,29.78723404255319
Qwen3.6-35B-A3B,24,10.526315789473683,17.543859649122805,14.035087719298245,17.543859649122805,14.035087719298245,14.035087719298245,14.035087719298245,17.543859649122805,14.035087719298245,24.561403508771928,21.052631578947366,33.33333333333333,17.543859649122805
Qwen3.6-35B-A3B,25,15.384615384615383,19.23076923076924,26.923076923076923,25.0,25.0,19.23076923076924,11.538461538461538,17.307692307692307,34.61538461538461,21.15384615384616,15.384615384615383,48.07692307692308,15.384615384615385
Qwen3.6-35B-A3B,26,11.475409836065571,16.39344262295082,19.672131147540984,21.311475409836063,19.672131147540984,18.0327868852459,11.475409836065571,9.836065573770492,18.0327868852459,18.0327868852459,19.672131147540984,34.42622950819672,14.754098360655737
Qwen3.6-35B-A3B,27,12.727272727272728,14.545454545454543,12.727272727272728,10.909090909090908,14.545454545454543,14.545454545454543,9.090909090909092,10.909090909090908,16.363636363636363,5.454545454545454,14.545454545454543,38.18181818181819,14.545454545454545
Qwen3.6-35B-A3B,28,9.75609756097561,17.073170731707318,4.878048780487805,7.317073170731707,12.195121951219512,7.317073170731707,9.75609756097561,9.75609756097561,12.195121951219512,7.317073170731707,17.073170731707318,21.951219512195124,12.195121951219512
Qwen3.6-35B-A3B,29,50.0,55.00000000000001,55.00000000000001,45.0,35.0,55.00000000000001,70.0,35.0,60.0,45.0,55.00000000000001,60.0,40.0
Qwen3.6-35B-A3B,30,20.0,20.0,25.0,20.0,20.0,30.0,15.0,10.0,20.0,25.0,20.0,35.0,15.0
Qwen3.6-35B-A3B,31,19.047619047619047,16.666666666666664,21.428571428571427,21.428571428571427,19.047619047619047,19.047619047619047,19.047619047619047,19.047619047619047,23.809523809523807,23.809523809523807,23.809523809523807,50.0,16.666666666666664
Qwen3.6-35B-A3B,32,11.475409836065571,11.475409836065571,13.114754098360656,13.114754098360656,6.557377049180328,13.114754098360656,11.475409836065571,9.836065573770492,14.754098360655735,14.754098360655735,16.39344262295082,27.86885245901639,11.475409836065573
Qwen3.6-35B-A3B,33,8.333333333333332,8.333333333333332,6.25,12.5,10.416666666666668,12.5,6.25,10.416666666666668,14.583333333333334,10.416666666666668,10.416666666666668,35.41666666666667,12.5
Qwen3.6-35B-A3B,34,5.128205128205128,5.128205128205128,10.256410256410255,7.6923076923076925,5.128205128205128,5.128205128205128,5.128205128205128,2.564102564102564,10.256410256410255,10.256410256410255,10.256410256410255,41.02564102564102,20.51282051282051
Qwen3.6-35B-A3B,35,14.285714285714285,14.285714285714285,17.857142857142858,16.071428571428573,14.285714285714285,16.071428571428573,21.428571428571427,25.0,17.857142857142858,14.285714285714285,16.071428571428573,26.785714285714285,19.642857142857142
Qwen3.6-35B-A3B,36,4.166666666666666,8.333333333333332,6.25,10.416666666666668,10.416666666666668,22.916666666666664,4.166666666666666,4.166666666666666,16.666666666666664,8.333333333333332,18.75,37.5,8.333333333333332
Qwen3.6-35B-A3B,37,12.76595744680851,11.702127659574469,15.95744680851064,9.574468085106384,8.51063829787234,9.574468085106384,9.574468085106384,11.702127659574469,9.574468085106384,13.829787234042554,10.638297872340424,25.53191489361702,12.76595744680851
Qwen3.6-35B-A3B,38,5.769230769230769,13.461538461538462,9.615384615384617,5.769230769230769,7.6923076923076925,5.769230769230769,9.615384615384617,5.769230769230769,13.461538461538462,5.769230769230769,21.15384615384616,40.38461538461539,11.538461538461538
Qwen3.6-35B-A3B,39,24.13793103448276,27.58620689655172,17.24137931034483,31.03448275862069,31.03448275862069,31.03448275862069,24.13793103448276,27.58620689655172,37.93103448275862,20.6896551724138,34.48275862068966,31.03448275862069,31.03448275862069
Qwen3.6-35B-A3B,40,13.750000000000002,16.25,13.750000000000002,17.5,20.0,16.25,11.25,16.25,16.25,16.25,13.750000000000002,32.5,15.0
Qwen3.6-35B-A3B,41,25.53191489361702,17.02127659574468,21.27659574468085,21.27659574468085,19.148936170212767,14.893617021276595,25.53191489361702,14.893617021276595,25.53191489361702,27.659574468085108,31.91489361702128,38.297872340425535,25.53191489361702
Qwen3.6-35B-A3B,42,18.51851851851852,5.555555555555555,14.814814814814811,16.666666666666664,18.51851851851852,18.51851851851852,22.22222222222222,14.814814814814811,24.07407407407408,22.22222222222222,20.37037037037037,38.88888888888889,24.074074074074073
Qwen3.6-35B-A3B,43,11.428571428571429,14.285714285714285,22.857142857142858,18.571428571428573,15.714285714285714,17.142857142857142,12.857142857142856,14.285714285714285,24.285714285714285,15.714285714285714,25.71428571428571,40.0,15.714285714285714
Qwen3.6-35B-A3B,44,43.333333333333336,40.0,36.66666666666666,36.66666666666666,40.0,46.66666666666666,36.66666666666666,33.33333333333333,36.66666666666666,40.0,33.33333333333333,46.66666666666666,40.0
Qwen3.6-35B-A3B,45,6.25,9.375,6.25,6.25,12.5,9.375,9.375,12.5,28.125,21.875,25.0,40.625,21.875
Qwen3.6-35B-A3B,46,22.807017543859647,24.561403508771928,19.29824561403509,28.07017543859649,19.29824561403509,14.035087719298245,24.561403508771928,22.807017543859647,21.052631578947366,21.052631578947366,22.807017543859647,50.877192982456144,22.807017543859647
Qwen3.6-35B-A3B,47,15.384615384615383,15.384615384615383,10.76923076923077,12.307692307692308,10.76923076923077,18.461538461538463,15.384615384615383,12.307692307692308,18.461538461538463,16.923076923076923,18.461538461538463,50.76923076923077,18.461538461538463
Qwen3.6-35B-A3B,48,20.0,28.88888888888889,8.88888888888889,20.0,13.333333333333334,20.0,20.0,13.333333333333334,20.0,22.22222222222222,20.0,48.888888888888886,26.666666666666668
Qwen3.6-35B-A3B,49,31.91489361702128,29.78723404255319,42.5531914893617,34.04255319148936,34.04255319148936,34.04255319148936,34.04255319148936,38.297872340425535,31.91489361702128,40.42553191489361,34.04255319148936,51.06382978723404,36.17021276595745
Qwen3.6-35B-A3B,50,14.754098360655735,18.0327868852459,8.19672131147541,13.114754098360656,16.39344262295082,19.672131147540984,24.59016393442623,14.754098360655735,18.0327868852459,14.754098360655735,19.672131147540984,34.42622950819672,18.0327868852459
Qwen3.6-35B-A3B,51,17.741935483870968,17.741935483870968,16.129032258064516,19.35483870967742,17.741935483870968,14.516129032258066,17.741935483870968,16.129032258064516,9.67741935483871,24.193548387096776,16.129032258064516,30.64516129032258,17.741935483870968
Qwen3.6-35B-A3B,52,18.91891891891892,18.91891891891892,24.324324324324326,18.91891891891892,21.62162162162162,13.513513513513514,27.027027027027028,24.324324324324326,18.91891891891892,32.432432432432435,32.432432432432435,43.24324324324324,16.216216216216218
Qwen3.6-35B-A3B,53,11.11111111111111,9.523809523809524,11.11111111111111,9.523809523809524,14.285714285714285,12.698412698412698,15.873015873015872,12.698412698412698,11.11111111111111,11.11111111111111,15.873015873015872,33.33333333333333,14.285714285714285
Qwen3.6-35B-A3B,54,13.402061855670103,13.402061855670103,19.587628865979383,19.587628865979383,17.525773195876287,17.525773195876287,13.402061855670103,17.525773195876287,17.525773195876287,18.55670103092784,18.55670103092784,29.89690721649485,14.432989690721648
Qwen3.6-35B-A3B,55,16.129032258064516,8.064516129032258,12.903225806451612,8.064516129032258,19.35483870967742,11.29032258064516,12.903225806451612,20.967741935483872,12.903225806451612,11.29032258064516,19.35483870967742,35.483870967741936,11.29032258064516
Qwen3.6-35B-A3B,56,14.473684210526317,10.526315789473683,10.526315789473683,14.473684210526317,14.473684210526317,10.526315789473683,11.842105263157894,17.105263157894736,15.789473684210526,15.789473684210526,15.789473684210526,31.57894736842105,14.473684210526317
Qwen3.6-35B-A3B,57,14.285714285714285,9.523809523809524,14.285714285714285,14.285714285714285,11.904761904761903,11.904761904761903,9.523809523809524,14.285714285714285,9.523809523809524,14.285714285714285,11.904761904761903,30.95238095238096,11.904761904761903
Qwen3.6-35B-A3B,58,11.594202898550725,15.942028985507244,14.492753623188406,13.043478260869565,13.043478260869565,15.942028985507244,11.594202898550725,13.043478260869565,20.28985507246377,15.942028985507244,15.942028985507244,34.78260869565217,14.492753623188406
Qwen3.6-35B-A3B,59,16.666666666666664,16.666666666666664,11.666666666666666,21.666666666666668,8.333333333333332,10.0,15.0,18.33333333333333,15.0,15.0,10.0,35.0,13.333333333333334
Qwen3.6-35B-A3B,60,8.571428571428571,10.0,15.714285714285714,8.571428571428571,11.428571428571429,12.857142857142856,8.571428571428571,7.142857142857142,11.428571428571429,11.428571428571429,12.857142857142856,31.428571428571427,10.0
Qwen3.6-35B-A3B,61,21.15384615384616,25.0,23.07692307692308,26.923076923076923,26.923076923076923,23.07692307692308,21.15384615384616,23.07692307692308,23.07692307692308,15.384615384615383,17.307692307692307,32.69230769230769,23.076923076923077
Qwen3.6-35B-A3B,62,11.363636363636363,22.727272727272727,11.363636363636363,20.454545454545457,20.454545454545457,31.818181818181817,15.909090909090908,15.909090909090908,18.181818181818183,15.909090909090908,15.909090909090908,43.18181818181818,20.454545454545457
Qwen3.6-35B-A3B,63,21.875,25.0,34.375,28.125,25.0,34.375,25.0,28.125,18.75,18.75,21.875,59.375,21.875
Qwen3.6-35B-A3B,64,9.58904109589041,8.21917808219178,12.32876712328767,8.21917808219178,8.21917808219178,9.58904109589041,16.43835616438356,16.43835616438356,15.068493150684931,9.58904109589041,19.17808219178082,27.3972602739726,10.95890410958904
Qwen3.6-35B-A3B,65,11.428571428571429,14.285714285714285,15.714285714285714,12.857142857142856,15.714285714285714,14.285714285714285,15.714285714285714,18.571428571428573,11.428571428571429,12.857142857142856,15.714285714285714,18.571428571428573,12.857142857142856
Qwen3.6-35B-A3B,66,18.181818181818183,18.181818181818183,13.636363636363637,13.636363636363637,15.909090909090908,25.0,13.636363636363637,13.636363636363637,20.454545454545457,22.727272727272727,18.181818181818183,38.63636363636363,15.909090909090908
Qwen3.6-35B-A3B,67,23.4375,20.3125,23.4375,18.75,15.625,23.4375,20.3125,15.625,17.1875,15.625,25.0,37.5,17.1875
Qwen3.6-35B-A3B,68,5.714285714285714,10.0,8.571428571428571,10.0,14.285714285714285,10.0,11.428571428571429,10.0,8.571428571428571,17.142857142857142,14.285714285714285,32.857142857142854,8.571428571428571
Qwen3.6-35B-A3B,69,14.705882352941178,11.76470588235294,23.52941176470588,23.52941176470588,20.588235294117645,17.647058823529413,20.588235294117645,20.588235294117645,26.47058823529412,32.35294117647059,23.52941176470588,38.23529411764706,17.647058823529413
Qwen3.6-35B-A3B,70,8.955223880597014,14.925373134328357,10.44776119402985,10.44776119402985,10.44776119402985,14.925373134328357,11.940298507462686,14.925373134328357,14.925373134328357,11.940298507462686,16.417910447761194,16.417910447761194,13.432835820895523
Qwen3.6-35B-A3B,71,10.416666666666668,14.583333333333334,8.333333333333332,12.5,14.583333333333334,10.416666666666668,10.416666666666668,14.583333333333334,8.333333333333332,14.583333333333334,16.666666666666664,39.58333333333333,10.416666666666668
Qwen3.6-35B-A3B,72,16.666666666666664,23.33333333333333,16.666666666666664,20.0,13.333333333333334,23.33333333333333,16.666666666666664,16.666666666666664,16.666666666666664,20.0,30.0,43.333333333333336,16.666666666666664
Qwen3.6-35B-A3B,73,21.12676056338028,19.718309859154928,25.352112676056336,26.76056338028169,16.901408450704224,30.985915492957744,19.718309859154928,23.943661971830984,18.30985915492958,25.352112676056336,23.943661971830984,42.25352112676056,16.901408450704224
Qwen3.6-35B-A3B,74,25.0,21.428571428571427,17.857142857142858,28.57142857142857,17.857142857142858,28.57142857142857,23.214285714285715,25.0,26.785714285714285,26.785714285714285,32.142857142857146,48.21428571428572,30.357142857142854
Qwen3.6-35B-A3B,75,13.253012048192772,12.048192771084338,12.048192771084338,10.843373493975903,14.457831325301203,8.433734939759036,13.253012048192772,9.63855421686747,14.457831325301203,16.867469879518072,14.457831325301203,24.09638554216868,10.843373493975903
Qwen3.6-35B-A3B,76,34.48275862068966,37.93103448275862,37.93103448275862,44.82758620689656,24.13793103448276,27.58620689655172,37.93103448275862,34.48275862068966,31.03448275862069,41.37931034482759,20.6896551724138,41.37931034482759,44.827586206896555
Qwen3.6-35B-A3B,77,10.526315789473683,15.789473684210526,9.210526315789473,11.842105263157894,13.157894736842104,14.473684210526317,14.473684210526317,11.842105263157894,15.789473684210526,11.842105263157894,9.210526315789473,18.421052631578945,14.473684210526317
Qwen3.6-35B-A3B,78,36.36363636363637,36.36363636363637,36.36363636363637,40.909090909090914,31.818181818181817,31.818181818181817,27.27272727272727,45.45454545454545,40.909090909090914,36.36363636363637,40.909090909090914,40.909090909090914,45.45454545454545
Qwen3.6-35B-A3B,79,10.20408163265306,14.285714285714285,14.285714285714285,16.3265306122449,14.285714285714285,20.40816326530612,18.367346938775512,12.244897959183673,14.285714285714285,16.3265306122449,20.40816326530612,30.612244897959183,10.204081632653061
Qwen3.6-35B-A3B,80,18.96551724137931,22.41379310344828,18.96551724137931,10.344827586206897,15.517241379310343,15.517241379310343,17.24137931034483,15.517241379310343,20.6896551724138,13.79310344827586,22.41379310344828,27.58620689655172,24.137931034482758
gpt-oss-120B,0,11.320754716981131,16.9811320754717,13.20754716981132,15.09433962264151,15.09433962264151,15.09433962264151,9.433962264150944,11.320754716981131,11.320754716981131,11.320754716981131,9.433962264150944,20.75471698113208,13.20754716981132
gpt-oss-120B,1,16.666666666666664,25.0,16.666666666666664,19.444444444444446,16.666666666666664,13.88888888888889,11.11111111111111,25.0,19.444444444444446,19.444444444444446,22.22222222222222,47.22222222222222,13.88888888888889
gpt-oss-120B,2,27.27272727272727,21.21212121212121,27.27272727272727,24.24242424242424,24.24242424242424,30.303030303030305,21.21212121212121,27.27272727272727,30.303030303030305,27.27272727272727,27.27272727272727,45.45454545454545,21.21212121212121
gpt-oss-120B,3,15.909090909090908,22.727272727272727,15.909090909090908,20.454545454545457,15.909090909090908,13.636363636363637,15.909090909090908,20.454545454545457,9.090909090909092,15.909090909090908,13.636363636363637,25.0,11.363636363636363
gpt-oss-120B,4,6.8181818181818175,6.8181818181818175,9.090909090909092,9.090909090909092,9.090909090909092,11.363636363636363,9.090909090909092,11.363636363636363,15.909090909090908,13.636363636363637,6.8181818181818175,38.63636363636363,13.636363636363635
gpt-oss-120B,5,22.22222222222222,14.814814814814811,24.07407407407408,14.814814814814811,14.814814814814811,11.11111111111111,11.11111111111111,16.666666666666664,12.962962962962962,20.37037037037037,16.666666666666664,42.5925925925926,16.666666666666664
gpt-oss-120B,6,12.307692307692308,4.615384615384616,13.846153846153848,7.6923076923076925,13.846153846153848,7.6923076923076925,24.615384615384617,16.923076923076923,18.461538461538463,18.461538461538463,16.923076923076923,26.15384615384616,16.923076923076923
gpt-oss-120B,7,22.727272727272727,27.27272727272727,22.727272727272727,22.727272727272727,22.727272727272727,22.727272727272727,27.27272727272727,25.0,18.181818181818183,20.454545454545457,22.727272727272727,31.818181818181817,22.727272727272727
gpt-oss-120B,8,6.779661016949152,8.47457627118644,8.47457627118644,6.779661016949152,5.084745762711865,5.084745762711865,11.864406779661016,13.559322033898304,8.47457627118644,16.94915254237288,18.64406779661017,30.508474576271187,8.47457627118644
gpt-oss-120B,9,15.384615384615383,20.51282051282051,20.51282051282051,20.51282051282051,23.07692307692308,20.51282051282051,17.94871794871795,20.51282051282051,23.07692307692308,23.07692307692308,20.51282051282051,28.205128205128204,20.51282051282051
gpt-oss-120B,10,33.33333333333333,33.33333333333333,25.0,37.5,37.5,29.166666666666668,33.33333333333333,25.0,25.0,25.0,20.833333333333336,75.0,25.0
gpt-oss-120B,11,14.285714285714285,17.857142857142858,19.642857142857142,14.285714285714285,19.642857142857142,14.285714285714285,14.285714285714285,14.285714285714285,12.5,14.285714285714285,12.5,23.214285714285715,17.857142857142858
gpt-oss-120B,12,17.24137931034483,27.58620689655172,13.79310344827586,17.24137931034483,20.6896551724138,20.6896551724138,17.24137931034483,10.344827586206897,20.6896551724138,13.79310344827586,20.6896551724138,13.79310344827586,31.03448275862069
gpt-oss-120B,13,9.67741935483871,6.451612903225806,4.838709677419355,11.29032258064516,14.516129032258066,8.064516129032258,9.67741935483871,9.67741935483871,11.29032258064516,11.29032258064516,16.129032258064516,35.483870967741936,9.67741935483871
gpt-oss-120B,14,8.16326530612245,6.122448979591836,10.20408163265306,10.20408163265306,12.244897959183673,8.16326530612245,18.367346938775512,10.20408163265306,14.285714285714285,10.20408163265306,24.489795918367346,38.775510204081634,4.081632653061225
gpt-oss-120B,15,14.814814814814811,14.814814814814811,12.962962962962962,16.666666666666664,14.814814814814811,11.11111111111111,18.51851851851852,16.666666666666664,18.51851851851852,12.962962962962962,18.51851851851852,33.33333333333333,12.962962962962962
gpt-oss-120B,16,30.303030303030305,21.21212121212121,27.27272727272727,30.303030303030305,30.303030303030305,30.303030303030305,21.21212121212121,30.303030303030305,24.24242424242424,21.21212121212121,24.24242424242424,48.48484848484848,30.303030303030305
gpt-oss-120B,17,6.25,16.666666666666664,14.583333333333334,10.416666666666668,14.583333333333334,16.666666666666664,6.25,20.833333333333336,16.666666666666664,18.75,25.0,27.08333333333333,14.583333333333334
gpt-oss-120B,18,5.0,10.0,6.666666666666667,11.666666666666666,10.0,10.0,3.333333333333333,3.333333333333333,11.666666666666666,10.0,11.666666666666666,25.0,6.666666666666667
gpt-oss-120B,19,16.666666666666664,11.904761904761903,14.285714285714285,9.523809523809524,14.285714285714285,16.666666666666664,19.047619047619047,16.666666666666664,14.285714285714285,11.904761904761903,21.428571428571427,40.47619047619048,21.428571428571427
gpt-oss-120B,20,32.432432432432435,27.027027027027028,24.324324324324326,24.324324324324326,29.72972972972973,32.432432432432435,18.91891891891892,27.027027027027028,32.432432432432435,24.324324324324326,40.54054054054054,48.64864864864865,29.72972972972973
gpt-oss-120B,21,17.307692307692307,15.384615384615383,15.384615384615383,15.384615384615383,17.307692307692307,9.615384615384617,13.461538461538462,17.307692307692307,11.538461538461538,17.307692307692307,23.07692307692308,30.76923076923077,15.384615384615385
gpt-oss-120B,22,10.76923076923077,10.76923076923077,9.230769230769232,10.76923076923077,9.230769230769232,12.307692307692308,13.846153846153848,15.384615384615383,12.307692307692308,15.384615384615383,20.0,24.615384615384617,15.384615384615385
gpt-oss-120B,23,17.02127659574468,19.148936170212767,19.148936170212767,19.148936170212767,21.27659574468085,21.27659574468085,19.148936170212767,17.02127659574468,12.76595744680851,19.148936170212767,27.659574468085108,29.78723404255319,23.404255319148938
gpt-oss-120B,24,14.035087719298245,17.543859649122805,12.280701754385964,12.280701754385964,8.771929824561402,10.526315789473683,15.789473684210526,22.807017543859647,12.280701754385964,14.035087719298245,17.543859649122805,31.57894736842105,15.789473684210526
gpt-oss-120B,25,15.384615384615383,13.461538461538462,7.6923076923076925,11.538461538461538,9.615384615384617,11.538461538461538,11.538461538461538,11.538461538461538,11.538461538461538,13.461538461538462,11.538461538461538,26.923076923076923,13.461538461538462
gpt-oss-120B,26,11.475409836065571,13.114754098360656,8.19672131147541,8.19672131147541,11.475409836065571,9.836065573770492,13.114754098360656,14.754098360655735,11.475409836065571,13.114754098360656,18.0327868852459,26.229508196721312,8.19672131147541
gpt-oss-120B,27,5.454545454545454,1.818181818181818,3.636363636363636,3.636363636363636,5.454545454545454,20.0,7.272727272727272,3.636363636363636,3.636363636363636,1.818181818181818,5.454545454545454,40.0,1.8181818181818181
gpt-oss-120B,28,9.75609756097561,12.195121951219512,7.317073170731707,12.195121951219512,7.317073170731707,9.75609756097561,4.878048780487805,19.51219512195122,14.634146341463412,12.195121951219512,24.390243902439025,43.90243902439025,12.195121951219512
gpt-oss-120B,29,40.0,30.0,40.0,40.0,40.0,45.0,50.0,50.0,35.0,45.0,35.0,45.0,35.0
gpt-oss-120B,30,15.0,15.0,20.0,25.0,20.0,25.0,20.0,15.0,25.0,30.0,15.0,65.0,15.0
gpt-oss-120B,31,11.904761904761903,19.047619047619047,26.1904761904762,26.1904761904762,14.285714285714285,30.95238095238096,23.809523809523807,19.047619047619047,21.428571428571427,26.1904761904762,23.809523809523807,40.47619047619048,26.190476190476193
gpt-oss-120B,32,3.278688524590164,4.918032786885246,4.918032786885246,6.557377049180328,4.918032786885246,6.557377049180328,8.19672131147541,8.19672131147541,6.557377049180328,6.557377049180328,16.39344262295082,29.508196721311474,6.557377049180328
gpt-oss-120B,33,10.416666666666668,6.25,10.416666666666668,6.25,6.25,10.416666666666668,8.333333333333332,6.25,6.25,8.333333333333332,6.25,25.0,16.666666666666664
gpt-oss-120B,34,5.128205128205128,7.6923076923076925,5.128205128205128,7.6923076923076925,5.128205128205128,7.6923076923076925,5.128205128205128,5.128205128205128,15.384615384615383,7.6923076923076925,28.205128205128204,53.84615384615385,12.82051282051282
gpt-oss-120B,35,16.071428571428573,12.5,14.285714285714285,12.5,16.071428571428573,10.714285714285714,14.285714285714285,16.071428571428573,17.857142857142858,14.285714285714285,16.071428571428573,25.0,8.928571428571429
gpt-oss-120B,36,10.416666666666668,16.666666666666664,4.166666666666666,14.583333333333334,8.333333333333332,16.666666666666664,12.5,8.333333333333332,14.583333333333334,14.583333333333334,10.416666666666668,41.66666666666667,4.166666666666666
gpt-oss-120B,37,9.574468085106384,10.638297872340424,7.446808510638298,5.319148936170213,9.574468085106384,7.446808510638298,9.574468085106384,13.829787234042554,10.638297872340424,9.574468085106384,12.76595744680851,19.148936170212767,10.638297872340425
gpt-oss-120B,38,11.538461538461538,5.769230769230769,7.6923076923076925,5.769230769230769,5.769230769230769,11.538461538461538,11.538461538461538,5.769230769230769,13.461538461538462,5.769230769230769,21.15384615384616,44.230769230769226,11.538461538461538
gpt-oss-120B,39,41.37931034482759,27.58620689655172,24.13793103448276,31.03448275862069,31.03448275862069,37.93103448275862,24.13793103448276,31.03448275862069,27.58620689655172,24.13793103448276,27.58620689655172,31.03448275862069,24.137931034482758
gpt-oss-120B,40,10.0,5.0,8.75,12.5,7.5,10.0,12.5,11.25,12.5,12.5,17.5,23.75,8.75
gpt-oss-120B,41,23.404255319148938,27.659574468085108,12.76595744680851,21.27659574468085,19.148936170212767,25.53191489361702,21.27659574468085,25.53191489361702,25.53191489361702,19.148936170212767,29.78723404255319,42.5531914893617,17.02127659574468
gpt-oss-120B,42,14.814814814814811,18.51851851851852,16.666666666666664,20.37037037037037,16.666666666666664,12.962962962962962,14.814814814814811,18.51851851851852,18.51851851851852,20.37037037037037,16.666666666666664,31.48148148148148,16.666666666666664
gpt-oss-120B,43,8.571428571428571,8.571428571428571,10.0,10.0,8.571428571428571,10.0,8.571428571428571,10.0,20.0,15.714285714285714,20.0,20.0,18.571428571428573
gpt-oss-120B,44,23.33333333333333,20.0,23.33333333333333,23.33333333333333,23.33333333333333,26.666666666666668,26.666666666666668,30.0,26.666666666666668,30.0,40.0,40.0,26.666666666666668
gpt-oss-120B,45,6.25,0.0,9.375,9.375,6.25,15.625,9.375,9.375,18.75,15.625,25.0,53.125,9.375
gpt-oss-120B,46,14.035087719298245,17.543859649122805,15.789473684210526,17.543859649122805,12.280701754385964,15.789473684210526,17.543859649122805,15.789473684210526,15.789473684210526,14.035087719298245,19.29824561403509,36.84210526315789,19.298245614035086
gpt-oss-120B,47,12.307692307692308,7.6923076923076925,9.230769230769232,10.76923076923077,7.6923076923076925,9.230769230769232,6.153846153846154,12.307692307692308,10.76923076923077,7.6923076923076925,21.53846153846154,40.0,15.384615384615385
gpt-oss-120B,48,13.333333333333334,20.0,11.11111111111111,20.0,11.11111111111111,17.77777777777778,15.555555555555555,13.333333333333334,26.666666666666668,13.333333333333334,20.0,37.77777777777778,22.22222222222222
gpt-oss-120B,49,27.659574468085108,25.53191489361702,21.27659574468085,21.27659574468085,29.78723404255319,23.404255319148938,25.53191489361702,31.91489361702128,27.659574468085108,27.659574468085108,34.04255319148936,51.06382978723404,25.53191489361702
gpt-oss-120B,50,13.114754098360656,9.836065573770492,11.475409836065571,11.475409836065571,11.475409836065571,11.475409836065571,13.114754098360656,6.557377049180328,8.19672131147541,14.754098360655735,14.754098360655735,29.508196721311474,6.557377049180328
gpt-oss-120B,51,14.516129032258066,14.516129032258066,19.35483870967742,12.903225806451612,12.903225806451612,14.516129032258066,14.516129032258066,12.903225806451612,19.35483870967742,9.67741935483871,19.35483870967742,37.096774193548384,19.35483870967742
gpt-oss-120B,52,10.81081081081081,16.216216216216218,10.81081081081081,21.62162162162162,10.81081081081081,8.108108108108109,16.216216216216218,21.62162162162162,16.216216216216218,24.324324324324326,32.432432432432435,43.24324324324324,10.81081081081081
gpt-oss-120B,53,11.11111111111111,12.698412698412698,9.523809523809524,11.11111111111111,7.936507936507936,7.936507936507936,9.523809523809524,12.698412698412698,11.11111111111111,14.285714285714285,14.285714285714285,30.15873015873016,12.698412698412698
gpt-oss-120B,54,15.463917525773196,8.24742268041237,11.34020618556701,12.371134020618555,9.278350515463918,13.402061855670103,12.371134020618555,15.463917525773196,9.278350515463918,14.432989690721648,16.49484536082474,35.051546391752574,12.371134020618557
gpt-oss-120B,55,11.29032258064516,17.741935483870968,9.67741935483871,11.29032258064516,6.451612903225806,14.516129032258066,17.741935483870968,9.67741935483871,12.903225806451612,11.29032258064516,14.516129032258066,30.64516129032258,8.064516129032258
gpt-oss-120B,56,5.263157894736842,10.526315789473683,10.526315789473683,3.947368421052632,11.842105263157894,11.842105263157894,14.473684210526317,11.842105263157894,11.842105263157894,13.157894736842104,14.473684210526317,25.0,10.526315789473683
gpt-oss-120B,57,9.523809523809524,11.904761904761903,14.285714285714285,11.904761904761903,7.142857142857142,9.523809523809524,14.285714285714285,16.666666666666664,16.666666666666664,21.428571428571427,14.285714285714285,45.23809523809524,16.666666666666664
gpt-oss-120B,58,4.3478260869565215,8.695652173913043,7.246376811594203,8.695652173913043,13.043478260869565,10.144927536231885,5.797101449275362,10.144927536231885,7.246376811594203,11.594202898550725,13.043478260869565,23.18840579710145,5.797101449275362
gpt-oss-120B,59,16.666666666666664,13.333333333333334,10.0,13.333333333333334,13.333333333333334,8.333333333333332,11.666666666666666,15.0,13.333333333333334,11.666666666666666,15.0,33.33333333333333,6.666666666666667
gpt-oss-120B,60,10.0,11.428571428571429,14.285714285714285,10.0,14.285714285714285,11.428571428571429,10.0,10.0,10.0,12.857142857142856,12.857142857142856,27.142857142857142,10.0
gpt-oss-120B,61,15.384615384615383,15.384615384615383,17.307692307692307,19.23076923076924,13.461538461538462,13.461538461538462,17.307692307692307,17.307692307692307,13.461538461538462,13.461538461538462,15.384615384615383,32.69230769230769,9.615384615384617
gpt-oss-120B,62,11.363636363636363,18.181818181818183,6.8181818181818175,15.909090909090908,11.363636363636363,11.363636363636363,13.636363636363637,20.454545454545457,13.636363636363637,13.636363636363637,13.636363636363637,40.909090909090914,9.090909090909092
gpt-oss-120B,63,28.125,25.0,18.75,34.375,28.125,28.125,28.125,34.375,21.875,28.125,37.5,75.0,31.25
gpt-oss-120B,64,6.849315068493151,10.95890410958904,12.32876712328767,13.6986301369863,13.6986301369863,12.32876712328767,10.95890410958904,10.95890410958904,9.58904109589041,15.068493150684931,19.17808219178082,34.24657534246575,8.21917808219178
gpt-oss-120B,65,15.714285714285714,12.857142857142856,12.857142857142856,8.571428571428571,5.714285714285714,5.714285714285714,11.428571428571429,14.285714285714285,7.142857142857142,11.428571428571429,12.857142857142856,30.0,14.285714285714285
gpt-oss-120B,66,11.363636363636363,11.363636363636363,13.636363636363637,18.181818181818183,13.636363636363637,15.909090909090908,11.363636363636363,11.363636363636363,15.909090909090908,18.181818181818183,11.363636363636363,31.818181818181817,22.727272727272727
gpt-oss-120B,67,17.1875,14.0625,21.875,21.875,15.625,14.0625,17.1875,21.875,14.0625,17.1875,23.4375,25.0,20.3125
gpt-oss-120B,68,8.571428571428571,12.857142857142856,8.571428571428571,7.142857142857142,11.428571428571429,12.857142857142856,10.0,10.0,15.714285714285714,11.428571428571429,12.857142857142856,22.857142857142858,17.142857142857142
gpt-oss-120B,69,20.588235294117645,11.76470588235294,14.705882352941178,17.647058823529413,20.588235294117645,14.705882352941178,17.647058823529413,20.588235294117645,17.647058823529413,23.52941176470588,23.52941176470588,58.82352941176471,20.588235294117645
gpt-oss-120B,70,7.462686567164178,10.44776119402985,13.432835820895525,11.940298507462686,13.432835820895525,14.925373134328357,17.91044776119403,11.940298507462686,11.940298507462686,11.940298507462686,14.925373134328357,35.82089552238806,10.44776119402985
gpt-oss-120B,71,16.666666666666664,16.666666666666664,8.333333333333332,14.583333333333334,12.5,12.5,8.333333333333332,14.583333333333334,14.583333333333334,6.25,12.5,43.75,14.583333333333334
gpt-oss-120B,72,16.666666666666664,16.666666666666664,16.666666666666664,20.0,26.666666666666668,16.666666666666664,20.0,20.0,16.666666666666664,20.0,23.33333333333333,33.33333333333333,20.0
gpt-oss-120B,73,8.450704225352112,14.084507042253522,9.859154929577464,11.267605633802818,18.30985915492958,11.267605633802818,15.492957746478872,14.084507042253522,15.492957746478872,16.901408450704224,16.901408450704224,35.2112676056338,14.084507042253522
gpt-oss-120B,74,10.714285714285714,8.928571428571429,16.071428571428573,12.5,7.142857142857142,5.357142857142857,8.928571428571429,14.285714285714285,14.285714285714285,17.857142857142858,23.214285714285715,46.42857142857143,19.642857142857142
gpt-oss-120B,75,9.63855421686747,12.048192771084338,10.843373493975903,9.63855421686747,12.048192771084338,10.843373493975903,13.253012048192772,13.253012048192772,14.457831325301203,14.457831325301203,18.072289156626507,25.301204819277107,18.072289156626507
gpt-oss-120B,76,55.172413793103445,27.58620689655172,55.172413793103445,31.03448275862069,44.82758620689656,37.93103448275862,31.03448275862069,34.48275862068966,48.27586206896552,48.27586206896552,27.58620689655172,44.82758620689656,34.48275862068966
gpt-oss-120B,77,11.842105263157894,7.894736842105263,11.842105263157894,7.894736842105263,10.526315789473683,7.894736842105263,7.894736842105263,11.842105263157894,11.842105263157894,9.210526315789473,15.789473684210526,32.89473684210527,9.210526315789473
gpt-oss-120B,78,22.727272727272727,22.727272727272727,22.727272727272727,22.727272727272727,13.636363636363637,18.181818181818183,22.727272727272727,18.181818181818183,13.636363636363637,18.181818181818183,22.727272727272727,27.27272727272727,18.181818181818183
gpt-oss-120B,79,16.3265306122449,16.3265306122449,18.367346938775512,20.40816326530612,14.285714285714285,10.20408163265306,12.244897959183673,12.244897959183673,12.244897959183673,18.367346938775512,16.3265306122449,26.53061224489796,16.3265306122449
gpt-oss-120B,80,10.344827586206897,17.24137931034483,12.06896551724138,12.06896551724138,8.620689655172415,10.344827586206897,15.517241379310343,15.517241379310343,10.344827586206897,10.344827586206897,20.6896551724138,25.86206896551724,17.24137931034483
