law_book,article,count,content
vwgo,80,297,"(1) Widerspruch und Anfechtungsklage haben aufschiebende Wirkung. Das gilt auch bei rechtsgestaltenden und feststellenden Verwaltungsakten sowie bei Verwaltungsakten mit Doppelwirkung (§ 80a). (2) Die aufschiebende Wirkung entfällt nur  1. bei der Anforderung von öffentlichen Abgaben und Kosten, 2. bei unaufschiebbaren Anordnungen und Maßnahmen von Polizeivollzugsbeamten, 3. in anderen durch Bundesgesetz oder für Landesrecht durch Landesgesetz vorgeschriebenen Fällen, insbesondere für Widersprüche und Klagen Dritter gegen Verwaltungsakte, die Investitionen oder die Schaffung von Arbeitsplätzen betreffen, 3a. für Widersprüche und Klagen Dritter gegen Verwaltungsakte, die die Zulassung von Vorhaben betreffend Bundesverkehrswege und Mobilfunknetze zum Gegenstand haben und die nicht unter Nummer 3 fallen, 4. in den Fällen, in denen die sofortige Vollziehung im öffentlichen Interesse oder im überwiegenden Interesse eines Beteiligten von der Behörde, die den Verwaltungsakt erlassen oder über den Widerspruch zu entscheiden hat, besonders angeordnet wird. Die Länder können auch bestimmen, daß Rechtsbehelfe keine aufschiebende Wirkung haben, soweit sie sich gegen Maßnahmen richten, die in der Verwaltungsvollstreckung durch die Länder nach Bundesrecht getroffen werden. (3) In den Fällen des Absatzes 2 Satz 1 Nummer 4 ist das besondere Interesse an der sofortigen Vollziehung des Verwaltungsakts schriftlich zu begründen. Einer besonderen Begründung bedarf es nicht, wenn die Behörde bei Gefahr im Verzug, insbesondere bei drohenden Nachteilen für Leben, Gesundheit oder Eigentum vorsorglich eine als solche bezeichnete Notstandsmaßnahme im öffentlichen Interesse trifft. (4) Die Behörde, die den Verwaltungsakt erlassen oder über den Widerspruch zu entscheiden hat, kann in den Fällen des Absatzes 2 die Vollziehung aussetzen, soweit nicht bundesgesetzlich etwas anderes bestimmt ist. Bei der Anforderung von öffentlichen Abgaben und Kosten kann sie die Vollziehung auch gegen Sicherheit aussetzen. Die Aussetzung soll bei öffentlichen Abgaben und Kosten erfolgen, wenn ernstliche Zweifel an der Rechtmäßigkeit des angegriffenen Verwaltungsakts bestehen oder wenn die Vollziehung für den Abgaben- oder Kostenpflichtigen eine unbillige, nicht durch überwiegende öffentliche Interessen gebotene Härte zur Folge hätte. (5) Auf Antrag kann das Gericht der Hauptsache die aufschiebende Wirkung in den Fällen des Absatzes 2 Satz 1 Nummer 1 bis 3a ganz oder teilweise anordnen, im Falle des Absatzes 2 Satz 1 Nummer 4 ganz oder teilweise wiederherstellen. Der Antrag ist schon vor Erhebung der Anfechtungsklage zulässig. Ist der Verwaltungsakt im Zeitpunkt der Entscheidung schon vollzogen, so kann das Gericht die Aufhebung der Vollziehung anordnen. Die Wiederherstellung der aufschiebenden Wirkung kann von der Leistung einer Sicherheit oder von anderen Auflagen abhängig gemacht werden. Sie kann auch befristet werden. (6) In den Fällen des Absatzes 2 Satz 1 Nummer 1 ist der Antrag nach Absatz 5 nur zulässig, wenn die Behörde einen Antrag auf Aussetzung der Vollziehung ganz oder zum Teil abgelehnt hat. Das gilt nicht, wenn  1. die Behörde über den Antrag ohne Mitteilung eines zureichenden Grundes in angemessener Frist sachlich nicht entschieden hat oder 2. eine Vollstreckung droht. (7) Das Gericht der Hauptsache kann Beschlüsse über Anträge nach Absatz 5 jederzeit ändern oder aufheben. Jeder Beteiligte kann die Änderung oder Aufhebung wegen veränderter oder im ursprünglichen Verfahren ohne Verschulden nicht geltend gemachter Umstände beantragen. (8) In dringenden Fällen kann der Vorsitzende entscheiden."
baugb,35,216,"(1) Im Außenbereich ist ein Vorhaben nur zulässig, wenn öffentliche Belange nicht entgegenstehen, die ausreichende Erschließung gesichert ist und wenn es  1. einem land- oder forstwirtschaftlichen Betrieb dient und nur einen untergeordneten Teil der Betriebsfläche einnimmt, 2. einem Betrieb der gartenbaulichen Erzeugung dient, 3. der öffentlichen Versorgung mit Elektrizität, Gas, Telekommunikationsdienstleistungen, Wärme und Wasser, der Abwasserwirtschaft oder einem ortsgebundenen gewerblichen Betrieb dient, 4. wegen seiner besonderen Anforderungen an die Umgebung, wegen seiner nachteiligen Wirkung auf die Umgebung oder wegen seiner besonderen Zweckbestimmung nur im Außenbereich ausgeführt werden soll, es sei denn, es handelt sich um die Errichtung, Änderung oder Erweiterung einer baulichen Anlage zur Tierhaltung, die dem Anwendungsbereich der Nummer 1 nicht unterfällt und die einer Pflicht zur Durchführung einer standortbezogenen oder allgemeinen Vorprüfung oder einer Umweltverträglichkeitsprüfung nach dem Gesetz über die Umweltverträglichkeitsprüfung unterliegt, wobei bei kumulierenden Vorhaben für die Annahme eines engen Zusammenhangs diejenigen Tierhaltungsanlagen zu berücksichtigen sind, die auf demselben Betriebs- oder Baugelände liegen und mit gemeinsamen betrieblichen oder baulichen Einrichtungen verbunden sind, 5. der Erforschung, Entwicklung oder Nutzung der Windenergie nach Maßgabe des § 249 oder der Erforschung, Entwicklung oder Nutzung der geothermischen Energie oder der Wasserenergie dient, 6. der energetischen Nutzung von Biomasse im Rahmen eines Betriebs nach Nummer 1 oder 2 oder eines Betriebs nach Nummer 4, der Tierhaltung betreibt, sowie dem Anschluss solcher Anlagen an das öffentliche Versorgungsnetz dient, unter folgenden Voraussetzungen: a) das Vorhaben steht in einem räumlich-funktionalen Zusammenhang mit dem Betrieb, b) die Biomasse stammt überwiegend aus dem Betrieb oder überwiegend aus diesem und aus nahe gelegenen Betrieben nach den Nummern 1, 2 oder 4, soweit letzterer Tierhaltung betreibt, c) es wird je Hofstelle oder Betriebsstandort nur eine Anlage betrieben und d) die Kapazität einer Anlage zur Erzeugung von Biogas überschreitet nicht 2,3 Millionen Normkubikmeter Biogas pro Jahr, die Feuerungswärmeleistung anderer Anlagen überschreitet nicht 2,0 Megawatt, 7. der Erforschung, Entwicklung oder Nutzung der Kernenergie zu friedlichen Zwecken oder der Entsorgung radioaktiver Abfälle dient, mit Ausnahme der Neuerrichtung von Anlagen zur Spaltung von Kernbrennstoffen zur gewerblichen Erzeugung von Elektrizität, 8. der Nutzung solarer Strahlungsenergie dient  a) in, an und auf Dach- und Außenwandflächen von zulässigerweise genutzten Gebäuden, wenn die Anlage dem Gebäude baulich untergeordnet ist, oder b) auf einer Fläche längs von  aa) Autobahnen oder bb) Schienenwegen des übergeordneten Netzes im Sinne des § 2b des Allgemeinen Eisenbahngesetzes mit mindestens zwei Hauptgleisen und in einer Entfernung zu diesen von bis zu 200 Metern, gemessen vom äußeren Rand der Fahrbahn, 9. der Nutzung solarer Strahlungsenergie durch besondere Solaranlagen im Sinne des § 48 Absatz 1 Satz 1 Nummer 5 Buchstabe a, b oder c des Erneuerbare-Energien-Gesetzes dient, unter folgenden Voraussetzungen:  a) das Vorhaben steht in einem räumlich-funktionalen Zusammenhang mit einem Betrieb nach Nummer 1 oder 2, b) die Grundfläche der besonderen Solaranlage überschreitet nicht 25 000 Quadratmeter und c) es wird je Hofstelle oder Betriebsstandort nur eine Anlage betrieben, 10. der untertägigen Speicherung von Wärme dient und das Vorhaben in einem räumlich-funktionalen Zusammenhang mit Wärmequellen und Wärmesenken steht, 11. der Speicherung von elektrischer Energie in einer Batteriespeicheranlage dient und das Vorhaben in einem räumlich-funktionalen Zusammenhang mit einer vorhandenen Anlage zur Nutzung erneuerbarer Energien steht oder 12. der Speicherung von elektrischer Energie in einer nicht unter Nummer 11 fallenden Batteriespeicheranlage dient, unter folgenden Voraussetzungen:  a) das Vorhaben steht in einer Entfernung von höchstens 200 Metern zu der Grundstücksgrenze einer Umspannanlage von Höchstspannung zu Hochspannung oder von Hochspannung zu Mittelspannung oder zu der Grundstücksgrenze eines in Betrieb befindlichen oder aufgegebenen Kraftwerks mit einer Nennleistung ab 50 Megawatt und b) die Batteriespeicheranlage verfügt über eine Nennleistung von mindestens 4 Megawatt und c) die von allen nach dieser Nummer zugelassenen Batteriespeicheranlagen einschließlich der zugehörigen Nebenanlagen und Freiflächen insgesamt in Anspruch genommene Gesamtfläche in derselben Gemeinde überschreitet nicht 0,5 Prozent der Gemeindefläche und beträgt höchstens 50 000 Quadratmeter. (2) Sonstige Vorhaben können im Einzelfall zugelassen werden, wenn ihre Ausführung oder Benutzung öffentliche Belange nicht beeinträchtigt und die Erschließung gesichert ist. (3) Eine Beeinträchtigung öffentlicher Belange liegt insbesondere vor, wenn das Vorhaben  1. den Darstellungen des Flächennutzungsplans widerspricht, 2. den Darstellungen eines Landschaftsplans oder sonstigen Plans, insbesondere des Wasser-, Abfall- oder Immissionsschutzrechts, widerspricht, 3. schädliche Umwelteinwirkungen hervorrufen kann oder ihnen ausgesetzt wird, 4. unwirtschaftliche Aufwendungen für Straßen oder andere Verkehrseinrichtungen, für Anlagen der Versorgung oder Entsorgung, für die Sicherheit oder Gesundheit oder für sonstige Aufgaben erfordert, 5. Belange des Naturschutzes und der Landschaftspflege, des Bodenschutzes, des Denkmalschutzes oder die natürliche Eigenart der Landschaft und ihren Erholungswert beeinträchtigt oder das Orts- und Landschaftsbild verunstaltet, 6. Maßnahmen zur Verbesserung der Agrarstruktur beeinträchtigt, die Wasserwirtschaft oder den Hochwasserschutz gefährdet, 7. die Entstehung, Verfestigung oder Erweiterung einer Splittersiedlung befürchten lässt oder 8. die Funktionsfähigkeit von Funkstellen und Radaranlagen stört. Raumbedeutsame Vorhaben dürfen den Zielen der Raumordnung nicht widersprechen; öffentliche Belange stehen raumbedeutsamen Vorhaben nach Absatz 1 nicht entgegen, soweit die Belange bei der Darstellung dieser Vorhaben als Ziele der Raumordnung abgewogen worden sind. Öffentliche Belange stehen einem Vorhaben nach Absatz 1 Nummer 2 bis 6 in der Regel auch dann entgegen, soweit hierfür durch Darstellungen im Flächennutzungsplan oder als Ziele der Raumordnung eine Ausweisung an anderer Stelle erfolgt ist. (4) Den nachfolgend bezeichneten sonstigen Vorhaben im Sinne des Absatzes 2 kann nicht entgegengehalten werden, dass sie Darstellungen des Flächennutzungsplans oder eines Landschaftsplans widersprechen, die natürliche Eigenart der Landschaft beeinträchtigen oder die Entstehung, Verfestigung oder Erweiterung einer Splittersiedlung befürchten lassen, soweit sie im Übrigen außenbereichsverträglich im Sinne des Absatzes 3 sind:  1. die Änderung der bisherigen Nutzung eines Gebäudes, das unter den Voraussetzungen des Absatzes 1 Nummer 1 errichtet wurde, unter folgenden Voraussetzungen:  a) das Vorhaben dient einer zweckmäßigen Verwendung erhaltenswerter Bausubstanz, b) die äußere Gestalt des Gebäudes bleibt im Wesentlichen gewahrt, c) die Aufgabe der bisherigen Nutzung liegt nicht länger als sieben Jahre zurück, d) das Gebäude ist vor mehr als sieben Jahren zulässigerweise errichtet worden, e) das Gebäude steht im räumlich-funktionalen Zusammenhang mit der Hofstelle des land- oder forstwirtschaftlichen Betriebs, f) im Falle der Änderung zu Wohnzwecken entstehen neben den bisher nach Absatz 1 Nummer 1 zulässigen Wohnungen höchstens fünf Wohnungen je Hofstelle und g) es wird eine Verpflichtung übernommen, keine Neubebauung als Ersatz für die aufgegebene Nutzung vorzunehmen, es sei denn, die Neubebauung wird im Interesse der Entwicklung des Betriebs im Sinne des Absatzes 1 Nummer 1 erforderlich, 2. die Neuerrichtung eines gleichartigen Wohngebäudes an gleicher Stelle unter folgenden Voraussetzungen:  a) das vorhandene Gebäude ist zulässigerweise errichtet worden, b) das vorhandene Gebäude weist Missstände oder Mängel auf, c) das vorhandene Gebäude wurde oder wird seit längerer Zeit vom Eigentümer selbst genutzt und d) Tatsachen rechtfertigen die Annahme, dass das neu errichtete Gebäude für den Eigenbedarf des bisherigen Eigentümers oder seiner Familie genutzt wird; hat der Eigentümer das vorhandene Gebäude im Wege der Erbfolge von einem Voreigentümer erworben, der es seit längerer Zeit selbst genutzt hat, reicht es aus, wenn Tatsachen die Annahme rechtfertigen, dass das neu errichtete Gebäude für den Eigenbedarf des Eigentümers oder seiner Familie genutzt wird, 3. die alsbaldige Neuerrichtung eines zulässigerweise errichteten, durch Brand, Naturereignisse oder andere außergewöhnliche Ereignisse zerstörten, gleichartigen Gebäudes an gleicher Stelle, 4. die Änderung oder Nutzungsänderung von erhaltenswerten, das Bild der Kulturlandschaft prägenden Gebäuden, auch wenn sie aufgegeben sind, wenn das Vorhaben einer zweckmäßigen Verwendung der Gebäude und der Erhaltung des Gestaltwerts dient, 5. die Erweiterung eines Wohngebäudes auf bis zu höchstens zwei Wohnungen unter folgenden Voraussetzungen:  a) das Gebäude ist zulässigerweise errichtet worden, b) die Erweiterung ist im Verhältnis zum vorhandenen Gebäude und unter Berücksichtigung der Wohnbedürfnisse angemessen und c) bei der Errichtung einer weiteren Wohnung rechtfertigen Tatsachen die Annahme, dass das Gebäude vom bisherigen Eigentümer oder seiner Familie selbst genutzt wird, 6. die bauliche Erweiterung eines zulässigerweise errichteten gewerblichen Betriebs, wenn die Erweiterung im Verhältnis zum vorhandenen Gebäude und Betrieb angemessen ist. In begründeten Einzelfällen gilt die Rechtsfolge des Satzes 1 auch für die Neuerrichtung eines Gebäudes im Sinne des Absatzes 1 Nummer 1, dem eine andere Nutzung zugewiesen werden soll, wenn das ursprüngliche Gebäude vom äußeren Erscheinungsbild auch zur Wahrung der Kulturlandschaft erhaltenswert ist, keine stärkere Belastung des Außenbereichs zu erwarten ist als in Fällen des Satzes 1 und die Neuerrichtung auch mit nachbarlichen Interessen vereinbar ist; Satz 1 Nummer 1 Buchstabe b bis g gilt entsprechend. In den Fällen des Satzes 1 Nummer 2 und 3 sowie des Satzes 2 sind geringfügige Erweiterungen des neuen Gebäudes gegenüber dem beseitigten oder zerstörten Gebäude sowie geringfügige Abweichungen vom bisherigen Standort des Gebäudes zulässig. (5) Die nach den Absätzen 1 bis 4 zulässigen Vorhaben sind in einer flächensparenden, die Bodenversiegelung auf das notwendige Maß begrenzenden und den Außenbereich schonenden Weise auszuführen. Für Vorhaben nach Absatz 1 Nummer 2 bis 6, 8 Buchstabe b und Nummer 9 bis 12 ist als weitere Zulässigkeitsvoraussetzung eine Verpflichtungserklärung abzugeben, das Vorhaben nach dauerhafter Aufgabe der zulässigen Nutzung zurückzubauen und Bodenversiegelungen zu beseitigen; bei einer nach Absatz 1 Nummer 2 bis 6, 8 Buchstabe b und Nummer 9 bis 12 zulässigen Nutzungsänderung ist die Rückbauverpflichtung zu übernehmen, bei einer nach Absatz 1 Nummer 1 oder Absatz 2 zulässigen Nutzungsänderung entfällt sie. Die Baugenehmigungsbehörde soll durch nach Landesrecht vorgesehene Baulast oder in anderer Weise die Einhaltung der Verpflichtung nach Satz 2 sowie nach Absatz 4 Satz 1 Nummer 1 Buchstabe g sicherstellen. Im Übrigen soll sie in den Fällen des Absatzes 4 Satz 1 sicherstellen, dass die bauliche oder sonstige Anlage nach Durchführung des Vorhabens nur in der vorgesehenen Art genutzt wird. (6) Die Gemeinde kann für bebaute Bereiche im Außenbereich, die nicht überwiegend landwirtschaftlich geprägt sind und in denen eine Wohnbebauung von einigem Gewicht vorhanden ist, durch Satzung bestimmen, dass Wohnzwecken dienenden Vorhaben im Sinne des Absatzes 2 nicht entgegengehalten werden kann, dass sie einer Darstellung im Flächennutzungsplan über Flächen für die Landwirtschaft oder Wald widersprechen oder die Entstehung oder Verfestigung einer Splittersiedlung befürchten lassen. Die Satzung kann auch auf Vorhaben erstreckt werden, die kleineren Handwerks- und Gewerbebetrieben dienen. In der Satzung können nähere Bestimmungen über die Zulässigkeit getroffen werden. Voraussetzung für die Aufstellung der Satzung ist, dass  1. sie mit einer geordneten städtebaulichen Entwicklung vereinbar ist, 2. die Zulässigkeit von Vorhaben, die einer Pflicht zur Durchführung einer Umweltverträglichkeitsprüfung nach Anlage 1 zum Gesetz über die Umweltverträglichkeitsprüfung oder nach Landesrecht unterliegen, nicht begründet wird und 3. keine Anhaltspunkte für eine Beeinträchtigung der in § 1 Absatz 6 Nummer 7 Buchstabe b genannten Schutzgüter oder dafür bestehen, dass bei der Planung Pflichten zur Vermeidung oder Begrenzung der Auswirkungen von schweren Unfällen nach § 50 Satz 1 des Bundes-Immissionsschutzgesetzes zu beachten sind. Bei Aufstellung der Satzung sind die Vorschriften über die Öffentlichkeits- und Behördenbeteiligung nach § 13 Absatz 2 Satz 1 Nummer 2 und 3 sowie Satz 2 entsprechend anzuwenden. § 10 Absatz 3 ist entsprechend anzuwenden. Von der Satzung bleibt die Anwendung des Absatzes 4 unberührt."
baugb,34,131,"(1) Innerhalb der im Zusammenhang bebauten Ortsteile ist ein Vorhaben zulässig, wenn es sich nach Art und Maß der baulichen Nutzung, der Bauweise und der Grundstücksfläche, die überbaut werden soll, in die Eigenart der näheren Umgebung einfügt und die Erschließung gesichert ist. Die Anforderungen an gesunde Wohn- und Arbeitsverhältnisse müssen gewahrt bleiben; das Ortsbild darf nicht beeinträchtigt werden. (2) Entspricht die Eigenart der näheren Umgebung einem der Baugebiete, die in der auf Grund des § 9a erlassenen Verordnung bezeichnet sind, beurteilt sich die Zulässigkeit des Vorhabens nach seiner Art allein danach, ob es nach der Verordnung in dem Baugebiet allgemein zulässig wäre; auf die nach der Verordnung ausnahmsweise zulässigen Vorhaben ist § 31 Absatz 1, im Übrigen ist § 31 Absatz 2 und 3 Satz 1 über die Befreiung entsprechend anzuwenden. (3) Von Vorhaben nach Absatz 1 oder 2 dürfen keine schädlichen Auswirkungen auf zentrale Versorgungsbereiche in der Gemeinde oder in anderen Gemeinden zu erwarten sein. (3a) Vom Erfordernis des Einfügens in die Eigenart der näheren Umgebung nach Absatz 1 Satz 1 kann im Einzelfall abgewichen werden, wenn die Abweichung  1. einem der nachfolgend genannten Vorhaben dient:  a) der Erweiterung, Änderung, Nutzungsänderung oder Erneuerung eines zulässigerweise errichteten Gewerbe- oder Handwerksbetriebs, b) der Erweiterung, Änderung oder Erneuerung zulässigerweise errichteter Gebäude, wenn hierdurch neue Wohnungen geschaffen oder vorhandener Wohnraum wieder nutzbar wird, oder c) der Nutzungsänderung einer zulässigerweise errichteten baulichen Anlage zu Wohnzwecken, einschließlich einer erforderlichen Änderung oder Erneuerung, 2. städtebaulich vertretbar ist und 3. auch unter Würdigung nachbarlicher Interessen mit den öffentlichen Belangen vereinbar ist. Satz 1 findet keine Anwendung auf Einzelhandelsbetriebe, die die verbrauchernahe Versorgung der Bevölkerung beeinträchtigen oder schädliche Auswirkungen auf zentrale Versorgungsbereiche in der Gemeinde oder in anderen Gemeinden haben können. In den Fällen des Satzes 1 Nummer 1 Buchstabe b und c kann darüber hinaus vom Erfordernis des Einfügens im Einzelfall im Sinne des Satzes 1 in mehreren vergleichbaren Fällen abgewichen werden, wenn die übrigen Voraussetzungen des Satzes 1 vorliegen und die Aufstellung eines Bebauungsplans nicht erforderlich ist. (3b) Mit Zustimmung der Gemeinde kann im Einzelfall oder in mehreren vergleichbaren Fällen vom Erfordernis des Einfügens in die nähere Umgebung abgewichen werden, wenn das Vorhaben der Errichtung eines Wohngebäudes dient und auch unter Würdigung nachbarlicher Interessen mit den öffentlichen Belangen vereinbar ist. (4) Die Gemeinde kann durch Satzung  1. die Grenzen für im Zusammenhang bebaute Ortsteile festlegen, 2. bebaute Bereiche im Außenbereich als im Zusammenhang bebaute Ortsteile festlegen, wenn die Flächen im Flächennutzungsplan als Baufläche dargestellt sind, 3. einzelne Außenbereichsflächen in die im Zusammenhang bebauten Ortsteile einbeziehen, wenn die einbezogenen Flächen durch die bauliche Nutzung des angrenzenden Bereichs entsprechend geprägt sind. Die Satzungen können miteinander verbunden werden. (5) Voraussetzung für die Aufstellung von Satzungen nach Absatz 4 Satz 1 Nummer 2 und 3 ist, dass  1. sie mit einer geordneten städtebaulichen Entwicklung vereinbar sind, 2. die Zulässigkeit von Vorhaben, die einer Pflicht zur Durchführung einer Umweltverträglichkeitsprüfung nach Anlage 1 zum Gesetz über die Umweltverträglichkeitsprüfung oder nach Landesrecht unterliegen, nicht begründet wird und 3. keine Anhaltspunkte für eine Beeinträchtigung der in § 1 Absatz 6 Nummer 7 Buchstabe b genannten Schutzgüter oder dafür bestehen, dass bei der Planung Pflichten zur Vermeidung oder Begrenzung der Auswirkungen von schweren Unfällen nach § 50 Satz 1 des Bundes-Immissionsschutzgesetzes zu beachten sind. In den Satzungen nach Absatz 4 Satz 1 Nummer 2 und 3 können einzelne Festsetzungen nach § 9 Absatz 1 und 3 Satz 1 sowie Absatz 4 getroffen werden. § 9 Absatz 6 und § 31 sind entsprechend anzuwenden. Auf die Satzung nach Absatz 4 Satz 1 Nummer 3 sind ergänzend § 1a Absatz 2 und 3 und § 9 Absatz 1a entsprechend anzuwenden; ihr ist eine Begründung mit den Angaben entsprechend § 2a Satz 2 Nummer 1 beizufügen. (6) Bei der Aufstellung der Satzungen nach Absatz 4 Satz 1 Nummer 2 und 3 sind die Vorschriften über die Öffentlichkeits- und Behördenbeteiligung nach § 13 Absatz 2 Satz 1 Nummer 2 und 3 sowie Satz 2 entsprechend anzuwenden. Auf die Satzungen nach Absatz 4 Satz 1 Nummer 1 bis 3 ist § 10 Absatz 3 entsprechend anzuwenden."
vwgo,113,127,"(1) Soweit der Verwaltungsakt rechtswidrig und der Kläger dadurch in seinen Rechten verletzt ist, hebt das Gericht den Verwaltungsakt und den etwaigen Widerspruchsbescheid auf. Ist der Verwaltungsakt schon vollzogen, so kann das Gericht auf Antrag auch aussprechen, daß und wie die Verwaltungsbehörde die Vollziehung rückgängig zu machen hat. Dieser Ausspruch ist nur zulässig, wenn die Behörde dazu in der Lage und diese Frage spruchreif ist. Hat sich der Verwaltungsakt vorher durch Zurücknahme oder anders erledigt, so spricht das Gericht auf Antrag durch Urteil aus, daß der Verwaltungsakt rechtswidrig gewesen ist, wenn der Kläger ein berechtigtes Interesse an dieser Feststellung hat. (2) Begehrt der Kläger die Änderung eines Verwaltungsakts, der einen Geldbetrag festsetzt oder eine darauf bezogene Feststellung trifft, kann das Gericht den Betrag in anderer Höhe festsetzen oder die Feststellung durch eine andere ersetzen. Erfordert die Ermittlung des festzusetzenden oder festzustellenden Betrags einen nicht unerheblichen Aufwand, kann das Gericht die Änderung des Verwaltungsakts durch Angabe der zu Unrecht berücksichtigten oder nicht berücksichtigten tatsächlichen oder rechtlichen Verhältnisse so bestimmen, daß die Behörde den Betrag auf Grund der Entscheidung errechnen kann. Die Behörde teilt den Beteiligten das Ergebnis der Neuberechnung unverzüglich formlos mit; nach Rechtskraft der Entscheidung ist der Verwaltungsakt mit dem geänderten Inhalt neu bekanntzugeben. (3) Hält das Gericht eine weitere Sachaufklärung für erforderlich, kann es, ohne in der Sache selbst zu entscheiden, den Verwaltungsakt und den Widerspruchsbescheid aufheben, soweit nach Art oder Umfang die noch erforderlichen Ermittlungen erheblich sind und die Aufhebung auch unter Berücksichtigung der Belange der Beteiligten sachdienlich ist. Auf Antrag kann das Gericht bis zum Erlaß des neuen Verwaltungsakts eine einstweilige Regelung treffen, insbesondere bestimmen, daß Sicherheiten geleistet werden oder ganz oder zum Teil bestehen bleiben und Leistungen zunächst nicht zurückgewährt werden müssen. Der Beschluß kann jederzeit geändert oder aufgehoben werden. Eine Entscheidung nach Satz 1 kann nur binnen sechs Monaten seit Eingang der Akten der Behörde bei Gericht ergehen. (4) Kann neben der Aufhebung eines Verwaltungsakts eine Leistung verlangt werden, so ist im gleichen Verfahren auch die Verurteilung zur Leistung zulässig. (5) Soweit die Ablehnung oder Unterlassung des Verwaltungsakts rechtswidrig und der Kläger dadurch in seinen Rechten verletzt ist, spricht das Gericht die Verpflichtung der Verwaltungsbehörde aus, die beantragte Amtshandlung vorzunehmen, wenn die Sache spruchreif ist. Andernfalls spricht es die Verpflichtung aus, den Kläger unter Beachtung der Rechtsauffassung des Gerichts zu bescheiden."
vwgo,62,123,"(1) Fähig zur Vornahme von Verfahrenshandlungen sind  1. die nach bürgerlichem Recht Geschäftsfähigen, 2. die nach bürgerlichem Recht in der Geschäftsfähigkeit Beschränkten, soweit sie durch Vorschriften des bürgerlichen oder öffentlichen Rechts für den Gegenstand des Verfahrens als geschäftsfähig anerkannt sind. (2) Betrifft ein Einwilligungsvorbehalt nach § 1825 des Bürgerlichen Gesetzbuchs den Gegenstand des Verfahrens, so ist ein geschäftsfähiger Betreuter nur insoweit zur Vornahme von Verfahrenshandlungen fähig, als er nach den Vorschriften des bürgerlichen Rechts ohne Einwilligung des Betreuers handeln kann oder durch Vorschriften des öffentlichen Rechts als handlungsfähig anerkannt ist. (3) Für Vereinigungen sowie für Behörden handeln ihre gesetzlichen Vertreter und Vorstände. (4) §§ 53 bis 58 der Zivilprozeßordnung gelten entsprechend."
vwgo,42,116,"(1) Durch Klage kann die Aufhebung eines Verwaltungsakts (Anfechtungsklage) sowie die Verurteilung zum Erlaß eines abgelehnten oder unterlassenen Verwaltungsakts (Verpflichtungsklage) begehrt werden. (2) Soweit gesetzlich nichts anderes bestimmt ist, ist die Klage nur zulässig, wenn der Kläger geltend macht, durch den Verwaltungsakt oder seine Ablehnung oder Unterlassung in seinen Rechten verletzt zu sein."
vwgo,40,116,"(1) Der Verwaltungsrechtsweg ist in allen öffentlich-rechtlichen Streitigkeiten nichtverfassungsrechtlicher Art gegeben, soweit die Streitigkeiten nicht durch Bundesgesetz einem anderen Gericht ausdrücklich zugewiesen sind. Öffentlich-rechtliche Streitigkeiten auf dem Gebiet des Landesrechts können einem anderen Gericht auch durch Landesgesetz zugewiesen werden. (2) Für vermögensrechtliche Ansprüche aus Aufopferung für das gemeine Wohl und aus öffentlich-rechtlicher Verwahrung sowie für Schadensersatzansprüche aus der Verletzung öffentlich-rechtlicher Pflichten, die nicht auf einem öffentlich-rechtlichen Vertrag beruhen, ist der ordentliche Rechtsweg gegeben; dies gilt nicht für Streitigkeiten über das Bestehen und die Höhe eines Ausgleichsanspruchs im Rahmen des Artikels 14 Abs. 1 Satz 2 des Grundgesetzes. Die besonderen Vorschriften des Beamtenrechts sowie über den Rechtsweg bei Ausgleich von Vermögensnachteilen wegen Rücknahme rechtswidriger Verwaltungsakte bleiben unberührt."
vwgo,123,98,"(1) Auf Antrag kann das Gericht, auch schon vor Klageerhebung, eine einstweilige Anordnung in bezug auf den Streitgegenstand treffen, wenn die Gefahr besteht, daß durch eine Veränderung des bestehenden Zustands die Verwirklichung eines Rechts des Antragstellers vereitelt oder wesentlich erschwert werden könnte. Einstweilige Anordnungen sind auch zur Regelung eines vorläufigen Zustands in bezug auf ein streitiges Rechtsverhältnis zulässig, wenn diese Regelung, vor allem bei dauernden Rechtsverhältnissen, um wesentliche Nachteile abzuwenden oder drohende Gewalt zu verhindern oder aus anderen Gründen nötig erscheint. (2) Für den Erlaß einstweiliger Anordnungen ist das Gericht der Hauptsache zuständig. Dies ist das Gericht des ersten Rechtszugs und, wenn die Hauptsache im Berufungsverfahren anhängig ist, das Berufungsgericht. § 80 Abs. 8 ist entsprechend anzuwenden. (3) Für den Erlaß einstweiliger Anordnungen gelten §§ 920, 921, 923, 926, 928 bis 932, 938, 939, 941 und 945 der Zivilprozeßordnung entsprechend. (4) Das Gericht entscheidet durch Beschluß. (5) Die Vorschriften der Absätze 1 bis 3 gelten nicht für die Fälle der §§ 80 und 80a."
vwgo,78,92,"(1) Die Klage ist zu richten  1. gegen den Bund, das Land oder die Körperschaft, deren Behörde den angefochtenen Verwaltungsakt erlassen oder den beantragten Verwaltungsakt unterlassen hat; zur Bezeichnung des Beklagten genügt die Angabe der Behörde, 2. sofern das Landesrecht dies bestimmt, gegen die Behörde selbst, die den angefochtenen Verwaltungsakt erlassen oder den beantragten Verwaltungsakt unterlassen hat. (2) Wenn ein Widerspruchsbescheid erlassen ist, der erstmalig eine Beschwer enthält (§ 68 Abs. 1 Satz 2 Nr. 2), ist Behörde im Sinne des Absatzes 1 die Widerspruchsbehörde."
bgb,839,88,"(1) Verletzt ein Beamter vorsätzlich oder fahrlässig die ihm einem Dritten gegenüber obliegende Amtspflicht, so hat er dem Dritten den daraus entstehenden Schaden zu ersetzen. Fällt dem Beamten nur Fahrlässigkeit zur Last, so kann er nur dann in Anspruch genommen werden, wenn der Verletzte nicht auf andere Weise Ersatz zu erlangen vermag. (2) Verletzt ein Beamter bei dem Urteil in einer Rechtssache seine Amtspflicht, so ist er für den daraus entstehenden Schaden nur dann verantwortlich, wenn die Pflichtverletzung in einer Straftat besteht. Auf eine pflichtwidrige Verweigerung oder Verzögerung der Ausübung des Amts findet diese Vorschrift keine Anwendung. (3) Die Ersatzpflicht tritt nicht ein, wenn der Verletzte vorsätzlich oder fahrlässig unterlassen hat, den Schaden durch Gebrauch eines Rechtsmittels abzuwenden."
vwgo,74,72,"(1) Die Anfechtungsklage muß innerhalb eines Monats nach Zustellung des Widerspruchsbescheids erhoben werden. Ist nach § 68 ein Widerspruchsbescheid nicht erforderlich, so muß die Klage innerhalb eines Monats nach Bekanntgabe des Verwaltungsakts erhoben werden. (2) Für die Verpflichtungsklage gilt Absatz 1 entsprechend, wenn der Antrag auf Vornahme des Verwaltungsakts abgelehnt worden ist."
vwgo,43,63,"(1) Durch Klage kann die Feststellung des Bestehens oder Nichtbestehens eines Rechtsverhältnisses oder der Nichtigkeit eines Verwaltungsakts begehrt werden, wenn der Kläger ein berechtigtes Interesse an der baldigen Feststellung hat (Feststellungsklage). (2) Die Feststellung kann nicht begehrt werden, soweit der Kläger seine Rechte durch Gestaltungs- oder Leistungsklage verfolgen kann oder hätte verfolgen können. Dies gilt nicht, wenn die Feststellung der Nichtigkeit eines Verwaltungsakts begehrt wird."
vwgo,47,51,"(1) Das Oberverwaltungsgericht entscheidet im Rahmen seiner Gerichtsbarkeit auf Antrag über die Gültigkeit  1. von Satzungen, die nach den Vorschriften des Baugesetzbuchs erlassen worden sind, sowie von Rechtsverordnungen auf Grund des § 246 Abs. 2 des Baugesetzbuchs 2. von anderen im Rang unter dem Landesgesetz stehenden Rechtsvorschriften, sofern das Landesrecht dies bestimmt. (2) Den Antrag kann jede natürliche oder juristische Person, die geltend macht, durch die Rechtsvorschrift oder deren Anwendung in ihren Rechten verletzt zu sein oder in absehbarer Zeit verletzt zu werden, sowie jede Behörde innerhalb eines Jahres nach Bekanntmachung der Rechtsvorschrift stellen. Er ist gegen die Körperschaft, Anstalt oder Stiftung zu richten, welche die Rechtsvorschrift erlassen hat. Das Oberverwaltungsgericht kann dem Land und anderen juristischen Personen des öffentlichen Rechts, deren Zuständigkeit durch die Rechtsvorschrift berührt wird, Gelegenheit zur Äußerung binnen einer zu bestimmenden Frist geben. § 65 Abs. 1 und 4 und § 66 sind entsprechend anzuwenden. (2a) (weggefallen) (3) Das Oberverwaltungsgericht prüft die Vereinbarkeit der Rechtsvorschrift mit Landesrecht nicht, soweit gesetzlich vorgesehen ist, daß die Rechtsvorschrift ausschließlich durch das Verfassungsgericht eines Landes nachprüfbar ist. (4) Ist ein Verfahren zur Überprüfung der Gültigkeit der Rechtsvorschrift bei einem Verfassungsgericht anhängig, so kann das Oberverwaltungsgericht anordnen, daß die Verhandlung bis zur Erledigung des Verfahrens vor dem Verfassungsgericht auszusetzen sei. (5) Das Oberverwaltungsgericht entscheidet durch Urteil oder, wenn es eine mündliche Verhandlung nicht für erforderlich hält, durch Beschluß. Kommt das Oberverwaltungsgericht zu der Überzeugung, daß die Rechtsvorschrift ungültig ist, so erklärt es sie für unwirksam; in diesem Fall ist die Entscheidung allgemein verbindlich und die Entscheidungsformel vom Antragsgegner ebenso zu veröffentlichen wie die Rechtsvorschrift bekanntzumachen wäre. Für die Wirkung der Entscheidung gilt § 183 entsprechend. (6) Das Gericht kann auf Antrag eine einstweilige Anordnung erlassen, wenn dies zur Abwehr schwerer Nachteile oder aus anderen wichtigen Gründen dringend geboten ist."
baugb,1,48,"(1) Aufgabe der Bauleitplanung ist es, die bauliche und sonstige Nutzung der Grundstücke in der Gemeinde nach Maßgabe dieses Gesetzbuchs vorzubereiten und zu leiten. (2) Bauleitpläne sind der Flächennutzungsplan (vorbereitender Bauleitplan) und der Bebauungsplan (verbindlicher Bauleitplan). (3) Die Gemeinden haben die Bauleitpläne aufzustellen, sobald und soweit es für die städtebauliche Entwicklung und Ordnung erforderlich ist; die Aufstellung kann insbesondere bei der Ausweisung von Flächen für den Wohnungsbau in Betracht kommen. Auf die Aufstellung von Bauleitplänen und städtebaulichen Satzungen besteht kein Anspruch; ein Anspruch kann auch nicht durch Vertrag begründet werden. (4) Die Bauleitpläne sind den Zielen der Raumordnung anzupassen. (5) Die Bauleitpläne sollen eine nachhaltige städtebauliche Entwicklung, die die sozialen, wirtschaftlichen und umweltschützenden Anforderungen auch in Verantwortung gegenüber künftigen Generationen miteinander in Einklang bringt, und eine dem Wohl der Allgemeinheit dienende sozialgerechte Bodennutzung unter Berücksichtigung der Wohnbedürfnisse der Bevölkerung gewährleisten. Sie sollen dazu beitragen, eine menschenwürdige Umwelt zu sichern, die natürlichen Lebensgrundlagen zu schützen und zu entwickeln sowie den Klimaschutz und die Klimaanpassung, insbesondere auch in der Stadtentwicklung, zu fördern und zur Erfüllung der Klimaschutzziele des Bundes-Klimaschutzgesetzes die Wärme- und Energieversorgung von Gebäuden treibhausgasneutral zu gestalten sowie die städtebauliche Gestalt und das Orts- und Landschaftsbild baukulturell zu erhalten und zu entwickeln. Hierzu soll die städtebauliche Entwicklung vorrangig durch Maßnahmen der Innenentwicklung erfolgen. (6) Bei der Aufstellung der Bauleitpläne sind insbesondere zu berücksichtigen:  1. die allgemeinen Anforderungen an gesunde Wohn- und Arbeitsverhältnisse und die Sicherheit der Wohn- und Arbeitsbevölkerung, 2. die Wohnbedürfnisse der Bevölkerung, insbesondere auch von Familien mit mehreren Kindern, die Schaffung und Erhaltung sozial stabiler Bewohnerstrukturen, die Eigentumsbildung weiter Kreise der Bevölkerung und die Anforderungen kostensparenden Bauens sowie die Bevölkerungsentwicklung, 3. die sozialen und kulturellen Bedürfnisse der Bevölkerung, insbesondere die Bedürfnisse der Familien, der jungen, alten und behinderten Menschen, unterschiedliche Auswirkungen auf Frauen und Männer sowie die Belange des Bildungswesens und von Sport, Freizeit und Erholung, 4. die Erhaltung, Erneuerung, Fortentwicklung, Anpassung und der Umbau vorhandener Ortsteile sowie die Erhaltung und Entwicklung zentraler Versorgungsbereiche, 5. die Belange der Baukultur, des Denkmalschutzes und der Denkmalpflege, die erhaltenswerten Ortsteile, Straßen und Plätze von geschichtlicher, künstlerischer oder städtebaulicher Bedeutung und die Gestaltung des Orts- und Landschaftsbildes, 6. die von den Kirchen und Religionsgesellschaften des öffentlichen Rechts festgestellten Erfordernisse für Gottesdienst und Seelsorge, 7. die Belange des Umweltschutzes, einschließlich des Naturschutzes und der Landschaftspflege, insbesondere  a) die Auswirkungen auf Tiere, Pflanzen, Fläche, Boden, Wasser, Luft, Klima und das Wirkungsgefüge zwischen ihnen sowie die Landschaft und die biologische Vielfalt, b) die Erhaltungsziele und der Schutzzweck der Natura 2000-Gebiete im Sinne des Bundesnaturschutzgesetzes, c) umweltbezogene Auswirkungen auf den Menschen und seine Gesundheit sowie die Bevölkerung insgesamt, d) umweltbezogene Auswirkungen auf Kulturgüter und sonstige Sachgüter, e) die Vermeidung von Emissionen sowie der sachgerechte Umgang mit Abfällen und Abwässern, f) die Nutzung erneuerbarer Energien, insbesondere auch im Zusammenhang mit der Wärmeversorgung von Gebäuden, sowie die sparsame und effiziente Nutzung von Energie, g) die Darstellungen von Landschaftsplänen und sonstigen Plänen, insbesondere des Wasser-, des Abfall- und des Immissionsschutzrechts, sowie die Darstellungen in Wärmeplänen und die Entscheidungen über die Ausweisung als Gebiet zum Neu- oder Ausbau von Wärmenetzen oder als Wasserstoffnetzausbaugebiet gemäß § 26 des Wärmeplanungsgesetzes vom 20. Dezember 2023 (BGBl. 2023 I Nr. 394), h) die Erhaltung der bestmöglichen Luftqualität in Gebieten, in denen die durch Rechtsverordnung zur Erfüllung von Rechtsakten der Europäischen Union festgelegten Immissionsgrenzwerte nicht überschritten werden, i) die Wechselwirkungen zwischen den einzelnen Belangen des Umweltschutzes nach den Buchstaben a bis d, j) unbeschadet des § 50 Satz 1 des Bundes-Immissionsschutzgesetzes, die Auswirkungen, die aufgrund der Anfälligkeit der nach dem Bebauungsplan zulässigen Vorhaben für schwere Unfälle oder Katastrophen zu erwarten sind, auf die Belange nach den Buchstaben a bis d und i, 8. die Belange  a) der Wirtschaft, auch ihrer mittelständischen Struktur im Interesse einer verbrauchernahen Versorgung der Bevölkerung, einschließlich ihrer Bestands- und Entwicklungsinteressen, b) der Land- und Forstwirtschaft, c) der Erhaltung, Sicherung und Schaffung von Arbeitsplätzen, d) des Post- und Telekommunikationswesens, insbesondere des Mobilfunkausbaus, e) der Versorgung, insbesondere mit Energie und Wasser, einschließlich der Versorgungssicherheit, f) der Sicherung von Rohstoffvorkommen, 9. die Belange des Personen- und Güterverkehrs und der Mobilität der Bevölkerung unter besonderer Berücksichtigung einer auf Vermeidung und Verringerung von Verkehr ausgerichteten städtebaulichen Entwicklung, einschließlich  a) des Bestands- und Entwicklungsinteresses bei Verkehrsanlagen und b) der Belange des öffentlichen Personennahverkehrs, des Verkehrs mit elektrisch betriebenen Kraftfahrzeugen und des nicht motorisierten Verkehrs, 10. die Belange der Verteidigung und des Zivilschutzes sowie der zivilen Anschlussnutzung von Militärliegenschaften, 11. die Ergebnisse eines von der Gemeinde beschlossenen städtebaulichen Entwicklungskonzeptes oder einer von ihr beschlossenen sonstigen städtebaulichen Planung, 12. die Belange des Küsten- oder Hochwasserschutzes und der Hochwasservorsorge, insbesondere die Vermeidung und Verringerung von Hochwasserschäden, 13. die Belange von Flüchtlingen oder Asylbegehrenden und ihrer Unterbringung, 14. die ausreichende Versorgung mit Grün- und Freiflächen. (7) Bei der Aufstellung der Bauleitpläne sind die öffentlichen und privaten Belange gegeneinander und untereinander gerecht abzuwägen. (8) Die Vorschriften dieses Gesetzbuchs über die Aufstellung von Bauleitplänen gelten auch für ihre Änderung, Ergänzung und Aufhebung."
vwgo,124,44,"(1) Gegen Endurteile einschließlich der Teilurteile nach § 110 und gegen Zwischenurteile nach den §§ 109 und 111 steht den Beteiligten die Berufung zu, wenn sie von dem Verwaltungsgericht oder dem Oberverwaltungsgericht zugelassen wird. (2) Die Berufung ist nur zuzulassen,  1. wenn ernstliche Zweifel an der Richtigkeit des Urteils bestehen, 2. wenn die Rechtssache besondere tatsächliche oder rechtliche Schwierigkeiten aufweist, 3. wenn die Rechtssache grundsätzliche Bedeutung hat, 4. wenn das Urteil von einer Entscheidung des Oberverwaltungsgerichts, des Bundesverwaltungsgerichts, des Gemeinsamen Senats der obersten Gerichtshöfe des Bundes oder des Bundesverfassungsgerichts abweicht und auf dieser Abweichung beruht oder 5. wenn ein der Beurteilung des Berufungsgerichts unterliegender Verfahrensmangel geltend gemacht wird und vorliegt, auf dem die Entscheidung beruhen kann."
vwgo,52,44,"Für die örtliche Zuständigkeit gilt folgendes:  1. In Streitigkeiten, die sich auf unbewegliches Vermögen oder ein ortsgebundenes Recht oder Rechtsverhältnis beziehen, ist nur das Verwaltungsgericht örtlich zuständig, in dessen Bezirk das Vermögen oder der Ort liegt. 2. Bei Anfechtungsklagen gegen den Verwaltungsakt einer Bundesbehörde oder einer bundesunmittelbaren Körperschaft, Anstalt oder Stiftung des öffentlichen Rechts ist das Verwaltungsgericht örtlich zuständig, in dessen Bezirk die Bundesbehörde, die Körperschaft, Anstalt oder Stiftung ihren Sitz hat, vorbehaltlich der Nummern 1 und 4. Dies gilt auch bei Verpflichtungsklagen in den Fällen des Satzes 1. In Streitigkeiten nach dem Asylgesetz ist jedoch das Verwaltungsgericht örtlich zuständig, in dessen Bezirk der Ausländer nach dem Asylgesetz seinen Aufenthalt zu nehmen hat; ist eine örtliche Zuständigkeit danach nicht gegeben, bestimmt sie sich nach Nummer 3. Soweit ein Land, in dem der Ausländer seinen Aufenthalt zu nehmen hat, von der Möglichkeit nach § 83 Absatz 3 des Asylgesetzes Gebrauch gemacht hat, ist das Verwaltungsgericht örtlich zuständig, das nach dem Landesrecht für Streitigkeiten nach dem Asylgesetz betreffend den Herkunftsstaat des Ausländers zuständig ist. Für Klagen gegen den Bund auf Gebieten, die in die Zuständigkeit der diplomatischen und konsularischen Auslandsvertretungen der Bundesrepublik Deutschland fallen, auf dem Gebiet der Visumangelegenheiten auch, wenn diese in die Zuständigkeit des Bundesamts für Auswärtige Angelegenheiten fallen, ist das Verwaltungsgericht örtlich zuständig, in dessen Bezirk die Bundesregierung ihren Sitz hat. 3. Bei allen anderen Anfechtungsklagen vorbehaltlich der Nummern 1 und 4 ist das Verwaltungsgericht örtlich zuständig, in dessen Bezirk der Verwaltungsakt erlassen wurde. Ist er von einer Behörde, deren Zuständigkeit sich auf mehrere Verwaltungsgerichtsbezirke erstreckt, oder von einer gemeinsamen Behörde mehrerer oder aller Länder erlassen, so ist das Verwaltungsgericht zuständig, in dessen Bezirk der Beschwerte seinen Sitz oder Wohnsitz hat. Fehlt ein solcher innerhalb des Zuständigkeitsbereichs der Behörde, so bestimmt sich die Zuständigkeit nach Nummer 5. Bei Anfechtungsklagen gegen Verwaltungsakte einer von den Ländern mit der Vergabe von Studienplätzen beauftragten Behörde ist jedoch das Verwaltungsgericht örtlich zuständig, in dessen Bezirk die Behörde ihren Sitz hat. Dies gilt auch bei Verpflichtungsklagen in den Fällen der Sätze 1, 2 und 4. 4. Für alle Klagen aus einem gegenwärtigen oder früheren Beamten-, Richter-, Wehrpflicht-, Wehrdienst- oder Zivildienstverhältnis und für Streitigkeiten, die sich auf die Entstehung eines solchen Verhältnisses beziehen, ist das Verwaltungsgericht örtlich zuständig, in dessen Bezirk der Kläger oder Beklagte seinen dienstlichen Wohnsitz oder in Ermangelung dessen seinen Wohnsitz hat. Hat der Kläger oder Beklagte keinen dienstlichen Wohnsitz oder keinen Wohnsitz innerhalb des Zuständigkeitsbereichs der Behörde, die den ursprünglichen Verwaltungsakt erlassen hat, so ist das Gericht örtlich zuständig, in dessen Bezirk diese Behörde ihren Sitz hat. Die Sätze 1 und 2 gelten für Klagen nach § 79 des Gesetzes zur Regelung der Rechtsverhältnisse der unter Artikel 131 des Grundgesetzes fallenden Personen entsprechend. 5. In allen anderen Fällen ist das Verwaltungsgericht örtlich zuständig, in dessen Bezirk der Beklagte seinen Sitz, Wohnsitz oder in Ermangelung dessen seinen Aufenthalt hat oder seinen letzten Wohnsitz oder Aufenthalt hatte."
baugb,36,44,"(1) Über die Zulässigkeit von Vorhaben nach § 31 Absatz 1 und 2, den §§ 33, 34 Absatz 1, 2 und 3a sowie § 35 wird im bauaufsichtlichen Verfahren von der Baugenehmigungsbehörde im Einvernehmen mit der Gemeinde entschieden. Das Einvernehmen der Gemeinde ist auch erforderlich, wenn in einem anderen Verfahren über die Zulässigkeit nach den in Satz 1 bezeichneten Vorschriften entschieden wird; dies gilt nicht für Vorhaben der in § 29 Absatz 1 bezeichneten Art, die der Bergaufsicht unterliegen. Richtet sich die Zulässigkeit von Vorhaben nach § 30 Absatz 1, stellen die Länder sicher, dass die Gemeinde rechtzeitig vor Ausführung des Vorhabens über Maßnahmen zur Sicherung der Bauleitplanung nach den §§ 14 und 15 entscheiden kann. In den Fällen des § 35 Absatz 2 und 4 kann die Landesregierung durch Rechtsverordnung allgemein oder für bestimmte Fälle festlegen, dass die Zustimmung der höheren Verwaltungsbehörde erforderlich ist. (2) Das Einvernehmen der Gemeinde und die Zustimmung der höheren Verwaltungsbehörde dürfen nur aus den sich aus § 31 Absatz 1 und 2, den §§ 33, 34 Absatz 1, 2 und 3a sowie aus § 35 ergebenden Gründen versagt werden. Das Einvernehmen der Gemeinde und die Zustimmung der höheren Verwaltungsbehörde gelten als erteilt, wenn sie nicht binnen zwei Monaten nach Eingang des Ersuchens der Genehmigungsbehörde verweigert werden; dem Ersuchen gegenüber der Gemeinde steht die Einreichung des Antrags bei der Gemeinde gleich, wenn sie nach Landesrecht vorgeschrieben ist. Die nach Landesrecht zuständige Behörde kann ein rechtswidrig versagtes Einvernehmen der Gemeinde ersetzen."
baugb,29,41,"(1) Für Vorhaben, die die Errichtung, Änderung oder Nutzungsänderung von baulichen Anlagen zum Inhalt haben, und für Aufschüttungen und Abgrabungen größeren Umfangs sowie für Ausschachtungen, Ablagerungen einschließlich Lagerstätten gelten die §§ 30 bis 37. (2) Die Vorschriften des Bauordnungsrechts und andere öffentlich-rechtliche Vorschriften bleiben unberührt."
vwgo,173,40,"Soweit dieses Gesetz keine Bestimmungen über das Verfahren enthält, sind das Gerichtsverfassungsgesetz und die Zivilprozeßordnung einschließlich § 278 Absatz 5 und § 278a entsprechend anzuwenden, wenn die grundsätzlichen Unterschiede der beiden Verfahrensarten dies nicht ausschließen; das Leitentscheidungsverfahren nach den §§ 552b und 565 der Zivilprozessordnung ist nicht anzuwenden. Die Vorschriften des Siebzehnten Titels des Gerichtsverfassungsgesetzes sind mit der Maßgabe entsprechend anzuwenden, dass an die Stelle des Oberlandesgerichts das Oberverwaltungsgericht, an die Stelle des Bundesgerichtshofs das Bundesverwaltungsgericht und an die Stelle der Zivilprozessordnung die Verwaltungsgerichtsordnung tritt. Gericht im Sinne des § 1062 der Zivilprozeßordnung ist das zuständige Verwaltungsgericht, Gericht im Sinne des § 1065 der Zivilprozeßordnung das zuständige Oberverwaltungsgericht."
vwgo,45,39,"Das Verwaltungsgericht entscheidet im ersten Rechtszug über alle Streitigkeiten, für die der Verwaltungsrechtsweg offensteht."
vwgo,65,38,"(1) Das Gericht kann, solange das Verfahren noch nicht rechtskräftig abgeschlossen oder in höherer Instanz anhängig ist, von Amts wegen oder auf Antrag andere, deren rechtliche Interessen durch die Entscheidung berührt werden, beiladen. (2) Sind an dem streitigen Rechtsverhältnis Dritte derart beteiligt, daß die Entscheidung auch ihnen gegenüber nur einheitlich ergehen kann, so sind sie beizuladen (notwendige Beiladung). (3) Kommt nach Absatz 2 die Beiladung von mehr als fünfzig Personen in Betracht, kann das Gericht durch Beschluß anordnen, daß nur solche Personen beigeladen werden, die dies innerhalb einer bestimmten Frist beantragen. Der Beschluß ist unanfechtbar. Er ist im Bundesanzeiger bekanntzumachen. Er muß außerdem in Tageszeitungen veröffentlicht werden, die in dem Bereich verbreitet sind, in dem sich die Entscheidung voraussichtlich auswirken wird. Die Bekanntmachung kann zusätzlich in einem von dem Gericht für Bekanntmachungen bestimmten Informations- und Kommunikationssystem erfolgen. Die Frist muß mindestens drei Monate seit Veröffentlichung im Bundesanzeiger betragen. In der Veröffentlichung in Tageszeitungen ist mitzuteilen, an welchem Tage die Frist abläuft. Für die Wiedereinsetzung in den vorigen Stand bei Versäumung der Frist gilt § 60 entsprechend. Das Gericht soll Personen, die von der Entscheidung erkennbar in besonderem Maße betroffen werden, auch ohne Antrag beiladen. (4) Der Beiladungsbeschluß ist allen Beteiligten zuzustellen. Dabei sollen der Stand der Sache und der Grund der Beiladung angegeben werden. Die Beiladung ist unanfechtbar."
vwgo,114,35,"Soweit die Verwaltungsbehörde ermächtigt ist, nach ihrem Ermessen zu handeln, prüft das Gericht auch, ob der Verwaltungsakt oder die Ablehnung oder Unterlassung des Verwaltungsakts rechtswidrig ist, weil die gesetzlichen Grenzen des Ermessens überschritten sind oder von dem Ermessen in einer dem Zweck der Ermächtigung nicht entsprechenden Weise Gebrauch gemacht ist. Die Verwaltungsbehörde kann ihre Ermessenserwägungen hinsichtlich des Verwaltungsaktes auch noch im verwaltungsgerichtlichen Verfahren ergänzen."
vwgo,88,35,"Das Gericht darf über das Klagebegehren nicht hinausgehen, ist aber an die Fassung der Anträge nicht gebunden."
vwvfg,35,34,"Verwaltungsakt ist jede Verfügung, Entscheidung oder andere hoheitliche Maßnahme, die eine Behörde zur Regelung eines Einzelfalls auf dem Gebiet des öffentlichen Rechts trifft und die auf unmittelbare Rechtswirkung nach außen gerichtet ist. Allgemeinverfügung ist ein Verwaltungsakt, der sich an einen nach allgemeinen Merkmalen bestimmten oder bestimmbaren Personenkreis richtet oder die öffentlich-rechtliche Eigenschaft einer Sache oder ihre Benutzung durch die Allgemeinheit betrifft."
stvo,45,33,"(1) Die Straßenverkehrsbehörden können die Benutzung bestimmter Straßen oder Straßenstrecken aus Gründen der Sicherheit oder Ordnung des Verkehrs beschränken oder verbieten und den Verkehr umleiten. Das gleiche Recht haben sie  1. zur Durchführung von Arbeiten im Straßenraum, 2. zur Verhütung außerordentlicher Schäden an der Straße, 3. zum Schutz der Wohnbevölkerung vor Lärm und Abgasen, 4. zum Schutz der Gewässer und Heilquellen, 5. hinsichtlich der zur Erhaltung der öffentlichen Sicherheit erforderlichen Maßnahmen sowie 6. zur Erforschung des Unfallgeschehens, des Verkehrsverhaltens, der Verkehrsabläufe sowie zur Erprobung geplanter verkehrssichernder oder verkehrsregelnder Maßnahmen, 7. zur Verbesserung des Schutzes der Umwelt, darunter des Klimaschutzes, zum Schutz der Gesundheit oder zur Unterstützung der geordneten städtebaulichen Entwicklung, sofern die Leichtigkeit des Verkehrs berücksichtigt ist und die Sicherheit des Verkehrs nicht beeinträchtigt wird, hinsichtlich  a) der Einrichtung von Sonderfahrstreifen und bevorrechtigenden Lichtzeichenregelungen für Linienbusse und b) der Bereitstellung angemessener Flächen für den fließenden und ruhenden Fahrradverkehr sowie für den Fußverkehr. (1a) Das gleiche Recht haben sie ferner  1. in Bade- und heilklimatischen Kurorten, 2. in Luftkurorten, 3. in Erholungsorten von besonderer Bedeutung, 4. in Landschaftsgebieten und Ortsteilen, die überwiegend der Erholung dienen, 4a. hinsichtlich örtlich begrenzter Maßnahmen aus Gründen des Arten- oder Biotopschutzes, 4b. hinsichtlich örtlich und zeitlich begrenzter Maßnahmen zum Schutz kultureller Veranstaltungen, die außerhalb des Straßenraums stattfinden und durch den Straßenverkehr, insbesondere durch den von diesem ausgehenden Lärm, erheblich beeinträchtigt werden, 5. in der Nähe von Krankenhäusern und Pflegeanstalten sowie 6. in unmittelbarer Nähe von Erholungsstätten außerhalb geschlossener Ortschaften, wenn dadurch anders nicht vermeidbare Belästigungen durch den Fahrzeugverkehr verhütet werden können. (1b) Die Straßenverkehrsbehörden treffen auch die notwendigen Anordnungen  1. im Zusammenhang mit der Einrichtung von gebührenpflichtigen Parkplätzen für Großveranstaltungen, 2. im Zusammenhang mit der Kennzeichnung von Parkmöglichkeiten für schwerbehinderte Menschen mit außergewöhnlicher Gehbehinderung, beidseitiger Amelie oder Phokomelie oder mit vergleichbaren Funktionseinschränkungen sowie für blinde Menschen, 2a. im Zusammenhang mit der Kennzeichnung von Parkmöglichkeiten für Bewohner städtischer Quartiere mit einem drohenden oder bestehenden erheblichen Parkraummangel durch vollständige oder zeitlich beschränkte Reservierung des Parkraums für die Berechtigten oder durch Anordnung der Freistellung von angeordneten Parkraumbewirtschaftungsmaßnahmen, 3. zur Kennzeichnung von Fußgängerbereichen und verkehrsberuhigten Bereichen, 4. zur Erhaltung der Sicherheit oder Ordnung in diesen Bereichen sowie 5. zum Schutz der Bevölkerung vor Lärm und Abgasen oder zur Unterstützung einer geordneten städtebaulichen Entwicklung. Anordnungen nach Satz 1 Nummer 2a sind auch auf Grundlage eines städtebaulich-verkehrsplanerischen Konzepts zur Vermeidung von schädlichen Auswirkungen auf die Umwelt oder zur Unterstützung der geordneten städtebaulichen Entwicklung zulässig, sofern die Leichtigkeit des Verkehrs berücksichtigt ist und die Sicherheit des Verkehrs nicht beeinträchtigt wird. Die Straßenverkehrsbehörden ordnen die Parkmöglichkeiten für Bewohner, die Kennzeichnung von Fußgängerbereichen, verkehrsberuhigten Bereichen und Maßnahmen zum Schutze der Bevölkerung vor Lärm und Abgasen oder zur Unterstützung einer geordneten städtebaulichen Entwicklung im Einvernehmen mit der Gemeinde an. (1c) Die Straßenverkehrsbehörden ordnen ferner innerhalb geschlossener Ortschaften, insbesondere in Wohngebieten und Gebieten mit hoher Fußgänger- und Fahrradverkehrsdichte sowie hohem Querungsbedarf, Tempo 30-Zonen im Einvernehmen mit der Gemeinde an. Die Zonen-Anordnung darf sich weder auf Straßen des überörtlichen Verkehrs (Bundes-, Landes- und Kreisstraßen) noch auf weitere Vorfahrtstraßen (Zeichen 306) erstrecken. Sie darf nur Straßen ohne Lichtzeichen geregelte Kreuzungen oder Einmündungen, Fahrstreifenbegrenzungen (Zeichen 295), Leitlinien (Zeichen 340) und benutzungspflichtige Radwege (Zeichen 237, 240, 241 oder Zeichen 295 in Verbindung mit Zeichen 237) umfassen. An Kreuzungen und Einmündungen innerhalb der Zone muss grundsätzlich die Vorfahrtregel nach § 8 Absatz 1 Satz 1 („rechts vor links“) gelten. Abweichend von Satz 3 bleiben vor dem 1. November 2000 angeordnete Tempo 30-Zonen mit Lichtzeichenanlagen zum Schutz der Fußgänger zulässig. (1d) In zentralen städtischen Bereichen mit hohem Fußgängeraufkommen und überwiegender Aufenthaltsfunktion (verkehrsberuhigte Geschäftsbereiche) können auch Zonen-Geschwindigkeitsbeschränkungen von weniger als 30 km/h angeordnet werden. (1e) Die Straßenverkehrsbehörden ordnen die für den Betrieb von mautgebührenpflichtigen Strecken erforderlichen Verkehrszeichen und Verkehrseinrichtungen auf der Grundlage des vom Konzessionsnehmer vorgelegten Verkehrszeichenplans an. Die erforderlichen Anordnungen sind spätestens drei Monate nach Eingang des Verkehrszeichenplans zu treffen. (1f) Zur Kennzeichnung der in einem Luftreinhalteplan oder einem Plan für kurzfristig zu ergreifende Maßnahmen nach § 47 Absatz 1 oder 2 des Bundes-Immissionsschutzgesetzes festgesetzten Umweltzonen ordnet die Straßenverkehrsbehörde die dafür erforderlichen Verkehrsverbote mittels der Zeichen 270.1 und 270.2 in Verbindung mit dem dazu vorgesehenen Zusatzzeichen an. (1g) Zur Bevorrechtigung elektrisch betriebener Fahrzeuge ordnet die Straßenverkehrsbehörde unter Beachtung der Anforderungen des § 3 Absatz 1 des Elektromobilitätsgesetzes die dafür erforderlichen Zeichen 314, 314.1 und 315 in Verbindung mit dem dazu vorgesehenen Zusatzzeichen an. (1h) Zur Parkbevorrechtigung von Carsharingfahrzeugen ordnet die Straßenverkehrsbehörde unter Beachtung der Anforderungen der §§ 2 und 3 des Carsharinggesetzes die dafür erforderlichen Zeichen 314, 314.1 und 315 in Verbindung mit dem dazu vorgesehenen Zusatzzeichen mit dem Carsharingsinnbild nach § 39 Absatz 11 an. Soll die Parkfläche nur für ein bestimmtes Carsharingunternehmen vorgehalten werden, ist auf einem weiteren Zusatzzeichen unterhalb dieses Zusatzzeichens die Firmenbezeichnung des Carsharingunternehmens namentlich in schwarzer Schrift auf weißem Grund anzuordnen. (1i) Die Straßenverkehrsbehörden ordnen ferner innerhalb geschlossener Ortschaften, insbesondere in Gebieten mit hoher Fahrradverkehrsdichte, Fahrradzonen im Einvernehmen mit der Gemeinde an. Die Zonen-Anordnung darf sich weder auf Straßen des überörtlichen Verkehrs (Bundes-, Landes- und Kreisstraßen) noch auf weitere Vorfahrtstraßen (Zeichen 306) erstrecken. Sie darf nur Straßen ohne Lichtzeichen geregelte Kreuzungen oder Einmündungen, Fahrstreifenbegrenzungen (Zeichen 295), Leitlinien (Zeichen 340) und benutzungspflichtige Radwege (Zeichen 237, 240, 241 oder Zeichen 295 in Verbindung mit Zeichen 237) umfassen. An Kreuzungen und Einmündungen innerhalb der Zone muss grundsätzlich die Vorfahrtregel nach § 8 Absatz 1 Satz 1 („rechts vor links“) gelten. Die Anordnung einer Fahrradzone darf sich nicht mit der Anordnung einer Tempo 30-Zone überschneiden. Innerhalb der Fahrradzone ist in regelmäßigen Abständen das Zeichen 244.3 als Sinnbild auf der Fahrbahn aufzubringen. (1j) Die Gemeinde kann bei der nach Landesrecht zuständigen Behörde Anordnungen nach den Absätzen 1 bis 1i beantragen. (2) Zur Durchführung von Straßenbauarbeiten und zur Verhütung von außerordentlichen Schäden an der Straße, die durch deren baulichen Zustand bedingt sind, können die nach Landesrecht für den Straßenbau bestimmten Behörden (Straßenbaubehörde) – vorbehaltlich anderer Maßnahmen der Straßenverkehrsbehörden – Verkehrsverbote und -beschränkungen anordnen, den Verkehr umleiten und ihn durch Markierungen und Leiteinrichtungen lenken. Für Bahnübergänge von Eisenbahnen des öffentlichen Verkehrs können nur die Bahnunternehmen durch Blinklicht- oder Lichtzeichenanlagen, durch rot-weiß gestreifte Schranken oder durch Aufstellung des Andreaskreuzes ein bestimmtes Verhalten der Verkehrsteilnehmer vorschreiben. Für Bahnübergänge von Straßenbahnen auf unabhängigem Bahnkörper gilt Satz 2 mit der Maßgabe entsprechend, dass die Befugnis zur Anordnung der Maßnahmen der nach personenbeförderungsrechtlichen Vorschriften zuständigen Technischen Aufsichtsbehörde des Straßenbahnunternehmens obliegt. Alle Gebote und Verbote sind durch Zeichen und Verkehrseinrichtungen nach dieser Verordnung anzuordnen. (3) Im Übrigen bestimmen die Straßenverkehrsbehörden, wo und welche Verkehrszeichen und Verkehrseinrichtungen anzubringen und zu entfernen sind, bei Straßennamensschildern nur darüber, wo diese so anzubringen sind, wie Zeichen 437 zeigt. Die Straßenbaubehörden legen – vorbehaltlich anderer Anordnungen der Straßenverkehrsbehörden – die Art der Anbringung und der Ausgestaltung, wie Übergröße, Beleuchtung fest; ob Leitpfosten anzubringen sind, bestimmen sie allein. Sie können auch – vorbehaltlich anderer Maßnahmen der Straßenverkehrsbehörden – Gefahrzeichen anbringen, wenn die Sicherheit des Verkehrs durch den Zustand der Straße gefährdet wird. (4) Die genannten Behörden dürfen den Verkehr nur durch Verkehrszeichen und Verkehrseinrichtungen regeln und lenken; in dem Fall des Absatzes 1 Satz 2 Nummer 5 jedoch auch durch Anordnungen, die durch Rundfunk, Fernsehen, Tageszeitungen oder auf andere Weise bekannt gegeben werden, sofern die Aufstellung von Verkehrszeichen und -einrichtungen nach den gegebenen Umständen nicht möglich ist. (5) Zur Beschaffung, Anbringung, Unterhaltung und Entfernung der Verkehrszeichen und Verkehrseinrichtungen und zu deren Betrieb einschließlich ihrer Beleuchtung ist der Baulastträger verpflichtet, sonst der Eigentümer der Straße. Das gilt auch für die von der Straßenverkehrsbehörde angeordnete Beleuchtung von Fußgängerüberwegen. (6) Vor dem Beginn von Arbeiten, die sich auf den Straßenverkehr auswirken, müssen die Unternehmer – die Bauunternehmer unter Vorlage eines Verkehrszeichenplans – von der zuständigen Behörde Anordnungen nach den Absätzen 1 bis 3 darüber einholen, wie ihre Arbeitsstellen abzusperren und zu kennzeichnen sind, ob und wie der Verkehr, auch bei teilweiser Straßensperrung, zu beschränken, zu leiten und zu regeln ist, ferner ob und wie sie gesperrte Straßen und Umleitungen zu kennzeichnen haben. Sie haben diese Anordnungen zu befolgen und Lichtzeichenanlagen zu bedienen. (7) Sind Straßen als Vorfahrtstraßen oder als Verkehrsumleitungen gekennzeichnet, bedürfen Baumaßnahmen, durch welche die Fahrbahn eingeengt wird, der Zustimmung der Straßenverkehrsbehörde; ausgenommen sind die laufende Straßenunterhaltung sowie Notmaßnahmen. Die Zustimmung gilt als erteilt, wenn sich die Behörde nicht innerhalb einer Woche nach Eingang des Antrags zu der Maßnahme geäußert hat. (7a) Die Besatzung von Fahrzeugen, die im Pannenhilfsdienst, bei Bergungsarbeiten und bei der Vorbereitung von Abschleppmaßnahmen eingesetzt wird, darf bei Gefahr im Verzug zur Eigensicherung, zur Absicherung des havarierten Fahrzeugs und zur Sicherung des übrigen Verkehrs an der Pannenstelle Leitkegel (Zeichen 610) aufstellen. (8) Die Straßenverkehrsbehörden können innerhalb geschlossener Ortschaften die zulässige Höchstgeschwindigkeit auf bestimmten Straßen durch Zeichen 274 erhöhen. Außerhalb geschlossener Ortschaften können sie mit Zustimmung der zuständigen obersten Landesbehörden die nach § 3 Absatz 3 Nummer 2 Buchstabe c zulässige Höchstgeschwindigkeit durch Zeichen 274 auf 120 km/h anheben. (9) Verkehrszeichen und Verkehrseinrichtungen sind nur dort anzuordnen, wo dies auf Grund der besonderen Umstände zwingend erforderlich ist. Dabei dürfen Gefahrzeichen nur dort angeordnet werden, wo es für die Sicherheit des Verkehrs erforderlich ist, weil auch ein aufmerksamer Verkehrsteilnehmer die Gefahr nicht oder nicht rechtzeitig erkennen kann und auch nicht mit ihr rechnen muss. Insbesondere Beschränkungen und Verbote des fließenden Verkehrs dürfen nur angeordnet werden, wenn auf Grund der besonderen örtlichen Verhältnisse eine Gefahrenlage besteht, die das allgemeine Risiko einer Beeinträchtigung der in den vorstehenden Absätzen genannten Rechtsgüter erheblich übersteigt. Satz 3 gilt nicht für die Anordnung von  1. Schutzstreifen für den Radverkehr (Zeichen 340), 2. Fahrradstraßen (Zeichen 244.1), 3. Sonderwegen außerhalb geschlossener Ortschaften (Zeichen 237, Zeichen 240, Zeichen 241) oder Radfahrstreifen innerhalb geschlossener Ortschaften (Zeichen 237 in Verbindung mit Zeichen 295), 4. Tempo 30-Zonen nach Absatz 1c und kurzen streckenbezogenen Geschwindigkeitsbeschränkungen von 30 km/h (Zeichen 274) auf Streckenabschnitten von bis zu 500 Metern zwischen zwei Tempo 30-Strecken, 5. verkehrsberuhigten Geschäftsbereichen nach Absatz 1d, 6. innerörtlichen streckenbezogenen Geschwindigkeitsbeschränkungen von 30 km/h (Zeichen 274) nach Absatz 1 Satz 1 auf Straßen des überörtlichen Verkehrs (Bundes-, Landes- und Kreisstraßen) oder auf weiteren Vorfahrtstraßen (Zeichen 306) im unmittelbaren Bereich von an diesen Straßen gelegenen Fußgängerüberwegen, Kindergärten, Kindertagesstätten, Spielplätzen, hochfrequentierten Schulwegen, allgemeinbildenden Schulen, Förderschulen, Alten- und Pflegeheimen, Einrichtungen für Menschen mit Behinderungen oder Krankenhäusern, 7. Erprobungsmaßnahmen nach Absatz 1 Satz 2 Nummer 6 zweiter Halbsatz, 7a. Sonderfahrstreifen, 8. Fahrradzonen nach Absatz 1i, 9. Bussonderfahrstreifen (Zeichen 245), 10. Fußgängerüberwegen (Zeichen 293). Satz 3 gilt ferner nicht für Beschränkungen oder Verbote des fließenden Verkehrs nach Absatz 1 Satz 1 oder 2 Nummer 3 zur Beseitigung oder Abmilderung von erheblichen Auswirkungen veränderter Verkehrsverhältnisse, die durch die Erhebung der Maut nach dem Bundesfernstraßenmautgesetz hervorgerufen worden sind. Satz 3 gilt zudem nicht zur Kennzeichnung der in einem Luftreinhalteplan oder einem Plan für kurzfristig zu ergreifende Maßnahmen nach § 47 Absatz 1 oder 2 des Bundes-Immissionsschutzgesetzes festgesetzten Umweltzonen nach Absatz 1f. (10) Absatz 9 gilt nicht,  1. soweit Verkehrszeichen angeordnet werden, die zur Förderung der Elektromobilität nach dem Elektromobilitätsgesetz oder zur Förderung des Carsharing nach dem Carsharinggesetz getroffen werden dürfen, und 2. für Anordnungen nach Absatz 1 Satz 2 Nummer 7. (11) Absatz 1 Satz 1 und 2 Nummer 1 bis 3, 5 und 6, Absatz 1a, 1f, 2 Satz 1 und 4, Absatz 3, 4, 5 Satz 2 in Verbindung mit Satz 1, Absatz 7 sowie Absatz 9 Satz 1 bis 3, 4 Nummer 7 und Satz 6 gelten entsprechend für mit den Zeichen 330.1 und 330.2 gekennzeichnete Autobahnen in der Baulast des Bundes für das Fernstraßen-Bundesamt. Absatz 2 Satz 1 und 4 sowie Absatz 3, 4 und 7 gelten entsprechend für Bundesstraßen in Bundesverwaltung für das Fernstraßen-Bundesamt."
vwgo,124a,31,"(1) Das Verwaltungsgericht lässt die Berufung in dem Urteil zu, wenn die Gründe des § 124 Abs. 2 Nr. 3 oder Nr. 4 vorliegen. Das Oberverwaltungsgericht ist an die Zulassung gebunden. Zu einer Nichtzulassung der Berufung ist das Verwaltungsgericht nicht befugt. (2) Die Berufung ist, wenn sie von dem Verwaltungsgericht zugelassen worden ist, innerhalb eines Monats nach Zustellung des vollständigen Urteils bei dem Verwaltungsgericht einzulegen. Die Berufung muss das angefochtene Urteil bezeichnen. (3) Die Berufung ist in den Fällen des Absatzes 2 innerhalb von zwei Monaten nach Zustellung des vollständigen Urteils zu begründen. Die Begründung ist, sofern sie nicht zugleich mit der Einlegung der Berufung erfolgt, bei dem Oberverwaltungsgericht einzureichen. Die Begründungsfrist kann auf einen vor ihrem Ablauf gestellten Antrag von dem Vorsitzenden des Senats verlängert werden. Die Begründung muss einen bestimmten Antrag enthalten sowie die im Einzelnen anzuführenden Gründe der Anfechtung (Berufungsgründe). Mangelt es an einem dieser Erfordernisse, so ist die Berufung unzulässig. (4) Wird die Berufung nicht in dem Urteil des Verwaltungsgerichts zugelassen, so ist die Zulassung innerhalb eines Monats nach Zustellung des vollständigen Urteils zu beantragen. Der Antrag ist bei dem Verwaltungsgericht zu stellen. Er muss das angefochtene Urteil bezeichnen. Innerhalb von zwei Monaten nach Zustellung des vollständigen Urteils sind die Gründe darzulegen, aus denen die Berufung zuzulassen ist. Die Begründung ist, soweit sie nicht bereits mit dem Antrag vorgelegt worden ist, bei dem Oberverwaltungsgericht einzureichen. Die Stellung des Antrags hemmt die Rechtskraft des Urteils. (5) Über den Antrag entscheidet das Oberverwaltungsgericht durch Beschluss. Die Berufung ist zuzulassen, wenn einer der Gründe des § 124 Abs. 2 dargelegt ist und vorliegt. Der Beschluss soll kurz begründet werden. Mit der Ablehnung des Antrags wird das Urteil rechtskräftig. Lässt das Oberverwaltungsgericht die Berufung zu, wird das Antragsverfahren als Berufungsverfahren fortgesetzt; der Einlegung einer Berufung bedarf es nicht. (6) Die Berufung ist in den Fällen des Absatzes 5 innerhalb eines Monats nach Zustellung des Beschlusses über die Zulassung der Berufung zu begründen. Die Begründung ist bei dem Oberverwaltungsgericht einzureichen. Absatz 3 Satz 3 bis 5 gilt entsprechend."
vwgo,61,30,"Fähig, am Verfahren beteiligt zu sein, sind  1. natürliche und juristische Personen, 2. Vereinigungen, soweit ihnen ein Recht zustehen kann, 3. Behörden, sofern das Landesrecht dies bestimmt."
bverfgg,90,30,"(1) Jedermann kann mit der Behauptung, durch die öffentliche Gewalt in einem seiner Grundrechte oder in einem seiner in Artikel 20 Abs. 4, Artikel 33, 38, 101, 103 und 104 des Grundgesetzes enthaltenen Rechte verletzt zu sein, die Verfassungsbeschwerde zum Bundesverfassungsgericht erheben. (2) Ist gegen die Verletzung der Rechtsweg zulässig, so kann die Verfassungsbeschwerde erst nach Erschöpfung des Rechtswegs erhoben werden. Das Bundesverfassungsgericht kann jedoch über eine vor Erschöpfung des Rechtswegs eingelegte Verfassungsbeschwerde sofort entscheiden, wenn sie von allgemeiner Bedeutung ist oder wenn dem Beschwerdeführer ein schwerer und unabwendbarer Nachteil entstünde, falls er zunächst auf den Rechtsweg verwiesen würde. (3) Das Recht, eine Verfassungsbeschwerde an das Landesverfassungsgericht nach dem Recht der Landesverfassung zu erheben, bleibt unberührt."
vwgo,81,30,(1) Die Klage ist bei dem Gericht schriftlich zu erheben. Bei dem Verwaltungsgericht kann sie auch zu Protokoll des Urkundsbeamten der Geschäftsstelle erhoben werden. § 129a Absatz 2 der Zivilprozessordnung gilt entsprechend. (2) Der Klage und allen Schriftsätzen sollen vorbehaltlich des § 55a Absatz 5 Satz 3 Abschriften für die übrigen Beteiligten beigefügt werden.
vwgo,68,27,"(1) Vor Erhebung der Anfechtungsklage sind Rechtmäßigkeit und Zweckmäßigkeit des Verwaltungsakts in einem Vorverfahren nachzuprüfen. Einer solchen Nachprüfung bedarf es nicht, wenn ein Gesetz dies bestimmt oder wenn  1. der Verwaltungsakt von einer obersten Bundesbehörde oder von einer obersten Landesbehörde erlassen worden ist, außer wenn ein Gesetz die Nachprüfung vorschreibt, oder 2. der Abhilfebescheid oder der Widerspruchsbescheid erstmalig eine Beschwer enthält. (2) Für die Verpflichtungsklage gilt Absatz 1 entsprechend, wenn der Antrag auf Vornahme des Verwaltungsakts abgelehnt worden ist."
vwgo,80a,26,"(1) Legt ein Dritter einen Rechtsbehelf gegen den an einen anderen gerichteten, diesen begünstigenden Verwaltungsakt ein, kann die Behörde  1. auf Antrag des Begünstigten nach § 80 Absatz 2 Satz 1 Nummer 4 die sofortige Vollziehung anordnen, 2. auf Antrag des Dritten nach § 80 Abs. 4 die Vollziehung aussetzen und einstweilige Maßnahmen zur Sicherung der Rechte des Dritten treffen. (2) Legt ein Betroffener gegen einen an ihn gerichteten belastenden Verwaltungsakt, der einen Dritten begünstigt, einen Rechtsbehelf ein, kann die Behörde auf Antrag des Dritten nach § 80 Absatz 2 Satz 1 Nummer 4 die sofortige Vollziehung anordnen. (3) Das Gericht kann auf Antrag Maßnahmen nach den Absätzen 1 und 2 ändern oder aufheben oder solche Maßnahmen treffen. § 80 Abs. 5 bis 8 gilt entsprechend."
baugb,30,26,"(1) Im Geltungsbereich eines Bebauungsplans, der allein oder gemeinsam mit sonstigen baurechtlichen Vorschriften mindestens Festsetzungen über die Art und das Maß der baulichen Nutzung, die überbaubaren Grundstücksflächen und die örtlichen Verkehrsflächen enthält, ist ein Vorhaben zulässig, wenn es diesen Festsetzungen nicht widerspricht und die Erschließung gesichert ist. (2) Im Geltungsbereich eines vorhabenbezogenen Bebauungsplans nach § 12 ist ein Vorhaben zulässig, wenn es dem Bebauungsplan nicht widerspricht und die Erschließung gesichert ist. (3) Im Geltungsbereich eines Bebauungsplans, der die Voraussetzungen des Absatzes 1 nicht erfüllt (einfacher Bebauungsplan), richtet sich die Zulässigkeit von Vorhaben im Übrigen nach § 34 oder § 35."
vwgo,44,26,"Mehrere Klagebegehren können vom Kläger in einer Klage zusammen verfolgt werden, wenn sie sich gegen denselben Beklagten richten, im Zusammenhang stehen und dasselbe Gericht zuständig ist."
gvg,17a,24,"(1) Hat ein Gericht den zu ihm beschrittenen Rechtsweg rechtskräftig für zulässig erklärt, sind andere Gerichte an diese Entscheidung gebunden. (2) Ist der beschrittene Rechtsweg unzulässig, spricht das Gericht dies nach Anhörung der Parteien von Amts wegen aus und verweist den Rechtsstreit zugleich an das zuständige Gericht des zulässigen Rechtsweges. Sind mehrere Gerichte zuständig, wird an das vom Kläger oder Antragsteller auszuwählende Gericht verwiesen oder, wenn die Wahl unterbleibt, an das vom Gericht bestimmte. Der Beschluß ist für das Gericht, an das der Rechtsstreit verwiesen worden ist, hinsichtlich des Rechtsweges bindend. (3) Ist der beschrittene Rechtsweg zulässig, kann das Gericht dies vorab aussprechen. Es hat vorab zu entscheiden, wenn eine Partei die Zulässigkeit des Rechtsweges rügt. (4) Der Beschluß nach den Absätzen 2 und 3 kann ohne mündliche Verhandlung ergehen. Er ist zu begründen. Gegen den Beschluß ist die sofortige Beschwerde nach den Vorschriften der jeweils anzuwendenden Verfahrensordnung gegeben. Den Beteiligten steht die Beschwerde gegen einen Beschluß des oberen Landesgerichts an den obersten Gerichtshof des Bundes nur zu, wenn sie in dem Beschluß zugelassen worden ist. Die Beschwerde ist zuzulassen, wenn die Rechtsfrage grundsätzliche Bedeutung hat oder wenn das Gericht von der Entscheidung eines obersten Gerichtshofes des Bundes oder des Gemeinsamen Senats der obersten Gerichtshöfe des Bundes abweicht. Der oberste Gerichtshof des Bundes ist an die Zulassung der Beschwerde gebunden. (5) Das Gericht, das über ein Rechtsmittel gegen eine Entscheidung in der Hauptsache entscheidet, prüft nicht, ob der beschrittene Rechtsweg zulässig ist. (6) Die Absätze 1 bis 5 gelten für die in bürgerlichen Rechtsstreitigkeiten, Familiensachen und Angelegenheiten der freiwilligen Gerichtsbarkeit zuständigen Spruchkörper in ihrem Verhältnis zueinander entsprechend."
vwgo,63,24,"Beteiligte am Verfahren sind  1. der Kläger, 2. der Beklagte, 3. der Beigeladene (§ 65), 4. der Vertreter des Bundesinteresses beim Bundesverwaltungsgericht oder der Vertreter des öffentlichen Interesses, falls er von seiner Beteiligungsbefugnis Gebrauch macht."
baunvo,15,23,"(1) Die in den §§ 2 bis 14 aufgeführten baulichen und sonstigen Anlagen sind im Einzelfall unzulässig, wenn sie nach Anzahl, Lage, Umfang oder Zweckbestimmung der Eigenart des Baugebiets widersprechen. Sie sind auch unzulässig, wenn von ihnen Belästigungen oder Störungen ausgehen können, die nach der Eigenart des Baugebiets im Baugebiet selbst oder in dessen Umgebung unzumutbar sind, oder wenn sie solchen Belästigungen oder Störungen ausgesetzt werden. (2) Die Anwendung des Absatzes 1 hat nach den städtebaulichen Zielen und Grundsätzen des § 1 Absatz 5 des Baugesetzbuchs zu erfolgen. (3) Die Zulässigkeit der Anlagen in den Baugebieten ist nicht allein nach den verfahrensrechtlichen Einordnungen des Bundes-Immissionsschutzgesetzes und der auf seiner Grundlage erlassenen Verordnungen zu beurteilen."
bgb,280,22,"(1) Verletzt der Schuldner eine Pflicht aus dem Schuldverhältnis, so kann der Gläubiger Ersatz des hierdurch entstehenden Schadens verlangen. Dies gilt nicht, wenn der Schuldner die Pflichtverletzung nicht zu vertreten hat. (2) Schadensersatz wegen Verzögerung der Leistung kann der Gläubiger nur unter der zusätzlichen Voraussetzung des § 286 verlangen. (3) Schadensersatz statt der Leistung kann der Gläubiger nur unter den zusätzlichen Voraussetzungen des § 281, des § 282 oder des § 283 verlangen."
vwgo,36,22,(1) Bei dem Oberverwaltungsgericht und bei dem Verwaltungsgericht kann nach Maßgabe einer Rechtsverordnung der Landesregierung ein Vertreter des öffentlichen Interesses bestimmt werden. Dabei kann ihm allgemein oder für bestimmte Fälle die Vertretung des Landes oder von Landesbehörden übertragen werden. (2) § 35 Abs. 2 gilt entsprechend.
vwgo,58,22,"(1) Die Frist für ein Rechtsmittel oder einen anderen Rechtsbehelf beginnt nur zu laufen, wenn der Beteiligte über den Rechtsbehelf, die Verwaltungsbehörde oder das Gericht, bei denen der Rechtsbehelf anzubringen ist, den Sitz und die einzuhaltende Frist schriftlich oder elektronisch belehrt worden ist. (2) Ist die Belehrung unterblieben oder unrichtig erteilt, so ist die Einlegung des Rechtsbehelfs nur innerhalb eines Jahres seit Zustellung, Eröffnung oder Verkündung zulässig, außer wenn die Einlegung vor Ablauf der Jahresfrist infolge höherer Gewalt unmöglich war oder eine schriftliche oder elektronische Belehrung dahin erfolgt ist, daß ein Rechtsbehelf nicht gegeben sei. § 60 Abs. 2 gilt für den Fall höherer Gewalt entsprechend."
owig,118,21,"(1) Ordnungswidrig handelt, wer eine grob ungehörige Handlung vornimmt, die geeignet ist, die Allgemeinheit zu belästigen oder zu gefährden und die öffentliche Ordnung zu beeinträchtigen. (2) Die Ordnungswidrigkeit kann mit einer Geldbuße geahndet werden, wenn die Handlung nicht nach anderen Vorschriften geahndet werden kann."
baunvo,4,21,"(1) Allgemeine Wohngebiete dienen vorwiegend dem Wohnen. (2) Zulässig sind  1. Wohngebäude, 2. die der Versorgung des Gebiets dienenden Läden, Schank- und Speisewirtschaften sowie nicht störenden Handwerksbetriebe, 3. Anlagen für kirchliche, kulturelle, soziale, gesundheitliche und sportliche Zwecke. (3) Ausnahmsweise können zugelassen werden  1. Betriebe des Beherbergungsgewerbes, 2. sonstige nicht störende Gewerbebetriebe, 3. Anlagen für Verwaltungen, 4. Gartenbaubetriebe, 5. Tankstellen."
vwgo,82,20,"(1) Die Klage muß den Kläger, den Beklagten und den Gegenstand des Klagebegehrens bezeichnen. Sie soll einen bestimmten Antrag enthalten. Die zur Begründung dienenden Tatsachen und Beweismittel sollen angegeben, die angefochtene Verfügung und der Widerspruchsbescheid sollen in Abschrift beigefügt werden. (2) Entspricht die Klage diesen Anforderungen nicht, hat der Vorsitzende oder der nach § 21g des Gerichtsverfassungsgesetzes zuständige Berufsrichter (Berichterstatter) den Kläger zu der erforderlichen Ergänzung innerhalb einer bestimmten Frist aufzufordern. Er kann dem Kläger für die Ergänzung eine Frist mit ausschließender Wirkung setzen, wenn es an einem der in Absatz 1 Satz 1 genannten Erfordernisse fehlt. Für die Wiedereinsetzung in den vorigen Stand gilt § 60 entsprechend."
baunvo,3,20,"(1) Reine Wohngebiete dienen dem Wohnen. (2) Zulässig sind  1. Wohngebäude, 2. Anlagen zur Kinderbetreuung, die den Bedürfnissen der Bewohner des Gebiets dienen. (3) Ausnahmsweise können zugelassen werden  1. Läden und nicht störende Handwerksbetriebe, die zur Deckung des täglichen Bedarfs für die Bewohner des Gebiets dienen, sowie kleine Betriebe des Beherbergungsgewerbes, 2. sonstige Anlagen für soziale Zwecke sowie den Bedürfnissen der Bewohner des Gebiets dienende Anlagen für kirchliche, kulturelle, gesundheitliche und sportliche Zwecke. (4) Zu den nach Absatz 2 sowie den §§ 2, 4 bis 7 zulässigen Wohngebäuden gehören auch solche, die ganz oder teilweise der Betreuung und Pflege ihrer Bewohner dienen."
urhdag,19,19,(1) Der Rechtsinhaber kann von dem Diensteanbieter Auskunft über die nach § 4 vertraglich erlaubte Nutzung seines Repertoires verlangen. (2) Der Rechtsinhaber kann von dem Diensteanbieter angemessene Auskunft über die Funktionsweise der Verfahren zur Blockierung unerlaubter Nutzungen seines Repertoires nach den §§ 7 und 8 verlangen. (3) (weggefallen)
tierschg,4a,19,"(1) Ein warmblütiges Tier darf nur geschlachtet werden, wenn es vor Beginn des Blutentzugs zum Zweck des Schlachtens betäubt worden ist. (2) Abweichend von Absatz 1 bedarf es keiner Betäubung, wenn  1. sie bei Notschlachtungen nach den gegebenen Umständen nicht möglich ist, 2. die zuständige Behörde eine Ausnahmegenehmigung für ein Schlachten ohne Betäubung (Schächten) erteilt hat; sie darf die Ausnahmegenehmigung nur insoweit erteilen, als es erforderlich ist, den Bedürfnissen von Angehörigen bestimmter Religionsgemeinschaften im Geltungsbereich dieses Gesetzes zu entsprechen, denen zwingende Vorschriften ihrer Religionsgemeinschaft das Schächten vorschreiben oder den Genuss von Fleisch nicht geschächteter Tiere untersagen oder 3. dies als Ausnahme durch Rechtsverordnung nach § 4b Nr. 3 bestimmt ist."
vwgo,57,19,"(1) Der Lauf einer Frist beginnt, soweit nichts anderes bestimmt ist, mit der Zustellung oder, wenn diese nicht vorgeschrieben ist, mit der Eröffnung oder Verkündung. (2) Für die Fristen gelten die Vorschriften der §§ 222, 224 Abs. 2 und 3, §§ 225 und 226 der Zivilprozeßordnung."
bverfgg,63,17,"Antragsteller und Antragsgegner können nur sein: der Bundespräsident, der Bundestag, der Bundesrat, die Bundesregierung und die im Grundgesetz oder in den Geschäftsordnungen des Bundestages und des Bundesrates mit eigenen Rechten ausgestatteten Teile dieser Organe."
baugb,11,17,"(1) Die Gemeinde kann städtebauliche Verträge schließen. Gegenstände eines städtebaulichen Vertrags können insbesondere sein:  1. die Vorbereitung oder Durchführung städtebaulicher Maßnahmen durch den Vertragspartner auf eigene Kosten; dazu gehören auch die Neuordnung der Grundstücksverhältnisse, die Bodensanierung und sonstige vorbereitende Maßnahmen, die Erschließung durch nach Bundes- oder nach Landesrecht beitragsfähige sowie nicht beitragsfähige Erschließungsanlagen, die Ausarbeitung der städtebaulichen Planungen sowie erforderlichenfalls des Umweltberichts; die Verantwortung der Gemeinde für das gesetzlich vorgesehene Planaufstellungsverfahren bleibt unberührt; 2. die Förderung und Sicherung der mit der Bauleitplanung verfolgten Ziele, insbesondere die Grundstücksnutzung, auch hinsichtlich einer Befristung oder einer Bedingung, die Durchführung des Ausgleichs im Sinne des § 1a Absatz 3, die Berücksichtigung baukultureller Belange, die Deckung des Wohnbedarfs von Bevölkerungsgruppen mit besonderen Wohnraumversorgungsproblemen sowie der Erwerb angemessenen Wohnraums durch einkommensschwächere und weniger begüterte Personen der örtlichen Bevölkerung; 3. die Übernahme von Kosten oder sonstigen Aufwendungen, die der Gemeinde für städtebauliche Maßnahmen entstehen oder entstanden sind und die Voraussetzung oder Folge des geplanten Vorhabens sind; dazu gehört auch die Bereitstellung von Grundstücken; 4. entsprechend den mit den städtebaulichen Planungen und Maßnahmen verfolgten Zielen und Zwecken die Errichtung und Nutzung von Anlagen und Einrichtungen zur dezentralen und zentralen Erzeugung, Verteilung, Nutzung oder Speicherung von Strom, Wärme oder Kälte aus erneuerbaren Energien oder Kraft-Wärme-Kopplung; 5. entsprechend den mit den städtebaulichen Planungen und Maßnahmen verfolgten Zielen und Zwecken die Anforderungen an die energetische Qualität von Gebäuden. Die Gemeinde kann städtebauliche Verträge auch mit einer juristischen Person abschließen, an der sie beteiligt ist. (2) Die vereinbarten Leistungen müssen den gesamten Umständen nach angemessen sein. Die Vereinbarung einer vom Vertragspartner zu erbringenden Leistung ist unzulässig, wenn er auch ohne sie einen Anspruch auf die Gegenleistung hätte. Trägt oder übernimmt der Vertragspartner Kosten oder sonstige Aufwendungen, ist unbeschadet des Satzes 1 eine Eigenbeteiligung der Gemeinde nicht erforderlich. (3) Ein städtebaulicher Vertrag bedarf der Schriftform, soweit nicht durch Rechtsvorschriften eine andere Form vorgeschrieben ist. (4) Die Zulässigkeit anderer städtebaulicher Verträge bleibt unberührt."
baugb,31,17,"(1) Von den Festsetzungen des Bebauungsplans können solche Ausnahmen zugelassen werden, die in dem Bebauungsplan nach Art und Umfang ausdrücklich vorgesehen sind. (2) Von den Festsetzungen des Bebauungsplans kann befreit werden, wenn die Grundzüge der Planung nicht berührt werden und  1. Gründe des Wohls der Allgemeinheit, einschließlich der Wohnbedürfnisse der Bevölkerung, des Bedarfs zur Unterbringung von Flüchtlingen oder Asylbegehrenden, des Bedarfs an Anlagen für soziale Zwecke und des Bedarfs an einem zügigen Ausbau der erneuerbaren Energien, die Befreiung erfordern oder 2. die Abweichung städtebaulich vertretbar ist oder 3. die Durchführung des Bebauungsplans zu einer offenbar nicht beabsichtigten Härte führen würde und wenn die Abweichung auch unter Würdigung nachbarlicher Interessen mit den öffentlichen Belangen vereinbar ist. (3) Mit Zustimmung der Gemeinde kann im Einzelfall oder in mehreren vergleichbaren Fällen von den Festsetzungen des Bebauungsplans zugunsten des Wohnungsbaus befreit werden, wenn die Befreiung auch unter Würdigung nachbarlicher Interessen mit den öffentlichen Belangen vereinbar ist. Die Befreiung nach Satz 1 ist mit öffentlichen Belangen insbesondere dann nicht vereinbar, wenn sie aufgrund einer überschlägigen Prüfung voraussichtlich zusätzliche erhebliche Umweltauswirkungen hat."
zpo,222,17,"(1) Für die Berechnung der Fristen gelten die Vorschriften des Bürgerlichen Gesetzbuchs. (2) Fällt das Ende einer Frist auf einen Sonntag, einen allgemeinen Feiertag oder einen Sonnabend, so endet die Frist mit Ablauf des nächsten Werktages. (3) Bei der Berechnung einer Frist, die nach Stunden bestimmt ist, werden Sonntage, allgemeine Feiertage und Sonnabende nicht mitgerechnet."
baunvo,6,17,"(1) Mischgebiete dienen dem Wohnen und der Unterbringung von Gewerbebetrieben, die das Wohnen nicht wesentlich stören. (2) Zulässig sind  1. Wohngebäude, 2. Geschäfts- und Bürogebäude, 3. Einzelhandelsbetriebe, Schank- und Speisewirtschaften sowie Betriebe des Beherbergungsgewerbes, 4. sonstige Gewerbebetriebe, 5. Anlagen für Verwaltungen sowie für kirchliche, kulturelle, soziale, gesundheitliche und sportliche Zwecke, 6. Gartenbaubetriebe, 7. Tankstellen, 8. Vergnügungsstätten im Sinne des § 4a Absatz 3 Nummer 2 in den Teilen des Gebiets, die überwiegend durch gewerbliche Nutzungen geprägt sind. (3) Ausnahmsweise können Vergnügungsstätten im Sinne des § 4a Absatz 3 Nummer 2 außerhalb der in Absatz 2 Nummer 8 bezeichneten Teile des Gebiets zugelassen werden."
vwgo,67,16,"(1) Die Beteiligten können vor dem Verwaltungsgericht den Rechtsstreit selbst führen. (2) Die Beteiligten können sich durch einen Rechtsanwalt oder einen Rechtslehrer an einer staatlichen oder staatlich anerkannten Hochschule eines Mitgliedstaates der Europäischen Union, eines anderen Vertragsstaates des Abkommens über den Europäischen Wirtschaftsraum oder der Schweiz, der die Befähigung zum Richteramt besitzt, als Bevollmächtigten vertreten lassen. Darüber hinaus sind als Bevollmächtigte vor dem Verwaltungsgericht vertretungsbefugt nur  1. Beschäftigte des Beteiligten oder eines mit ihm verbundenen Unternehmens (§ 15 des Aktiengesetzes); Behörden und juristische Personen des öffentlichen Rechts einschließlich der von ihnen zur Erfüllung ihrer öffentlichen Aufgaben gebildeten Zusammenschlüsse können sich auch durch Beschäftigte anderer Behörden oder juristischer Personen des öffentlichen Rechts einschließlich der von ihnen zur Erfüllung ihrer öffentlichen Aufgaben gebildeten Zusammenschlüsse vertreten lassen, 2. volljährige Familienangehörige (§ 15 der Abgabenordnung, § 11 des Lebenspartnerschaftsgesetzes), Personen mit Befähigung zum Richteramt und Streitgenossen, wenn die Vertretung nicht im Zusammenhang mit einer entgeltlichen Tätigkeit steht, 3. Steuerberater, Steuerbevollmächtigte, Wirtschaftsprüfer und vereidigte Buchprüfer, Personen und Vereinigungen im Sinne der §§ 3a und 3c des Steuerberatungsgesetzes im Rahmen ihrer Befugnisse nach § 3a des Steuerberatungsgesetzes, zu beschränkter geschäftsmäßiger Hilfeleistung in Steuersachen nach den §§ 3d und 3e des Steuerberatungsgesetzes berechtigte Personen im Rahmen dieser Befugnisse sowie Gesellschaften im Sinne des § 3 Satz 1 Nummer 2 und 3 des Steuerberatungsgesetzes, die durch Personen im Sinne des § 3 Satz 2 des Steuerberatungsgesetzes handeln, in Abgabenangelegenheiten, 3a. Steuerberater, Steuerbevollmächtigte, Wirtschaftsprüfer und vereidigte Buchprüfer, Personen und Vereinigungen im Sinne der §§ 3a und 3c des Steuerberatungsgesetzes im Rahmen ihrer Befugnisse nach § 3a des Steuerberatungsgesetzes, zu beschränkter geschäftsmäßiger Hilfeleistung in Steuersachen nach den §§ 3d und 3e des Steuerberatungsgesetzes berechtigte Personen im Rahmen dieser Befugnisse sowie Gesellschaften im Sinne des § 3 Satz 1 Nummer 2 und 3 des Steuerberatungsgesetzes, die durch Personen im Sinne des § 3 Satz 2 des Steuerberatungsgesetzes handeln, in Angelegenheiten finanzieller Hilfeleistungen im Rahmen staatlicher Hilfsprogramme zur Abmilderung der Folgen der COVID-19-Pandemie, wenn und soweit diese Hilfsprogramme eine Einbeziehung der Genannten als prüfende Dritte vorsehen, 4. berufsständische Vereinigungen der Landwirtschaft für ihre Mitglieder, 5. Gewerkschaften und Vereinigungen von Arbeitgebern sowie Zusammenschlüsse solcher Verbände für ihre Mitglieder oder für andere Verbände oder Zusammenschlüsse mit vergleichbarer Ausrichtung und deren Mitglieder, 6. Vereinigungen, deren satzungsgemäße Aufgaben die gemeinschaftliche Interessenvertretung, die Beratung und Vertretung von Menschen mit Behinderungen wesentlich umfassen und die unter Berücksichtigung von Art und Umfang ihrer Tätigkeit sowie ihres Mitgliederkreises die Gewähr für eine sachkundige Prozessvertretung bieten, für ihre Mitglieder in Angelegenheiten des Schwerbehindertenrechts sowie der damit im Zusammenhang stehenden Angelegenheiten, 7. juristische Personen, deren Anteile sämtlich im wirtschaftlichen Eigentum einer der in den Nummern 5 und 6 bezeichneten Organisationen stehen, wenn die juristische Person ausschließlich die Rechtsberatung und Prozessvertretung dieser Organisation und ihrer Mitglieder oder anderer Verbände oder Zusammenschlüsse mit vergleichbarer Ausrichtung und deren Mitglieder entsprechend deren Satzung durchführt, und wenn die Organisation für die Tätigkeit der Bevollmächtigten haftet, 8. Patentanwälte in den in § 39 Absatz 1 Satz 1 des Agrargeoschutz-Durchführungsgesetzes genannten Angelegenheiten. Bevollmächtigte, die keine natürlichen Personen sind, handeln durch ihre Organe und mit der Prozessvertretung beauftragten Vertreter. (3) Das Gericht weist Bevollmächtigte, die nicht nach Maßgabe des Absatzes 2 vertretungsbefugt sind, durch unanfechtbaren Beschluss zurück. Prozesshandlungen eines nicht vertretungsbefugten Bevollmächtigten und Zustellungen oder Mitteilungen an diesen Bevollmächtigten sind bis zu seiner Zurückweisung wirksam. Das Gericht kann den in Absatz 2 Satz 2 Nr. 1 und 2 bezeichneten Bevollmächtigten durch unanfechtbaren Beschluss die weitere Vertretung untersagen, wenn sie nicht in der Lage sind, das Sach- und Streitverhältnis sachgerecht darzustellen. (4) Vor dem Bundesverwaltungsgericht und dem Oberverwaltungsgericht müssen sich die Beteiligten, außer im Prozesskostenhilfeverfahren, durch Prozessbevollmächtigte vertreten lassen. Dies gilt auch für Prozesshandlungen, durch die ein Verfahren vor dem Bundesverwaltungsgericht oder einem Oberverwaltungsgericht eingeleitet wird. Als Bevollmächtigte sind nur die in Absatz 2 Satz 1 bezeichneten Personen zugelassen. Behörden und juristische Personen des öffentlichen Rechts einschließlich der von ihnen zur Erfüllung ihrer öffentlichen Aufgaben gebildeten Zusammenschlüsse können sich durch eigene Beschäftigte mit Befähigung zum Richteramt oder durch Beschäftigte mit Befähigung zum Richteramt anderer Behörden oder juristischer Personen des öffentlichen Rechts einschließlich der von ihnen zur Erfüllung ihrer öffentlichen Aufgaben gebildeten Zusammenschlüsse vertreten lassen. Vor dem Bundesverwaltungsgericht sind auch die in Absatz 2 Satz 2 Nr. 5 bezeichneten Organisationen einschließlich der von ihnen gebildeten juristischen Personen gemäß Absatz 2 Satz 2 Nr. 7 als Bevollmächtigte zugelassen, jedoch nur in Angelegenheiten, die Rechtsverhältnisse im Sinne des § 52 Nr. 4 betreffen, in Personalvertretungsangelegenheiten und in Angelegenheiten, die in einem Zusammenhang mit einem gegenwärtigen oder früheren Arbeitsverhältnis von Arbeitnehmern im Sinne des § 5 des Arbeitsgerichtsgesetzes stehen, einschließlich Prüfungsangelegenheiten. Die in Satz 5 genannten Bevollmächtigten müssen durch Personen mit der Befähigung zum Richteramt handeln. Vor dem Oberverwaltungsgericht sind auch die in Absatz 2 Satz 2 Nr. 3 bis 7 bezeichneten Personen und Organisationen als Bevollmächtigte zugelassen. Ein Beteiligter, der nach Maßgabe der Sätze 3, 5 und 7 zur Vertretung berechtigt ist, kann sich selbst vertreten. (5) Richter dürfen nicht als Bevollmächtigte vor dem Gericht auftreten, dem sie angehören. Ehrenamtliche Richter dürfen, außer in den Fällen des Absatzes 2 Satz 2 Nr. 1, nicht vor einem Spruchkörper auftreten, dem sie angehören. Absatz 3 Satz 1 und 2 gilt entsprechend. (6) Die Vollmacht ist schriftlich zu den Gerichtsakten einzureichen. Sie kann nachgereicht werden; hierfür kann das Gericht eine Frist bestimmen. Der Mangel der Vollmacht kann in jeder Lage des Verfahrens geltend gemacht werden. Das Gericht hat den Mangel der Vollmacht von Amts wegen zu berücksichtigen, wenn nicht als Bevollmächtigter ein Rechtsanwalt auftritt. Ist ein Bevollmächtigter bestellt, sind die Zustellungen oder Mitteilungen des Gerichts an ihn zu richten. (7) In der Verhandlung können die Beteiligten mit Beiständen erscheinen. Beistand kann sein, wer in Verfahren, in denen die Beteiligten den Rechtsstreit selbst führen können, als Bevollmächtigter zur Vertretung in der Verhandlung befugt ist. Das Gericht kann andere Personen als Beistand zulassen, wenn dies sachdienlich ist und hierfür nach den Umständen des Einzelfalls ein Bedürfnis besteht. Absatz 3 Satz 1 und 3 und Absatz 5 gelten entsprechend. Das von dem Beistand Vorgetragene gilt als von dem Beteiligten vorgebracht, soweit es nicht von diesem sofort widerrufen oder berichtigt wird."
ladschlg,2,16,"(1) Feiertage im Sinne dieses Gesetzes sind die gesetzlichen Feiertage. (2) Reisebedarf im Sinne dieses Gesetzes sind Zeitungen, Zeitschriften, Straßenkarten, Stadtpläne, Reiselektüre, Schreibmaterialien, Tabakwaren, Schnittblumen, Reisetoilettenartikel, Filme, Tonträger, Bedarf für Reiseapotheken, Reiseandenken und Spielzeug geringeren Wertes, Lebens- und Genussmittel in kleineren Mengen sowie ausländische Geldsorten."
beamtstg,48,16,"Beamtinnen und Beamte, die vorsätzlich oder grob fahrlässig die ihnen obliegenden Pflichten verletzen, haben dem Dienstherrn, dessen Aufgaben sie wahrgenommen haben, den daraus entstehenden Schaden zu ersetzen. Haben mehrere Beamtinnen oder Beamte gemeinsam den Schaden verursacht, haften sie als Gesamtschuldner."
bverfgg,93,15,"(1) Die Verfassungsbeschwerde ist binnen eines Monats zu erheben und zu begründen. Die Frist beginnt mit der Zustellung oder formlosen Mitteilung der in vollständiger Form abgefaßten Entscheidung, wenn diese nach den maßgebenden verfahrensrechtlichen Vorschriften von Amts wegen vorzunehmen ist. In anderen Fällen beginnt die Frist mit der Verkündung der Entscheidung oder, wenn diese nicht zu verkünden ist, mit ihrer sonstigen Bekanntgabe an den Beschwerdeführer; wird dabei dem Beschwerdeführer eine Abschrift der Entscheidung in vollständiger Form nicht erteilt, so wird die Frist des Satzes 1 dadurch unterbrochen, daß der Beschwerdeführer schriftlich oder zu Protokoll der Geschäftsstelle die Erteilung einer in vollständiger Form abgefaßten Entscheidung beantragt. Die Unterbrechung dauert fort, bis die Entscheidung in vollständiger Form dem Beschwerdeführer von dem Gericht erteilt oder von Amts wegen oder von einem an dem Verfahren Beteiligten zugestellt wird. (2) War ein Beschwerdeführer ohne Verschulden verhindert, diese Frist einzuhalten, ist ihm auf Antrag Wiedereinsetzung in den vorigen Stand zu gewähren. Der Antrag ist binnen zwei Wochen nach Wegfall des Hindernisses zu stellen. Die Tatsachen zur Begründung des Antrags sind bei der Antragstellung oder im Verfahren über den Antrag glaubhaft zu machen. Innerhalb der Antragsfrist ist die versäumte Rechtshandlung nachzuholen; ist dies geschehen, kann die Wiedereinsetzung auch ohne Antrag gewährt werden. Nach einem Jahr seit dem Ende der versäumten Frist ist der Antrag unzulässig. Das Verschulden des Bevollmächtigten steht dem Verschulden eines Beschwerdeführers gleich. (3) Richtet sich die Verfassungsbeschwerde gegen ein Gesetz oder gegen einen sonstigen Hoheitsakt, gegen den ein Rechtsweg nicht offensteht, so kann die Verfassungsbeschwerde nur binnen eines Jahres seit dem Inkrafttreten des Gesetzes oder dem Erlaß des Hoheitsaktes erhoben werden. (4) Ist ein Gesetz vor dem 1. April 1951 in Kraft getreten, so kann die Verfassungsbeschwerde bis zum 1. April 1952 erhoben werden."
baugb,33,14,"(1) In Gebieten, für die ein Beschluss über die Aufstellung eines Bebauungsplans gefasst ist, ist ein Vorhaben zulässig, wenn  1. die Öffentlichkeits- und Behördenbeteiligung nach § 3 Absatz 2, § 4 Absatz 2 und § 4a Absatz 2 bis 4 durchgeführt worden ist, 2. anzunehmen ist, dass das Vorhaben den künftigen Festsetzungen des Bebauungsplans nicht entgegensteht, 3. der Antragsteller diese Festsetzungen für sich und seine Rechtsnachfolger schriftlich anerkennt und 4. die Erschließung gesichert ist. (2) In Fällen des § 4a Absatz 3 Satz 1 kann vor der erneuten Öffentlichkeits- und Behördenbeteiligung ein Vorhaben zugelassen werden, wenn sich die vorgenommene Änderung oder Ergänzung des Bebauungsplanentwurfs nicht auf das Vorhaben auswirkt und die in Absatz 1 Nummer 2 bis 4 bezeichneten Voraussetzungen erfüllt sind. (3) Wird ein Verfahren nach § 13 oder § 13a durchgeführt, kann ein Vorhaben vor Durchführung der Öffentlichkeits- und Behördenbeteiligung zugelassen werden, wenn die in Absatz 1 Nummer 2 bis 4 bezeichneten Voraussetzungen erfüllt sind. Der betroffenen Öffentlichkeit und den berührten Behörden und sonstigen Trägern öffentlicher Belange ist vor Erteilung der Genehmigung Gelegenheit zur Stellungnahme innerhalb angemessener Frist zu geben, soweit sie dazu nicht bereits zuvor Gelegenheit hatten."
gastg,18,14,"(1) Für Schank- und Speisewirtschaften sowie für öffentliche Vergnügungsstätten kann durch Rechtsverordnung der Landesregierungen eine Sperrzeit allgemein festgesetzt werden. In der Rechtsverordnung ist zu bestimmen, daß die Sperrzeit bei Vorliegen eines öffentlichen Bedürfnisses oder besonderer örtlicher Verhältnisse allgemein oder für einzelne Betriebe verlängert, verkürzt oder aufgehoben werden kann. Die Landesregierungen können durch Rechtsverordnung die Ermächtigung auf oberste Landesbehörden oder andere Behörden übertragen. (2) (weggefallen)"
bgb,688,14,"Durch den Verwahrungsvertrag wird der Verwahrer verpflichtet, eine ihm von dem Hinterleger übergebene bewegliche Sache aufzubewahren."
bverfgg,64,14,"(1) Der Antrag ist nur zulässig, wenn der Antragsteller geltend macht, daß er oder das Organ, dem er angehört, durch eine Maßnahme oder Unterlassung des Antragsgegners in seinen ihm durch das Grundgesetz übertragenen Rechten und Pflichten verletzt oder unmittelbar gefährdet ist. (2) Im Antrag ist die Bestimmung des Grundgesetzes zu bezeichnen, gegen die durch die beanstandete Maßnahme oder Unterlassung des Antragsgegners verstoßen wird. (3) Der Antrag muß binnen sechs Monaten, nachdem die beanstandete Maßnahme oder Unterlassung dem Antragsteller bekannt geworden ist, gestellt werden. (4) Soweit die Frist bei Inkrafttreten dieses Gesetzes verstrichen ist, kann der Antrag noch binnen drei Monaten nach Inkrafttreten gestellt werden."
bgb,680,13,"Bezweckt die Geschäftsführung die Abwendung einer dem Geschäftsherrn drohenden dringenden Gefahr, so hat der Geschäftsführer nur Vorsatz und grobe Fahrlässigkeit zu vertreten."
bgb,276,13,"(1) Der Schuldner hat Vorsatz und Fahrlässigkeit zu vertreten, wenn eine strengere oder mildere Haftung weder bestimmt noch aus dem sonstigen Inhalt des Schuldverhältnisses, insbesondere aus der Übernahme einer Garantie oder eines Beschaffungsrisikos, zu entnehmen ist. Die Vorschriften der §§ 827 und 828 finden entsprechende Anwendung. (2) Fahrlässig handelt, wer die im Verkehr erforderliche Sorgfalt außer Acht lässt. (3) Die Haftung wegen Vorsatzes kann dem Schuldner nicht im Voraus erlassen werden."
gvg,17,13,(1) Die Zulässigkeit des beschrittenen Rechtsweges wird durch eine nach Rechtshängigkeit eintretende Veränderung der sie begründenden Umstände nicht berührt. Während der Rechtshängigkeit kann die Sache von keiner Partei anderweitig anhängig gemacht werden. (2) Das Gericht des zulässigen Rechtsweges entscheidet den Rechtsstreit unter allen in Betracht kommenden rechtlichen Gesichtspunkten. Artikel 14 Abs. 3 Satz 4 und Artikel 34 Satz 3 des Grundgesetzes bleiben unberührt.
vwgo,79,12,"(1) Gegenstand der Anfechtungsklage ist  1. der ursprüngliche Verwaltungsakt in der Gestalt, die er durch den Widerspruchsbescheid gefunden hat, 2. der Abhilfebescheid oder Widerspruchsbescheid, wenn dieser erstmalig eine Beschwer enthält. (2) Der Widerspruchsbescheid kann auch dann alleiniger Gegenstand der Anfechtungsklage sein, wenn und soweit er gegenüber dem ursprünglichen Verwaltungsakt eine zusätzliche selbständige Beschwer enthält. Als eine zusätzliche Beschwer gilt auch die Verletzung einer wesentlichen Verfahrensvorschrift, sofern der Widerspruchsbescheid auf dieser Verletzung beruht. § 78 Abs. 2 gilt entsprechend."
ladschlg,6,12,"(1) Abweichend von den Vorschriften des § 3 dürfen Tankstellen an allen Tagen während des ganzen Tages geöffnet sein. (2) An Werktagen während der allgemeinen Ladenschlusszeiten (§ 3) und an Sonn- und Feiertagen ist nur die Abgabe von Ersatzteilen für Kraftfahrzeuge, soweit dies für die Erhaltung oder Wiederherstellung der Fahrbereitschaft notwendig ist, sowie die Abgabe von Betriebsstoffen und von Reisebedarf gestattet."
vwgo,83,12,Für die sachliche und örtliche Zuständigkeit gelten die §§ 17 bis 17b des Gerichtsverfassungsgesetzes entsprechend. Beschlüsse entsprechend § 17a Abs. 2 und 3 des Gerichtsverfassungsgesetzes sind unanfechtbar.
bgb,254,12,"(1) Hat bei der Entstehung des Schadens ein Verschulden des Beschädigten mitgewirkt, so hängt die Verpflichtung zum Ersatz sowie der Umfang des zu leistenden Ersatzes von den Umständen, insbesondere davon ab, inwieweit der Schaden vorwiegend von dem einen oder dem anderen Teil verursacht worden ist. (2) Dies gilt auch dann, wenn sich das Verschulden des Beschädigten darauf beschränkt, dass er unterlassen hat, den Schuldner auf die Gefahr eines ungewöhnlich hohen Schadens aufmerksam zu machen, die der Schuldner weder kannte noch kennen musste, oder dass er unterlassen hat, den Schaden abzuwenden oder zu mindern. Die Vorschrift des § 278 findet entsprechende Anwendung."
baugb,14,12,"(1) Ist ein Beschluss über die Aufstellung eines Bebauungsplans gefasst, kann die Gemeinde zur Sicherung der Planung für den künftigen Planbereich eine Veränderungssperre mit dem Inhalt beschließen, dass  1. Vorhaben im Sinne des § 29 nicht durchgeführt oder bauliche Anlagen nicht beseitigt werden dürfen; 2. erhebliche oder wesentlich wertsteigernde Veränderungen von Grundstücken und baulichen Anlagen, deren Veränderungen nicht genehmigungs-, zustimmungs- oder anzeigepflichtig sind, nicht vorgenommen werden dürfen. (2) Wenn überwiegende öffentliche Belange nicht entgegenstehen, kann von der Veränderungssperre eine Ausnahme zugelassen werden. Die Entscheidung über Ausnahmen trifft die Baugenehmigungsbehörde im Einvernehmen mit der Gemeinde. (3) Vorhaben, die vor dem Inkrafttreten der Veränderungssperre baurechtlich genehmigt worden sind, Vorhaben, von denen die Gemeinde nach Maßgabe des Bauordnungsrechts Kenntnis erlangt hat und mit deren Ausführung vor dem Inkrafttreten der Veränderungssperre hätte begonnen werden dürfen, sowie Unterhaltungsarbeiten und die Fortführung einer bisher ausgeübten Nutzung werden von der Veränderungssperre nicht berührt. (4) Soweit für Vorhaben im förmlich festgelegten Sanierungsgebiet oder im städtebaulichen Entwicklungsbereich eine Genehmigungspflicht nach § 144 Absatz 1 besteht, sind die Vorschriften über die Veränderungssperre nicht anzuwenden."
bgb,2,12,Die Volljährigkeit tritt mit der Vollendung des 18. Lebensjahres ein.
baugb,2,11,"(1) Die Bauleitpläne sind von der Gemeinde in eigener Verantwortung aufzustellen. Der Beschluss, einen Bauleitplan aufzustellen, ist ortsüblich bekannt zu machen. (2) Die Bauleitpläne benachbarter Gemeinden sind aufeinander abzustimmen. Dabei können sich Gemeinden auch auf die ihnen durch Ziele der Raumordnung zugewiesenen Funktionen sowie auf Auswirkungen auf ihre zentralen Versorgungsbereiche berufen. (3) Bei der Aufstellung der Bauleitpläne sind die Belange, die für die Abwägung von Bedeutung sind (Abwägungsmaterial), zu ermitteln und zu bewerten. (4) Für die Belange des Umweltschutzes nach § 1 Absatz 6 Nummer 7 und § 1a wird eine Umweltprüfung durchgeführt, in der die voraussichtlichen erheblichen Umweltauswirkungen ermittelt werden und in einem Umweltbericht beschrieben und bewertet werden; die Anlage 1 zu diesem Gesetzbuch ist anzuwenden. Die Gemeinde legt dazu für jeden Bauleitplan fest, in welchem Umfang und Detaillierungsgrad die Ermittlung der Belange für die Abwägung erforderlich ist. Die Umweltprüfung bezieht sich auf das, was nach gegenwärtigem Wissensstand und allgemein anerkannten Prüfmethoden sowie nach Inhalt und Detaillierungsgrad des Bauleitplans angemessenerweise verlangt werden kann. Das Ergebnis der Umweltprüfung ist in der Abwägung zu berücksichtigen. Wird eine Umweltprüfung für das Plangebiet oder für Teile davon in einem Raumordnungs-, Flächennutzungs- oder Bebauungsplanverfahren durchgeführt, soll die Umweltprüfung in einem zeitlich nachfolgend oder gleichzeitig durchgeführten Bauleitplanverfahren auf zusätzliche oder andere erhebliche Umweltauswirkungen beschränkt werden. Liegen Landschaftspläne oder sonstige Pläne nach § 1 Absatz 6 Nummer 7 Buchstabe g vor, sind deren Bestandsaufnahmen und Bewertungen in der Umweltprüfung heranzuziehen."
stgb,185,11,"Die Beleidigung wird mit Freiheitsstrafe bis zu einem Jahr oder mit Geldstrafe und, wenn die Beleidigung öffentlich, in einer Versammlung, durch Verbreiten eines Inhalts (§ 11 Absatz 3) oder mittels einer Tätlichkeit begangen wird, mit Freiheitsstrafe bis zu zwei Jahren oder mit Geldstrafe bestraft."
bverfgg,13,11,"Das Bundesverfassungsgericht entscheidet  1. über die Verwirkung von Grundrechten (Artikel 18 des Grundgesetzes), 2. über die Verfassungswidrigkeit von Parteien (Artikel 21 Abs. 2 des Grundgesetzes), 2a. über den Ausschluss von Parteien von staatlicher Finanzierung (Artikel 21 Absatz 3 des Grundgesetzes), 3. über Beschwerden gegen Entscheidungen des Bundestages, die die Gültigkeit einer Wahl oder den Erwerb oder Verlust der Mitgliedschaft eines Abgeordneten beim Bundestag betreffen (Artikel 41 Abs. 2 des Grundgesetzes), 3a. über Beschwerden von Vereinigungen gegen ihre Nichtanerkennung als Partei für die Wahl zum Bundestag (Artikel 94 Absatz 1 Nummer 4c des Grundgesetzes), 4. über Anklagen des Bundestages oder des Bundesrates gegen den Bundespräsidenten (Artikel 61 des Grundgesetzes), 5. über die Auslegung des Grundgesetzes aus Anlaß von Streitigkeiten über den Umfang der Rechte und Pflichten eines obersten Bundesorgans oder anderer Beteiligter, die durch das Grundgesetz oder in der Geschäftsordnung eines obersten Bundesorgans mit eigenen Rechten ausgestattet sind (Artikel 94 Absatz 1 Nummer 1 des Grundgesetzes), 6. bei Meinungsverschiedenheiten oder Zweifeln über die förmliche oder sachliche Vereinbarkeit von Bundesrecht oder Landesrecht mit dem Grundgesetz oder die Vereinbarkeit von Landesrecht mit sonstigem Bundesrecht auf Antrag der Bundesregierung, einer Landesregierung oder eines Viertels der Mitglieder des Bundestages (Artikel 94 Absatz 1 Nummer 2 des Grundgesetzes), 6a. bei Meinungsverschiedenheiten, ob ein Gesetz den Voraussetzungen des Artikels 72 Abs. 2 des Grundgesetzes entspricht, auf Antrag des Bundesrates, einer Landesregierung oder der Volksvertretung eines Landes (Artikel 94 Absatz 1 Nummer 2a des Grundgesetzes), 6b. darüber, ob im Falle des Artikels 72 Abs. 4 die Erforderlichkeit für eine bundesgesetzliche Regelung nach Artikel 72 Abs. 2 nicht mehr besteht oder Bundesrecht in den Fällen des Artikels 125a Abs. 2 Satz 1 nicht mehr erlassen werden könnte, auf Antrag des Bundesrates, einer Landesregierung oder der Volksvertretung eines Landes (Artikel 94 Absatz 2 des Grundgesetzes), 7. bei Meinungsverschiedenheiten über Rechte und Pflichten des Bundes und der Länder, insbesondere bei der Ausführung von Bundesrecht durch die Länder und bei der Ausübung der Bundesaufsicht (Artikel 94 Absatz 1 Nummer 3 und Artikel 84 Abs. 4 Satz 2 des Grundgesetzes), 8. in anderen öffentlich-rechtlichen Streitigkeiten zwischen dem Bund und den Ländern, zwischen verschiedenen Ländern oder innerhalb eines Landes, soweit nicht ein anderer Rechtsweg gegeben ist (Artikel 94 Absatz 1 Nummer 4 des Grundgesetzes), 8a. über Verfassungsbeschwerden (Artikel 94 Absatz 1 Nummer 4a und 4b des Grundgesetzes), 9. über Richteranklagen gegen Bundesrichter und Landesrichter (Artikel 98 Abs. 2 und 5 des Grundgesetzes), 10. über Verfassungsstreitigkeiten innerhalb eines Landes, wenn diese Entscheidung durch Landesgesetz dem Bundesverfassungsgericht zugewiesen ist (Artikel 99 des Grundgesetzes), 11. über die Vereinbarkeit eines Bundesgesetzes oder eines Landesgesetzes mit dem Grundgesetz oder die Vereinbarkeit eines Landesgesetzes oder sonstigen Landesrechts mit einem Bundesgesetz auf Antrag eines Gerichts (Artikel 100 Abs. 1 des Grundgesetzes), 11a. über die Vereinbarkeit eines Beschlusses des Deutschen Bundestages zur Einsetzung eines Untersuchungsausschusses mit dem Grundgesetz auf Vorlage nach § 36 Abs. 2 des Untersuchungsausschussgesetzes, 12. bei Zweifeln darüber, ob eine Regel des Völkerrechts Bestandteil des Bundesrechts ist und ob sie unmittelbar Rechte und Pflichten für den einzelnen erzeugt, auf Antrag des Gerichts (Artikel 100 Abs. 2 des Grundgesetzes), 13. wenn das Verfassungsgericht eines Landes bei der Auslegung des Grundgesetzes von einer Entscheidung des Bundesverfassungsgerichts oder des Verfassungsgerichts eines anderen Landes abweichen will, auf Antrag dieses Verfassungsgerichts (Artikel 100 Abs. 3 des Grundgesetzes), 14. bei Meinungsverschiedenheiten über das Fortgelten von Recht als Bundesrecht (Artikel 126 des Grundgesetzes), 15. in den ihm sonst durch Bundesgesetz zugewiesenen Fällen (Artikel 94 Absatz 3 des Grundgesetzes)."
bgb,249,11,"(1) Wer zum Schadensersatz verpflichtet ist, hat den Zustand herzustellen, der bestehen würde, wenn der zum Ersatz verpflichtende Umstand nicht eingetreten wäre. (2) Ist wegen Verletzung einer Person oder wegen Beschädigung einer Sache Schadensersatz zu leisten, so kann der Gläubiger statt der Herstellung den dazu erforderlichen Geldbetrag verlangen. Bei der Beschädigung einer Sache schließt der nach Satz 1 erforderliche Geldbetrag die Umsatzsteuer nur mit ein, wenn und soweit sie tatsächlich angefallen ist."
bgb,278,10,"Der Schuldner hat ein Verschulden seines gesetzlichen Vertreters und der Personen, deren er sich zur Erfüllung seiner Verbindlichkeit bedient, in gleichem Umfang zu vertreten wie eigenes Verschulden. Die Vorschrift des § 276 Abs. 3 findet keine Anwendung."
bgb,814,10,"Das zum Zwecke der Erfüllung einer Verbindlichkeit Geleistete kann nicht zurückgefordert werden, wenn der Leistende gewusst hat, dass er zur Leistung nicht verpflichtet war, oder wenn die Leistung einer sittlichen Pflicht oder einer auf den Anstand zu nehmenden Rücksicht entsprach."
bimschg,3,10,"(1) Schädliche Umwelteinwirkungen im Sinne dieses Gesetzes sind Immissionen, die nach Art, Ausmaß oder Dauer geeignet sind, Gefahren, erhebliche Nachteile oder erhebliche Belästigungen für die Allgemeinheit oder die Nachbarschaft herbeizuführen. (2) Immissionen im Sinne dieses Gesetzes sind auf Menschen, Wild- und Nutztiere und Pflanzen, den Boden, das Wasser, die Atmosphäre, das Klima sowie Kultur- und sonstige Sachgüter einwirkende Luftverunreinigungen, Geräusche, Erschütterungen, Licht, Wärme, Strahlen und ähnliche Umwelteinwirkungen. (3) Emissionen im Sinne dieses Gesetzes sind die von einer Anlage ausgehenden Luftverunreinigungen, Geräusche, Erschütterungen, Licht, Wärme, Strahlen und ähnlichen Erscheinungen. (4) Luftverunreinigungen im Sinne dieses Gesetzes sind Veränderungen der natürlichen Zusammensetzung der Luft, insbesondere durch Rauch, Ruß, Staub, Gase, Aerosole, Dämpfe oder Geruchsstoffe. (5) Anlagen im Sinne dieses Gesetzes sind  1. Betriebsstätten und sonstige ortsfeste Einrichtungen, 2. Maschinen, Geräte und sonstige ortsveränderliche technische Einrichtungen sowie Fahrzeuge, soweit sie nicht der Vorschrift des § 38 unterliegen, und 3. Grundstücke, auf denen Stoffe gelagert oder abgelagert oder Arbeiten durchgeführt werden, die Emissionen verursachen können, ausgenommen öffentliche Verkehrswege. (5a) Ein Betriebsbereich ist der gesamte unter der Aufsicht eines Betreibers stehende Bereich, in dem gefährliche Stoffe im Sinne des Artikels 3 Nummer 10 der Richtlinie 2012/18/EU des Europäischen Parlaments und des Rates vom 4. Juli 2012 zur Beherrschung der Gefahren schwerer Unfälle mit gefährlichen Stoffen, zur Änderung und anschließenden Aufhebung der Richtlinie 96/82/EG des Rates (ABl. L 197 vom 24.7.2012, S. 1) in einer oder mehreren Anlagen einschließlich gemeinsamer oder verbundener Infrastrukturen oder Tätigkeiten auch bei Lagerung im Sinne des Artikels 3 Nummer 16 der Richtlinie in den in Artikel 3 Nummer 2 oder Nummer 3 der Richtlinie bezeichneten Mengen tatsächlich vorhanden oder vorgesehen sind oder vorhanden sein werden, soweit vernünftigerweise vorhersehbar ist, dass die genannten gefährlichen Stoffe bei außer Kontrolle geratenen Prozessen anfallen; ausgenommen sind die in Artikel 2 Absatz 2 der Richtlinie 2012/18/EU angeführten Einrichtungen, Gefahren und Tätigkeiten, es sei denn, es handelt sich um eine in Artikel 2 Absatz 2 Unterabsatz 2 der Richtlinie 2012/18/EU genannte Einrichtung, Gefahr oder Tätigkeit. (5b) Eine störfallrelevante Errichtung und ein Betrieb oder eine störfallrelevante Änderung einer Anlage oder eines Betriebsbereichs ist eine Errichtung und ein Betrieb einer Anlage, die Betriebsbereich oder Bestandteil eines Betriebsbereichs ist, oder eine Änderung einer Anlage oder eines Betriebsbereichs einschließlich der Änderung eines Lagers, eines Verfahrens oder der Art oder physikalischen Form oder der Mengen der gefährlichen Stoffe im Sinne des Artikels 3 Nummer 10 der Richtlinie 2012/18/EU, aus der sich erhebliche Auswirkungen auf die Gefahren schwerer Unfälle ergeben können. Eine störfallrelevante Änderung einer Anlage oder eines Betriebsbereichs liegt zudem vor, wenn eine Änderung dazu führen könnte, dass ein Betriebsbereich der unteren Klasse zu einem Betriebsbereich der oberen Klasse wird oder umgekehrt. (5c) Der angemessene Sicherheitsabstand im Sinne dieses Gesetzes ist der Abstand zwischen einem Betriebsbereich oder einer Anlage, die Betriebsbereich oder Bestandteil eines Betriebsbereichs ist, und einem benachbarten Schutzobjekt, der zur gebotenen Begrenzung der Auswirkungen auf das benachbarte Schutzobjekt, welche durch schwere Unfälle im Sinne des Artikels 3 Nummer 13 der Richtlinie 2012/18/EU hervorgerufen werden können, beiträgt. Der angemessene Sicherheitsabstand ist anhand störfallspezifischer Faktoren zu ermitteln. (5d) Benachbarte Schutzobjekte im Sinne dieses Gesetzes sind ausschließlich oder überwiegend dem Wohnen dienende Gebiete, öffentlich genutzte Gebäude und Gebiete, Freizeitgebiete, wichtige Verkehrswege und unter dem Gesichtspunkt des Naturschutzes besonders wertvolle oder besonders empfindliche Gebiete. (6) Stand der Technik im Sinne dieses Gesetzes ist der Entwicklungsstand fortschrittlicher Verfahren, Einrichtungen oder Betriebsweisen, der die praktische Eignung einer Maßnahme zur Begrenzung von Emissionen in Luft, Wasser und Boden, zur Gewährleistung der Anlagensicherheit, zur Gewährleistung einer umweltverträglichen Abfallentsorgung oder sonst zur Vermeidung oder Verminderung von Auswirkungen auf die Umwelt zur Erreichung eines allgemein hohen Schutzniveaus für die Umwelt insgesamt gesichert erscheinen lässt. Bei der Bestimmung des Standes der Technik sind insbesondere die in der Anlage aufgeführten Kriterien zu berücksichtigen. (6a) BVT-Merkblatt im Sinne dieses Gesetzes ist ein Dokument, das auf Grund des Informationsaustausches nach Artikel 13 der Richtlinie 2010/75/EU des Europäischen Parlaments und des Rates vom 24. November 2010 über Industrieemissionen (integrierte Vermeidung und Verminderung der Umweltverschmutzung) (Neufassung) (ABl. L 334 vom 17.12.2010, S. 17) für bestimmte Tätigkeiten erstellt wird und insbesondere die angewandten Techniken, die derzeitigen Emissions- und Verbrauchswerte, alle Zukunftstechniken sowie die Techniken beschreibt, die für die Festlegung der besten verfügbaren Techniken sowie der BVT-Schlussfolgerungen berücksichtigt wurden. (6b) BVT-Schlussfolgerungen im Sinne dieses Gesetzes sind ein nach Artikel 13 Absatz 5 der Richtlinie 2010/75/EU von der Europäischen Kommission erlassenes Dokument, das die Teile eines BVT-Merkblatts mit den Schlussfolgerungen in Bezug auf Folgendes enthält:  1. die besten verfügbaren Techniken, ihrer Beschreibung und Informationen zur Bewertung ihrer Anwendbarkeit, 2. die mit den besten verfügbaren Techniken assoziierten Emissionswerte, 3. die zu den Nummern 1 und 2 gehörigen Überwachungsmaßnahmen, 4. die zu den Nummern 1 und 2 gehörigen Verbrauchswerte sowie 5. die gegebenenfalls einschlägigen Standortsanierungsmaßnahmen. (6c) Emissionsbandbreiten im Sinne dieses Gesetzes sind die mit den besten verfügbaren Techniken assoziierten Emissionswerte. (6d) Die mit den besten verfügbaren Techniken assoziierten Emissionswerte im Sinne dieses Gesetzes sind der Bereich von Emissionswerten, die unter normalen Betriebsbedingungen unter Verwendung einer besten verfügbaren Technik oder einer Kombination von besten verfügbaren Techniken entsprechend der Beschreibung in den BVT-Schlussfolgerungen erzielt werden, ausgedrückt als Mittelwert für einen vorgegebenen Zeitraum unter spezifischen Referenzbedingungen. (6e) Zukunftstechniken im Sinne dieses Gesetzes sind neue Techniken für Anlagen nach der Industrieemissions-Richtlinie, die bei gewerblicher Nutzung entweder ein höheres allgemeines Umweltschutzniveau oder zumindest das gleiche Umweltschutzniveau und größere Kostenersparnisse bieten könnten als der bestehende Stand der Technik. (7) Dem Herstellen im Sinne dieses Gesetzes steht das Verarbeiten, Bearbeiten oder sonstige Behandeln, dem Einführen im Sinne dieses Gesetzes das sonstige Verbringen in den Geltungsbereich dieses Gesetzes gleich. (8) Anlagen nach der Industrieemissions-Richtlinie im Sinne dieses Gesetzes sind die in der Rechtsverordnung nach § 4 Absatz 1 Satz 4 gekennzeichneten Anlagen. (9) Gefährliche Stoffe im Sinne dieses Gesetzes sind Stoffe oder Gemische gemäß Artikel 3 der Verordnung (EG) Nr. 1272/2008 des Europäischen Parlaments und des Rates vom 16. Dezember 2008 über die Einstufung, Kennzeichnung und Verpackung von Stoffen und Gemischen, zur Änderung und Aufhebung der Richtlinien  67/548/EWG  und 1999/45/EG und zur Änderung der Verordnung (EG) Nr. 1907/2006 (ABl. L 353 vom 31.12.2008, S. 1), die zuletzt durch die Verordnung (EG) Nr. 286/2011 (ABl. L 83 vom 30.3.2011, S. 1) geändert worden ist. (10) Relevante gefährliche Stoffe im Sinne dieses Gesetzes sind gefährliche Stoffe, die in erheblichem Umfang in der Anlage verwendet, erzeugt oder freigesetzt werden und die ihrer Art nach eine Verschmutzung des Bodens oder des Grundwassers auf dem Anlagengrundstück verursachen können."
vwgo,60,9,"(1) Wenn jemand ohne Verschulden verhindert war, eine gesetzliche Frist einzuhalten, so ist ihm auf Antrag Wiedereinsetzung in den vorigen Stand zu gewähren. (2) Der Antrag ist binnen zwei Wochen nach Wegfall des Hindernisses zu stellen; bei Versäumung der Frist zur Begründung der Berufung, des Antrags auf Zulassung der Berufung, der Revision, der Nichtzulassungsbeschwerde oder der Beschwerde beträgt die Frist einen Monat. Die Tatsachen zur Begründung des Antrags sind bei der Antragstellung oder im Verfahren über den Antrag glaubhaft zu machen. Innerhalb der Antragsfrist ist die versäumte Rechtshandlung nachzuholen. Ist dies geschehen, so kann die Wiedereinsetzung auch ohne Antrag gewährt werden. (3) Nach einem Jahr seit dem Ende der versäumten Frist ist der Antrag unzulässig, außer wenn der Antrag vor Ablauf der Jahresfrist infolge höherer Gewalt unmöglich war. (4) Über den Wiedereinsetzungsantrag entscheidet das Gericht, das über die versäumte Rechtshandlung zu befinden hat. (5) Die Wiedereinsetzung ist unanfechtbar."
baugb,215,8,"(1) Unbeachtlich werden  1. eine nach § 214 Absatz 1 Satz 1 Nummer 1 bis 3 beachtliche Verletzung der dort bezeichneten Verfahrens- und Formvorschriften, 2. eine unter Berücksichtigung des § 214 Absatz 2 beachtliche Verletzung der Vorschriften über das Verhältnis des Bebauungsplans und des Flächennutzungsplans und 3. nach § 214 Absatz 3 Satz 2 beachtliche Mängel des Abwägungsvorgangs, wenn sie nicht innerhalb eines Jahres seit Bekanntmachung des Flächennutzungsplans oder der Satzung schriftlich gegenüber der Gemeinde unter Darlegung des die Verletzung begründenden Sachverhalts geltend gemacht worden sind. Satz 1 gilt entsprechend, wenn Fehler nach § 214 Absatz 2a beachtlich sind. (2) Bei Inkraftsetzung des Flächennutzungsplans oder der Satzung ist auf die Voraussetzungen für die Geltendmachung der Verletzung von Vorschriften sowie auf die Rechtsfolgen hinzuweisen."
gmbhg,35,8,"(1) Die Gesellschaft wird durch die Geschäftsführer gerichtlich und außergerichtlich vertreten. Hat eine Gesellschaft keinen Geschäftsführer (Führungslosigkeit), wird die Gesellschaft für den Fall, dass ihr gegenüber Willenserklärungen abgegeben oder Schriftstücke zugestellt werden, durch die Gesellschafter vertreten. (2) Sind mehrere Geschäftsführer bestellt, sind sie alle nur gemeinschaftlich zur Vertretung der Gesellschaft befugt, es sei denn, dass der Gesellschaftsvertrag etwas anderes bestimmt. Ist der Gesellschaft gegenüber eine Willenserklärung abzugeben, genügt die Abgabe gegenüber einem Vertreter der Gesellschaft nach Absatz 1. An die Vertreter der Gesellschaft nach Absatz 1 können unter der im Handelsregister eingetragenen Geschäftsanschrift Willenserklärungen abgegeben und Schriftstücke für die Gesellschaft zugestellt werden. Unabhängig hiervon können die Abgabe und die Zustellung auch unter der eingetragenen Anschrift der empfangsberechtigten Person nach § 10 Abs. 2 Satz 2 erfolgen. (3) Befinden sich alle Geschäftsanteile der Gesellschaft in der Hand eines Gesellschafters oder daneben in der Hand der Gesellschaft und ist er zugleich deren alleiniger Geschäftsführer, so ist auf seine Rechtsgeschäfte mit der Gesellschaft § 181 des Bürgerlichen Gesetzbuchs anzuwenden. Rechtsgeschäfte zwischen ihm und der von ihm vertretenen Gesellschaft sind, auch wenn er nicht alleiniger Geschäftsführer ist, unverzüglich nach ihrer Vornahme in eine Niederschrift aufzunehmen."
bgb,130,8,"(1) Eine Willenserklärung, die einem anderen gegenüber abzugeben ist, wird, wenn sie in dessen Abwesenheit abgegeben wird, in dem Zeitpunkt wirksam, in welchem sie ihm zugeht. Sie wird nicht wirksam, wenn dem anderen vorher oder gleichzeitig ein Widerruf zugeht. (2) Eine Willenserklärung, die notariell beurkundet oder öffentlich beglaubigt wurde, wird auch wirksam, wenn dem Erklärungsempfänger eine öffentlich beglaubigte Abschrift der Urschrift zugeht. (3) Auf die Wirksamkeit der Willenserklärung ist es ohne Einfluss, wenn der Erklärende nach der Abgabe stirbt oder geschäftsunfähig wird. (4) Diese Vorschriften finden auch dann Anwendung, wenn die Willenserklärung einer Behörde gegenüber abzugeben ist."
vwgo,73,8,"(1) Hilft die Behörde dem Widerspruch nicht ab, so ergeht ein Widerspruchsbescheid. Diesen erläßt  1. die nächsthöhere Behörde, soweit nicht durch Gesetz eine andere höhere Behörde bestimmt wird, 2. wenn die nächsthöhere Behörde eine oberste Bundes- oder oberste Landesbehörde ist, die Behörde, die den Verwaltungsakt erlassen hat, 3. in Selbstverwaltungsangelegenheiten die Selbstverwaltungsbehörde, soweit nicht durch Gesetz anderes bestimmt wird. Abweichend von Satz 2 Nr. 1 kann durch Gesetz bestimmt werden, dass die Behörde, die den Verwaltungsakt erlassen hat, auch für die Entscheidung über den Widerspruch zuständig ist. (2) Vorschriften, nach denen im Vorverfahren des Absatzes 1 Ausschüsse oder Beiräte an die Stelle einer Behörde treten, bleiben unberührt. Die Ausschüsse oder Beiräte können abweichend von Absatz 1 Nr. 1 auch bei der Behörde gebildet werden, die den Verwaltungsakt erlassen hat. (3) Der Widerspruchsbescheid ist zu begründen, mit einer Rechtsmittelbelehrung zu versehen und zuzustellen. Zugestellt wird von Amts wegen nach den Vorschriften des Verwaltungszustellungsgesetzes. Der Widerspruchsbescheid bestimmt auch, wer die Kosten trägt."
bgb,823,8,"(1) Wer vorsätzlich oder fahrlässig das Leben, den Körper, die Gesundheit, die Freiheit, das Eigentum oder ein sonstiges Recht eines anderen widerrechtlich verletzt, ist dem anderen zum Ersatz des daraus entstehenden Schadens verpflichtet. (2) Die gleiche Verpflichtung trifft denjenigen, welcher gegen ein den Schutz eines anderen bezweckendes Gesetz verstößt. Ist nach dem Inhalt des Gesetzes ein Verstoß gegen dieses auch ohne Verschulden möglich, so tritt die Ersatzpflicht nur im Falle des Verschuldens ein."
bgb,1004,8,"(1) Wird das Eigentum in anderer Weise als durch Entziehung oder Vorenthaltung des Besitzes beeinträchtigt, so kann der Eigentümer von dem Störer die Beseitigung der Beeinträchtigung verlangen. Sind weitere Beeinträchtigungen zu besorgen, so kann der Eigentümer auf Unterlassung klagen. (2) Der Anspruch ist ausgeschlossen, wenn der Eigentümer zur Duldung verpflichtet ist."
bgb,242,8,"Der Schuldner ist verpflichtet, die Leistung so zu bewirken, wie Treu und Glauben mit Rücksicht auf die Verkehrssitte es erfordern."
bgb,187,7,"(1) Ist für den Anfang einer Frist ein Ereignis oder ein in den Lauf eines Tages fallender Zeitpunkt maßgebend, so wird bei der Berechnung der Frist der Tag nicht mitgerechnet, in welchen das Ereignis oder der Zeitpunkt fällt. (2) Ist der Beginn eines Tages der für den Anfang einer Frist maßgebende Zeitpunkt, so wird dieser Tag bei der Berechnung der Frist mitgerechnet. Das Gleiche gilt von dem Tage der Geburt bei der Berechnung des Lebensalters."
bgb,1,7,Die Rechtsfähigkeit des Menschen beginnt mit der Vollendung der Geburt.
vwgo,122,7,"(1) §§ 88, 108 Abs. 1 Satz 1, §§ 118, 119 und 120 gelten entsprechend für Beschlüsse. (2) Beschlüsse sind zu begründen, wenn sie durch Rechtsmittel angefochten werden können oder über einen Rechtsbehelf entscheiden. Beschlüsse über die Aussetzung der Vollziehung (§§ 80, 80a) und über einstweilige Anordnungen (§ 123) sowie Beschlüsse nach Erledigung des Rechtsstreits in der Hauptsache (§ 161 Abs. 2) sind stets zu begründen. Beschlüsse, die über ein Rechtsmittel entscheiden, bedürfen keiner weiteren Begründung, soweit das Gericht das Rechtsmittel aus den Gründen der angefochtenen Entscheidung als unbegründet zurückweist."
brao,3,7,"(1) Der Rechtsanwalt ist der berufene unabhängige Berater und Vertreter in allen Rechtsangelegenheiten. (2) Sein Recht, in Rechtsangelegenheiten aller Art vor Gerichten, Schiedsgerichten oder Behörden aufzutreten, kann nur durch ein Bundesgesetz beschränkt werden. (3) Jedermann hat im Rahmen der gesetzlichen Vorschriften das Recht, sich in Rechtsangelegenheiten aller Art durch einen Rechtsanwalt seiner Wahl beraten und vor Gerichten, Schiedsgerichten oder Behörden vertreten zu lassen."
vwgo,75,7,"Ist über einen Widerspruch oder über einen Antrag auf Vornahme eines Verwaltungsakts ohne zureichenden Grund in angemessener Frist sachlich nicht entschieden worden, so ist die Klage abweichend von § 68 zulässig. Die Klage kann nicht vor Ablauf von drei Monaten seit der Einlegung des Widerspruchs oder seit dem Antrag auf Vornahme des Verwaltungsakts erhoben werden, außer wenn wegen besonderer Umstände des Falles eine kürzere Frist geboten ist. Liegt ein zureichender Grund dafür vor, daß über den Widerspruch noch nicht entschieden oder der beantragte Verwaltungsakt noch nicht erlassen ist, so setzt das Gericht das Verfahren bis zum Ablauf einer von ihm bestimmten Frist, die verlängert werden kann, aus. Wird dem Widerspruch innerhalb der vom Gericht gesetzten Frist stattgegeben oder der Verwaltungsakt innerhalb dieser Frist erlassen, so ist die Hauptsache für erledigt zu erklären."
baunvo,5,7,"(1) Dorfgebiete dienen der Unterbringung der Wirtschaftsstellen land- und forstwirtschaftlicher Betriebe, dem Wohnen und der Unterbringung von nicht wesentlich störenden Gewerbebetrieben sowie der Versorgung der Bewohner des Gebiets dienenden Handwerksbetrieben. Auf die Belange der land- und forstwirtschaftlichen Betriebe einschließlich ihrer Entwicklungsmöglichkeiten ist vorrangig Rücksicht zu nehmen. (2) Zulässig sind  1. Wirtschaftsstellen land- und forstwirtschaftlicher Betriebe und die dazugehörigen Wohnungen und Wohngebäude, 2. Kleinsiedlungen einschließlich Wohngebäude mit entsprechenden Nutzgärten und landwirtschaftliche Nebenerwerbsstellen, 3. sonstige Wohngebäude, 4. Betriebe zur Be- und Verarbeitung und Sammlung land- und forstwirtschaftlicher Erzeugnisse, 5. Einzelhandelsbetriebe, Schank- und Speisewirtschaften sowie Betriebe des Beherbergungsgewerbes, 6. sonstige Gewerbebetriebe, 7. Anlagen für örtliche Verwaltungen sowie für kirchliche, kulturelle, soziale, gesundheitliche und sportliche Zwecke, 8. Gartenbaubetriebe, 9. Tankstellen. (3) Ausnahmsweise können Vergnügungsstätten im Sinne des § 4a Absatz 3 Nummer 2 zugelassen werden."
bgb,690,7,"Wird die Aufbewahrung unentgeltlich übernommen, so hat der Verwahrer nur für diejenige Sorgfalt einzustehen, welche er in eigenen Angelegenheiten anzuwenden pflegt."
ladschlg,24,7,"(1) Ordnungswidrig handelt, wer vorsätzlich oder fahrlässig  1. als Inhaber einer Verkaufsstelle oder als Gewerbetreibender im Sinne des § 20 a) einer Vorschrift des § 17 Abs. 1 bis 3 über die Beschäftigung an Sonn- und Feiertagen, die Freizeit oder den Ausgleich,   b) einer Vorschrift einer Rechtsverordnung nach § 17 Abs. 7 oder § 20 Abs. 4, soweit sie für einen bestimmten Tatbestand auf diese Bußgeldvorschrift verweist,   c) einer Vorschrift des § 21 Abs. 1 Nr. 2 über Verzeichnisse oder des § 22 Abs. 3 Nr. 2 über die Einsicht, Vorlage oder Aufbewahrung der Verzeichnisse,     2. als Inhaber einer Verkaufsstelle a) einer Vorschrift der §§ 3, 4 Abs. 1 Satz 2, des § 6 Abs. 2, des § 9 Abs. 1 Satz 2, des § 17 Abs. 5 oder einer nach § 4 Abs. 2 Satz 1, § 8 Abs. 2, § 9 Abs. 2 oder nach § 10 oder § 11 erlassenen Rechtsvorschrift über die Ladenschlusszeiten,   b) einer sonstigen Vorschrift einer Rechtsverordnung nach § 10 oder § 11, soweit sie für einen bestimmten Tatbestand auf diese Bußgeldvorschrift verweist,   c) der Vorschrift des § 21 Abs. 1 Nr. 1 über Auslagen und Aushänge,     3. als Gewerbetreibender im Sinne des § 19 oder des § 20 einer Vorschrift des § 19 Abs. 1, 2 oder des § 20 Abs. 1, 2 über das Feilhalten von Waren im Marktverkehr oder außerhalb einer Verkaufsstelle oder   4. einer Vorschrift des § 22 Abs. 3 Nr. 1 oder Abs. 4 über die Auskunft   zuwiderhandelt. (2) Die Ordnungswidrigkeit nach Absatz 1 Nr. 1 Buchstabe a und b kann mit einer Geldbuße bis zu zweitausendfünfhundert Euro, die Ordnungswidrigkeit nach Absatz 1 Nr. 1 Buchstabe c und Nr. 2 bis 4 mit einer Geldbuße bis zu fünfhundert Euro geahndet werden."
bgb,677,7,"Wer ein Geschäft für einen anderen besorgt, ohne von ihm beauftragt oder ihm gegenüber sonst dazu berechtigt zu sein, hat das Geschäft so zu führen, wie das Interesse des Geschäftsherrn mit Rücksicht auf dessen wirklichen oder mutmaßlichen Willen es erfordert."
fev,31,6,"(1) Beantragt der Inhaber einer Fahrerlaubnis, die in einem in Anlage 11 aufgeführten Staat und in einer in der Anlage 11 aufgeführten Klasse erteilt worden ist und die zum Führen von Kraftfahrzeugen im Inland berechtigt oder dazu berechtigt hat, die Erteilung einer Fahrerlaubnis für die entsprechende Klasse von Kraftfahrzeugen, sind folgende Vorschriften nicht anzuwenden: 1. § 11 Absatz 9 über die ärztliche Untersuchung und § 12 Absatz 6 über die Untersuchung des Sehvermögens, es sei denn, dass in entsprechender Anwendung der Regelungen in den §§ 23 und 24 eine Untersuchung erforderlich ist, 2. § 12 Absatz 2 über den Sehtest, 3. § 15 über die Befähigungsprüfung nach Maßgabe der Anlage 11, 4. § 19 über die Schulung in Erster Hilfe, 5. die Vorschriften über die Ausbildung. Für die Berechtigung zum Führen von Fahrzeugen der Klassen AM, L und T gilt § 6 Absatz 3 entsprechend. Dies gilt auch, wenn die Berechtigung nur auf Grund von § 29 Absatz 3 Nummer 1a nicht bestanden hat. Ist die ausländische Fahrerlaubnis auf das Führen von Kraftfahrzeugen ohne Kupplungspedal (oder Schalthebel bei Fahrzeugen der Klassen A, A1 oder A2) beschränkt, ist die Fahrerlaubnis auf das Führen von Kraftfahrzeugen ohne Kupplungspedal (oder Schalthebel bei Fahrzeugen der Klassen A, A1 oder A2) zu beschränken. § 17a Absatz 1 und 2 ist entsprechend anzuwenden. Beantragt der Inhaber einer Fahrerlaubnis, die in einem in Anlage 11 aufgeführten Staat, aber in einer in Anlage 11 nicht aufgeführten Klasse erteilt worden ist und die zum Führen von Kraftfahrzeugen im Inland berechtigt oder dazu berechtigt hat, die Erteilung einer Fahrerlaubnis für die entsprechende Klasse von Kraftfahrzeugen, ist Absatz 2 entsprechend anzuwenden. (1a) Abweichend von Absatz 1 Satz 1 Nummer 3 ordnet die Fahrerlaubnisbehörde eine Fahrerlaubnisprüfung an, wenn Tatsachen vorliegen, die die Annahme rechtfertigen, dass der Bewerber die nach § 16 Absatz 1 und § 17 Absatz 1 erforderlichen Kenntnisse und Fähigkeiten nicht mehr besitzt. (2) Beantragt der Inhaber einer Fahrerlaubnis aus einem nicht in Anlage 11 aufgeführten Staat unter den Voraussetzungen des Absatzes 1 Satz 1 und 2 die Erteilung einer Fahrerlaubnis für die entsprechende Klasse von Kraftfahrzeugen, sind die Vorschriften über die Ausbildung nicht anzuwenden. (3) Der Antragsteller hat den Besitz der ausländischen Fahrerlaubnis durch den nationalen Führerschein nachzuweisen. Außerdem hat er seinem Antrag auf Erteilung einer inländischen Fahrerlaubnis eine Erklärung des Inhalts beizugeben, dass seine ausländische Fahrerlaubnis noch gültig ist. Die Fahrerlaubnisbehörde ist berechtigt, die Richtigkeit der Erklärung zu überprüfen. (4) Auf einem auf Grund des Absatzes 1 Satz 1 ausgestellten Führerschein ist zu vermerken, dass der Erteilung der Fahrerlaubnis eine Fahrerlaubnis zugrunde gelegen hat, die nicht in einem Mitgliedstaat der Europäischen Union oder einem anderen Vertragsstaat des Abkommens über den Europäischen Wirtschaftsraum ausgestellt worden war. Der auf Grund des Absatzes 1 oder 2 ausgestellte Führerschein ist nur gegen Abgabe des ausländischen Führerscheins auszuhändigen. Die Fahrerlaubnisbehörde sendet ihn über das Kraftfahrt-Bundesamt an die Stelle zurück, die ihn ausgestellt hat, wenn mit dem betreffenden Staat eine entsprechende Vereinbarung besteht. In den anderen Fällen nimmt sie den Führerschein in Verwahrung. Er darf nur gegen Abgabe des auf seiner Grundlage ausgestellten inländischen Führerscheins wieder ausgehändigt werden. In begründeten Fällen kann die Fahrerlaubnisbehörde davon absehen, den ausländischen Führerschein in Verwahrung zu nehmen oder ihn an die ausländische Stelle zurückzuschicken. Verwahrte Führerscheine können nach drei Jahren vernichtet werden. (5) Absatz 1 gilt auch für den in § 30 Absatz 5 genannten Personenkreis, sofern Gegenseitigkeit besteht. Der Vermerk nach Absatz 4 Satz 1 ist einzutragen. Absatz 4 Satz 2 bis 7 findet keine Anwendung."
baugb,16,6,"(1) Die Veränderungssperre wird von der Gemeinde als Satzung beschlossen. (2) Die Gemeinde hat die Veränderungssperre ortsüblich bekannt zu machen. Sie kann auch ortsüblich bekannt machen, dass eine Veränderungssperre beschlossen worden ist; § 10 Absatz 3 Satz 2 bis 5 ist entsprechend anzuwenden."
bverfgg,76,6,"(1) Der Antrag der Bundesregierung, einer Landesregierung oder eines Viertels der Mitglieder des Bundestages gemäß Artikel 94 Absatz 1 Nummer 2 des Grundgesetzes ist nur zulässig, wenn der Antragsteller Bundes- oder Landesrecht  1. wegen seiner förmlichen oder sachlichen Unvereinbarkeit mit dem Grundgesetz oder dem sonstigen Bundesrecht für nichtig hält oder 2. für gültig hält, nachdem ein Gericht, eine Verwaltungsbehörde oder ein Organ des Bundes oder eines Landes das Recht als unvereinbar mit dem Grundgesetz oder sonstigem Bundesrecht nicht angewendet hat. (2) Der Antrag des Bundesrates, einer Landesregierung oder der Volksvertretung eines Landes gemäß Artikel 94 Absatz 1 Nummer 2a des Grundgesetzes ist nur zulässig, wenn der Antragsteller ein Bundesgesetz wegen Nichterfüllung der Voraussetzungen des Artikels 72 Abs. 2 des Grundgesetzes für nichtig hält; der Antrag kann auch darauf gestützt werden, daß der Antragsteller das Bundesgesetz wegen Nichterfüllung der Voraussetzungen des Artikels 75 Abs. 2 des Grundgesetzes für nichtig hält."
bverfgg,32,6,"(1) Das Bundesverfassungsgericht kann im Streitfall einen Zustand durch einstweilige Anordnung vorläufig regeln, wenn dies zur Abwehr schwerer Nachteile, zur Verhinderung drohender Gewalt oder aus einem anderen wichtigen Grund zum gemeinen Wohl dringend geboten ist. (2) Die einstweilige Anordnung kann ohne mündliche Verhandlung ergehen. Bei besonderer Dringlichkeit kann das Bundesverfassungsgericht davon absehen, den am Verfahren zur Hauptsache Beteiligten, zum Beitritt Berechtigten oder Äußerungsberechtigten Gelegenheit zur Stellungnahme zu geben. (3) Wird die einstweilige Anordnung durch Beschluß erlassen oder abgelehnt, so kann Widerspruch erhoben werden. Das gilt nicht für den Beschwerdeführer im Verfahren der Verfassungsbeschwerde. Über den Widerspruch entscheidet das Bundesverfassungsgericht nach mündlicher Verhandlung. Diese muß binnen zwei Wochen nach dem Eingang der Begründung des Widerspruchs stattfinden. (4) Der Widerspruch gegen die einstweilige Anordnung hat keine aufschiebende Wirkung. Das Bundesverfassungsgericht kann die Vollziehung der einstweiligen Anordnung aussetzen. (5) Das Bundesverfassungsgericht kann die Entscheidung über die einstweilige Anordnung oder über den Widerspruch ohne Begründung bekanntgeben. In diesem Fall ist die Begründung den Beteiligten gesondert zu übermitteln. (6) Die einstweilige Anordnung tritt nach sechs Monaten außer Kraft. Sie kann mit einer Mehrheit von zwei Dritteln der Stimmen wiederholt werden. (7) Ist ein Senat nicht beschlußfähig, so kann die einstweilige Anordnung bei besonderer Dringlichkeit erlassen werden, wenn mindestens drei Richter anwesend sind und der Beschluß einstimmig gefaßt wird. Sie tritt nach einem Monat außer Kraft. Wird sie durch den Senat bestätigt, so tritt sie sechs Monate nach ihrem Erlaß außer Kraft."
vwgo,147,6,"(1) Die Beschwerde ist bei dem Gericht, dessen Entscheidung angefochten wird, schriftlich oder zu Protokoll des Urkundsbeamten der Geschäftsstelle innerhalb von zwei Wochen nach Bekanntgabe der Entscheidung einzulegen. § 67 Abs. 4 bleibt unberührt. (2) Die Beschwerdefrist ist auch gewahrt, wenn die Beschwerde innerhalb der Frist bei dem Beschwerdegericht eingeht."
bgb,253,6,"(1) Wegen eines Schadens, der nicht Vermögensschaden ist, kann Entschädigung in Geld nur in den durch das Gesetz bestimmten Fällen gefordert werden. (2) Ist wegen einer Verletzung des Körpers, der Gesundheit, der Freiheit oder der sexuellen Selbstbestimmung Schadensersatz zu leisten, kann auch wegen des Schadens, der nicht Vermögensschaden ist, eine billige Entschädigung in Geld gefordert werden."
baugb,212a,6,(1) Widerspruch und Anfechtungsklage eines Dritten gegen die bauaufsichtliche Zulassung eines Vorhabens haben keine aufschiebende Wirkung. (2) Widerspruch und Anfechtungsklage gegen die Geltendmachung des Kostenerstattungsbetrags nach § 135a Absatz 3 sowie des Ausgleichsbetrags nach § 154 durch die Gemeinde haben keine aufschiebende Wirkung.
vwgo,125,6,"(1) Für das Berufungsverfahren gelten die Vorschriften des Teils II entsprechend, soweit sich aus diesem Abschnitt nichts anderes ergibt. § 84 findet keine Anwendung. (2) Ist die Berufung unzulässig, so ist sie zu verwerfen. Die Entscheidung kann durch Beschluß ergehen. Die Beteiligten sind vorher zu hören. Gegen den Beschluß steht den Beteiligten das Rechtsmittel zu, das zulässig wäre, wenn das Gericht durch Urteil entschieden hätte. Die Beteiligten sind über dieses Rechtsmittel zu belehren."
