lawID,law_book,article,title,content,bookTitle,citations
236691,VwGO,§ 154,,"(1) Der unterliegende Teil trägt die Kosten des Verfahrens.
          (2) Die Kosten eines ohne Erfolg eingelegten Rechtsmittels fallen demjenigen zur Last, der das Rechtsmittel eingelegt hat.
          (3) Dem Beigeladenen können Kosten nur auferlegt werden, wenn er Anträge gestellt oder Rechtsmittel eingelegt hat; § 155 Abs. 4 bleibt unberührt.
          (4) Die Kosten des erfolgreichen Wiederaufnahmeverfahrens können der Staatskasse auferlegt werden, soweit sie nicht durch das Verschulden eines Beteiligten entstanden sind.
        ",Verwaltungsgerichtsordnung,33723
214969,ZPO,§ 708,Vorläufige Vollstreckbarkeit ohne Sicherheitsleistung,"
            Für vorläufig vollstreckbar ohne Sicherheitsleistung sind zu erklären: 
            
              1.
              
                Urteile, die auf Grund eines Anerkenntnisses oder eines Verzichts ergehen;
              
              2.
              
                Versäumnisurteile und Urteile nach Lage der Akten gegen die säumige Partei gemäß § 331a;
              
              3.
              
                Urteile, durch die gemäß § 341 der Einspruch als unzulässig verworfen wird;
              
              4.
              
                Urteile, die im Urkunden-, Wechsel- oder Scheckprozess erlassen werden;
              
              5.
              
                Urteile, die ein Vorbehaltsurteil, das im Urkunden-, Wechsel- oder Scheckprozess erlassen wurde, für vorbehaltlos erklären;
              
              6.
              
                Urteile, durch die Arreste oder einstweilige Verfügungen abgelehnt oder aufgehoben werden;
              
              7.
              
                Urteile in Streitigkeiten zwischen dem Vermieter und dem Mieter oder Untermieter von Wohnräumen oder anderen Räumen oder zwischen dem Mieter und dem Untermieter solcher Räume wegen Überlassung, Benutzung oder Räumung, wegen Fortsetzung des Mietverhältnisses über Wohnraum auf Grund der §§ 574 bis 574b des Bürgerlichen Gesetzbuchs sowie wegen Zurückhaltung der von dem Mieter oder dem Untermieter in die Mieträume eingebrachten Sachen;
              
              8.
              
                Urteile, die die Verpflichtung aussprechen, Unterhalt, Renten wegen Entziehung einer Unterhaltsforderung oder Renten wegen einer Verletzung des Körpers oder der Gesundheit zu entrichten, soweit sich die Verpflichtung auf die Zeit nach der Klageerhebung und auf das ihr vorausgehende letzte Vierteljahr bezieht;
              
              9.
              
                Urteile nach §§ 861, 862 des Bürgerlichen Gesetzbuchs auf Wiedereinräumung des Besitzes oder auf Beseitigung oder Unterlassung einer Besitzstörung;
              
              10.
              
                Berufungsurteile in vermögensrechtlichen Streitigkeiten. Wird die Berufung durch Urteil oder Beschluss gemäß § 522 Absatz 2 zurückgewiesen, ist auszusprechen, dass das angefochtene Urteil ohne Sicherheitsleistung vorläufig vollstreckbar ist;
              
              11.
              
                andere Urteile in vermögensrechtlichen Streitigkeiten, wenn der Gegenstand der Verurteilung in der Hauptsache 1.250 Euro nicht übersteigt oder wenn nur die Entscheidung über die Kosten vollstreckbar ist und eine Vollstreckung im Wert von nicht mehr als 1.500 Euro ermöglicht.
              
            
          
        ",Zivilprozessordnung,25177
214439,ZPO,§ 97,Rechtsmittelkosten,"(1) Die Kosten eines ohne Erfolg eingelegten Rechtsmittels fallen der Partei zur Last, die es eingelegt hat.
          (2) Die Kosten des Rechtsmittelverfahrens sind der obsiegenden Partei ganz oder teilweise aufzuerlegen, wenn sie auf Grund eines neuen Vorbringens obsiegt, das sie in einem früheren Rechtszug geltend zu machen imstande war.
          (3) (weggefallen)
        ",Zivilprozessordnung,19386
214972,ZPO,§ 711,Abwendungsbefugnis,"In den Fällen des § 708 Nr. 4 bis 11 hat das Gericht auszusprechen, dass der Schuldner die Vollstreckung durch Sicherheitsleistung oder Hinterlegung abwenden darf, wenn nicht der Gläubiger vor der Vollstreckung Sicherheit leistet. § 709 Satz 2 gilt entsprechend, für den Schuldner jedoch mit der Maßgabe, dass Sicherheit in einem bestimmten Verhältnis zur Höhe des auf Grund des Urteils vollstreckbaren Betrages zu leisten ist. Für den Gläubiger gilt § 710 entsprechend.
        ",Zivilprozessordnung,16497
214428,ZPO,§ 91,Grundsatz und Umfang der Kostenpflicht,"(1) Die unterliegende Partei hat die Kosten des Rechtsstreits zu tragen, insbesondere die dem Gegner erwachsenen Kosten zu erstatten, soweit sie zur zweckentsprechenden Rechtsverfolgung oder Rechtsverteidigung notwendig waren. Die Kostenerstattung umfasst auch die Entschädigung des Gegners für die durch notwendige Reisen oder durch die notwendige Wahrnehmung von Terminen entstandene Zeitversäumnis; die für die Entschädigung von Zeugen geltenden Vorschriften sind entsprechend anzuwenden.
          (2) Die gesetzlichen Gebühren und Auslagen des Rechtsanwalts der obsiegenden Partei sind in allen Prozessen zu erstatten, Reisekosten eines Rechtsanwalts, der nicht in dem Bezirk des Prozessgerichts niedergelassen ist und am Ort des Prozessgerichts auch nicht wohnt, jedoch nur insoweit, als die Zuziehung zur zweckentsprechenden Rechtsverfolgung oder Rechtsverteidigung notwendig war. Die Kosten mehrerer Rechtsanwälte sind nur insoweit zu erstatten, als sie die Kosten eines Rechtsanwalts nicht übersteigen oder als in der Person des Rechtsanwalts ein Wechsel eintreten musste. In eigener Sache sind dem Rechtsanwalt die Gebühren und Auslagen zu erstatten, die er als Gebühren und Auslagen eines bevollmächtigten Rechtsanwalts erstattet verlangen könnte.
          (3) Zu den Kosten des Rechtsstreits im Sinne der Absätze 1, 2 gehören auch die Gebühren, die durch ein Güteverfahren vor einer durch die Landesjustizverwaltung eingerichteten oder anerkannten Gütestelle entstanden sind; dies gilt nicht, wenn zwischen der Beendigung des Güteverfahrens und der Klageerhebung mehr als ein Jahr verstrichen ist.
          (4) Zu den Kosten des Rechtsstreits im Sinne von Absatz 1 gehören auch Kosten, die die obsiegende Partei der unterlegenen Partei im Verlaufe des Rechtsstreits gezahlt hat.
        ",Zivilprozessordnung,15287
236705,VwGO,§ 167,,"(1) Soweit sich aus diesem Gesetz nichts anderes ergibt, gilt für die Vollstreckung das Achte Buch der Zivilprozeßordnung entsprechend. Vollstreckungsgericht ist das Gericht des ersten Rechtszugs.
          (2) Urteile auf Anfechtungs- und Verpflichtungsklagen können nur wegen der Kosten für vorläufig vollstreckbar erklärt werden.
        ",Verwaltungsgerichtsordnung,14819
236645,VwGO,§ 113,,"(1) Soweit der Verwaltungsakt rechtswidrig und der Kläger dadurch in seinen Rechten verletzt ist, hebt das Gericht den Verwaltungsakt und den etwaigen Widerspruchsbescheid auf. Ist der Verwaltungsakt schon vollzogen, so kann das Gericht auf Antrag auch aussprechen, daß und wie die Verwaltungsbehörde die Vollziehung rückgängig zu machen hat. Dieser Ausspruch ist nur zulässig, wenn die Behörde dazu in der Lage und diese Frage spruchreif ist. Hat sich der Verwaltungsakt vorher durch Zurücknahme oder anders erledigt, so spricht das Gericht auf Antrag durch Urteil aus, daß der Verwaltungsakt rechtswidrig gewesen ist, wenn der Kläger ein berechtigtes Interesse an dieser Feststellung hat.
          (2) Begehrt der Kläger die Änderung eines Verwaltungsakts, der einen Geldbetrag festsetzt oder eine darauf bezogene Feststellung trifft, kann das Gericht den Betrag in anderer Höhe festsetzen oder die Feststellung durch eine andere ersetzen. Erfordert die Ermittlung des festzusetzenden oder festzustellenden Betrags einen nicht unerheblichen Aufwand, kann das Gericht die Änderung des Verwaltungsakts durch Angabe der zu Unrecht berücksichtigten oder nicht berücksichtigten tatsächlichen oder rechtlichen Verhältnisse so bestimmen, daß die Behörde den Betrag auf Grund der Entscheidung errechnen kann. Die Behörde teilt den Beteiligten das Ergebnis der Neuberechnung unverzüglich formlos mit; nach Rechtskraft der Entscheidung ist der Verwaltungsakt mit dem geänderten Inhalt neu bekanntzugeben.
          (3) Hält das Gericht eine weitere Sachaufklärung für erforderlich, kann es, ohne in der Sache selbst zu entscheiden, den Verwaltungsakt und den Widerspruchsbescheid aufheben, soweit nach Art oder Umfang die noch erforderlichen Ermittlungen erheblich sind und die Aufhebung auch unter Berücksichtigung der Belange der Beteiligten sachdienlich ist. Auf Antrag kann das Gericht bis zum Erlaß des neuen Verwaltungsakts eine einstweilige Regelung treffen, insbesondere bestimmen, daß Sicherheiten geleistet werden oder ganz oder zum Teil bestehen bleiben und Leistungen zunächst nicht zurückgewährt werden müssen. Der Beschluß kann jederzeit geändert oder aufgehoben werden. Eine Entscheidung nach Satz 1 kann nur binnen sechs Monaten seit Eingang der Akten der Behörde bei Gericht ergehen.
          (4) Kann neben der Aufhebung eines Verwaltungsakts eine Leistung verlangt werden, so ist im gleichen Verfahren auch die Verurteilung zur Leistung zulässig.
          (5) Soweit die Ablehnung oder Unterlassung des Verwaltungsakts rechtswidrig und der Kläger dadurch in seinen Rechten verletzt ist, spricht das Gericht die Verpflichtung der Verwaltungsbehörde aus, die beantragte Amtshandlung vorzunehmen, wenn die Sache spruchreif ist. Andernfalls spricht es die Verpflichtung aus, den Kläger unter Beachtung der Rechtsauffassung des Gerichts zu bescheiden.
        ",Verwaltungsgerichtsordnung,13045
216897,SGG,§ 193,,"(1) Das Gericht hat im Urteil zu entscheiden, ob und in welchem Umfang die Beteiligten einander Kosten zu erstatten haben. Ist ein Mahnverfahren vorausgegangen (§ 182a), entscheidet das Gericht auch, welcher Beteiligte die Gerichtskosten zu tragen hat. Das Gericht entscheidet auf Antrag durch Beschluß, wenn das Verfahren anders beendet wird.
          (2) Kosten sind die zur zweckentsprechenden Rechtsverfolgung oder Rechtsverteidigung notwendigen Aufwendungen der Beteiligten.
          (3) Die gesetzliche Vergütung eines Rechtsanwalts oder Rechtsbeistands ist stets erstattungsfähig.
          (4) Nicht erstattungsfähig sind die Aufwendungen der in § 184 Abs. 1 genannten Gebührenpflichtigen.
        ",Sozialgerichtsgesetz,10702
236668,VwGO,§ 132,,"(1) Gegen das Urteil des Oberverwaltungsgerichts (§ 49 Nr. 1) und gegen Beschlüsse nach § 47 Abs. 5 Satz 1 steht den Beteiligten die Revision an das Bundesverwaltungsgericht zu, wenn das Oberverwaltungsgericht oder auf Beschwerde gegen die Nichtzulassung das Bundesverwaltungsgericht sie zugelassen hat.
          
            (2) Die Revision ist nur zuzulassen, wenn 
            
              1.
              
                die Rechtssache grundsätzliche Bedeutung hat,
              
              2.
              
                das Urteil von einer Entscheidung des Bundesverwaltungsgerichts, des Gemeinsamen Senats der obersten Gerichtshöfe des Bundes oder des Bundesverfassungsgerichts abweicht und auf dieser Abweichung beruht oder
              
              3.
              
                ein Verfahrensmangel geltend gemacht wird und vorliegt, auf dem die Entscheidung beruhen kann.
              
            
          
          (3) Das Bundesverwaltungsgericht ist an die Zulassung gebunden.
        ",Verwaltungsgerichtsordnung,9572
236656,VwGO,§ 124,,"(1) Gegen Endurteile einschließlich der Teilurteile nach § 110 und gegen Zwischenurteile nach den §§ 109 und 111 steht den Beteiligten die Berufung zu, wenn sie von dem Verwaltungsgericht oder dem Oberverwaltungsgericht zugelassen wird.
          
            (2) Die Berufung ist nur zuzulassen, 
            
              1.
              
                wenn ernstliche Zweifel an der Richtigkeit des Urteils bestehen,
              
              2.
              
                wenn die Rechtssache besondere tatsächliche oder rechtliche Schwierigkeiten aufweist,
              
              3.
              
                wenn die Rechtssache grundsätzliche Bedeutung hat,
              
              4.
              
                wenn das Urteil von einer Entscheidung des Oberverwaltungsgerichts, des Bundesverwaltungsgerichts, des Gemeinsamen Senats der obersten Gerichtshöfe des Bundes oder des Bundesverfassungsgerichts abweicht und auf dieser Abweichung beruht oder
              
              5.
              
                wenn ein der Beurteilung des Berufungsgerichts unterliegender Verfahrensmangel geltend gemacht wird und vorliegt, auf dem die Entscheidung beruhen kann.
              
            
          
        ",Verwaltungsgerichtsordnung,9015
214430,ZPO,§ 92,Kosten bei teilweisem Obsiegen,"(1) Wenn jede Partei teils obsiegt, teils unterliegt, so sind die Kosten gegeneinander aufzuheben oder verhältnismäßig zu teilen. Sind die Kosten gegeneinander aufgehoben, so fallen die Gerichtskosten jeder Partei zur Hälfte zur Last.
          
            (2) Das Gericht kann der einen Partei die gesamten Prozesskosten auferlegen, wenn 
            
              1.
              
                die Zuvielforderung der anderen Partei verhältnismäßig geringfügig war und keine oder nur geringfügig höhere Kosten veranlasst hat oder
              
               
              2.
              
                der Betrag der Forderung der anderen Partei von der Festsetzung durch richterliches Ermessen, von der Ermittlung durch Sachverständige oder von einer gegenseitigen Berechnung abhängig war.
              
               
            
          
        ",Zivilprozessordnung,8755
214879,ZPO,§ 543,Zulassungsrevision,"
            (1) Die Revision findet nur statt, wenn sie 
            
              1.
              
                das Berufungsgericht in dem Urteil oder
              
               
              2.
              
                das Revisionsgericht auf Beschwerde gegen die Nichtzulassung
              
               
            
            zugelassen hat.
          
          
            (2) Die Revision ist zuzulassen, wenn 
            
              1.
              
                die Rechtssache grundsätzliche Bedeutung hat oder
              
               
              2.
              
                die Fortbildung des Rechts oder die Sicherung einer einheitlichen Rechtsprechung eine Entscheidung des Revisionsgerichts erfordert.
              
               
            
            Das Revisionsgericht ist an die Zulassung durch das Berufungsgericht gebunden.
          
        ",Zivilprozessordnung,8683
204591,ArbGG,§ 72,Grundsatz,"(1) Gegen das Endurteil eines Landesarbeitsgerichts findet die Revision an das Bundesarbeitsgericht statt, wenn sie in dem Urteil des Landesarbeitsgerichts oder in dem Beschluß des Bundesarbeitsgerichts nach § 72a Abs. 5 Satz 2 zugelassen worden ist. § 64 Abs. 3a ist entsprechend anzuwenden.
          
            (2) Die Revision ist zuzulassen, wenn 
            
              1.
              
                eine entscheidungserhebliche Rechtsfrage grundsätzliche Bedeutung hat,
              
               
              2.
              
                das Urteil von einer Entscheidung des Bundesverfassungsgerichts, von einer Entscheidung des Gemeinsamen Senats der obersten Gerichtshöfe des Bundes, von einer Entscheidung des Bundesarbeitsgerichts oder, solange eine Entscheidung des Bundesarbeitsgerichts in der Rechtsfrage nicht ergangen ist, von einer Entscheidung einer anderen Kammer desselben Landesarbeitsgerichts oder eines anderen Landesarbeitsgerichts abweicht und die Entscheidung auf dieser Abweichung beruht oder
              
               
              3.
              
                ein absoluter Revisionsgrund gemäß § 547 Nr. 1 bis 5 der Zivilprozessordnung oder eine entscheidungserhebliche Verletzung des Anspruchs auf rechtliches Gehör geltend gemacht wird und vorliegt.
              
               
            
             
          
          (3) Das Bundesarbeitsgericht ist an die Zulassung der Revision durch das Landesarbeitsgericht gebunden.
          (4) Gegen Urteile, durch die über die Anordnung, Abänderung oder Aufhebung eines Arrests oder einer einstweiligen Verfügung entschieden wird, ist die Revision nicht zulässig.
          (5) Für das Verfahren vor dem Bundesarbeitsgericht gelten, soweit dieses Gesetz nichts anderes bestimmt, die Vorschriften der Zivilprozeßordnung über die Revision mit Ausnahme des § 566 entsprechend.
          (6) Die Vorschriften des § 49 Abs. 1, der §§ 50, 52 und 53, des § 57 Abs. 2, des § 61 Abs. 2 und des § 63 über Ablehnung von Gerichtspersonen, Zustellung, Öffentlichkeit, Befugnisse des Vorsitzenden und der ehrenamtlichen Richter, gütliche Erledigung des Rechtsstreits sowie Inhalt des Urteils und Übersendung von Urteilen in Tarifvertragssachen gelten entsprechend.
        ",Arbeitsgerichtsgesetz,8157
214970,ZPO,§ 709,Vorläufige Vollstreckbarkeit gegen Sicherheitsleistung,"Andere Urteile sind gegen eine der Höhe nach zu bestimmende Sicherheit für vorläufig vollstreckbar zu erklären. Soweit wegen einer Geldforderung zu vollstrecken ist, genügt es, wenn die Höhe der Sicherheitsleistung in einem bestimmten Verhältnis zur Höhe des jeweils zu vollstreckenden Betrages angegeben wird. Handelt es sich um ein Urteil, das ein Versäumnisurteil aufrechterhält, so ist auszusprechen, dass die Vollstreckung aus dem Versäumnisurteil nur gegen Leistung der Sicherheit fortgesetzt werden darf.
        ",Zivilprozessordnung,7660
236605,VwGO,§ 80,,"(1) Widerspruch und Anfechtungsklage haben aufschiebende Wirkung. Das gilt auch bei rechtsgestaltenden und feststellenden Verwaltungsakten sowie bei Verwaltungsakten mit Doppelwirkung (§ 80a).
          
            (2) Die aufschiebende Wirkung entfällt nur 
            
              1.
              
                bei der Anforderung von öffentlichen Abgaben und Kosten,
              
              2.
              
                bei unaufschiebbaren Anordnungen und Maßnahmen von Polizeivollzugsbeamten,
              
              3.
              
                in anderen durch Bundesgesetz oder für Landesrecht durch Landesgesetz vorgeschriebenen Fällen, insbesondere für Widersprüche und Klagen Dritter gegen Verwaltungsakte, die Investitionen oder die Schaffung von Arbeitsplätzen betreffen,
              
              4.
              
                in den Fällen, in denen die sofortige Vollziehung im öffentlichen Interesse oder im überwiegenden Interesse eines Beteiligten von der Behörde, die den Verwaltungsakt erlassen oder über den Widerspruch zu entscheiden hat, besonders angeordnet wird.
              
            
            Die Länder können auch bestimmen, daß Rechtsbehelfe keine aufschiebende Wirkung haben, soweit sie sich gegen Maßnahmen richten, die in der Verwaltungsvollstreckung durch die Länder nach Bundesrecht getroffen werden.
          
          (3) In den Fällen des Absatzes 2 Nr. 4 ist das besondere Interesse an der sofortigen Vollziehung des Verwaltungsakts schriftlich zu begründen. Einer besonderen Begründung bedarf es nicht, wenn die Behörde bei Gefahr im Verzug, insbesondere bei drohenden Nachteilen für Leben, Gesundheit oder Eigentum vorsorglich eine als solche bezeichnete Notstandsmaßnahme im öffentlichen Interesse trifft.
          (4) Die Behörde, die den Verwaltungsakt erlassen oder über den Widerspruch zu entscheiden hat, kann in den Fällen des Absatzes 2 die Vollziehung aussetzen, soweit nicht bundesgesetzlich etwas anderes bestimmt ist. Bei der Anforderung von öffentlichen Abgaben und Kosten kann sie die Vollziehung auch gegen Sicherheit aussetzen. Die Aussetzung soll bei öffentlichen Abgaben und Kosten erfolgen, wenn ernstliche Zweifel an der Rechtmäßigkeit des angegriffenen Verwaltungsakts bestehen oder wenn die Vollziehung für den Abgaben- oder Kostenpflichtigen eine unbillige, nicht durch überwiegende öffentliche Interessen gebotene Härte zur Folge hätte.
          (5) Auf Antrag kann das Gericht der Hauptsache die aufschiebende Wirkung in den Fällen des Absatzes 2 Nr. 1 bis 3 ganz oder teilweise anordnen, im Falle des Absatzes 2 Nr. 4 ganz oder teilweise wiederherstellen. Der Antrag ist schon vor Erhebung der Anfechtungsklage zulässig. Ist der Verwaltungsakt im Zeitpunkt der Entscheidung schon vollzogen, so kann das Gericht die Aufhebung der Vollziehung anordnen. Die Wiederherstellung der aufschiebenden Wirkung kann von der Leistung einer Sicherheit oder von anderen Auflagen abhängig gemacht werden. Sie kann auch befristet werden.
          
            (6) In den Fällen des Absatzes 2 Nr. 1 ist der Antrag nach Absatz 5 nur zulässig, wenn die Behörde einen Antrag auf Aussetzung der Vollziehung ganz oder zum Teil abgelehnt hat. Das gilt nicht, wenn 
            
              1.
              
                die Behörde über den Antrag ohne Mitteilung eines zureichenden Grundes in angemessener Frist sachlich nicht entschieden hat oder
              
              2.
              
                eine Vollstreckung droht.
              
            
          
          (7) Das Gericht der Hauptsache kann Beschlüsse über Anträge nach Absatz 5 jederzeit ändern oder aufheben. Jeder Beteiligte kann die Änderung oder Aufhebung wegen veränderter oder im ursprünglichen Verfahren ohne Verschulden nicht geltend gemachter Umstände beantragen.
          (8) In dringenden Fällen kann der Vorsitzende entscheiden.
        ",Verwaltungsgerichtsordnung,6858
203741,FGO,§ 115,,"(1) Gegen das Urteil des Finanzgerichts (§ 36 Nr. 1) steht den Beteiligten die Revision an den Bundesfinanzhof zu, wenn das Finanzgericht oder auf Beschwerde gegen die Nichtzulassung der Bundesfinanzhof sie zugelassen hat.
          
            (2) Die Revision ist nur zuzulassen, wenn 
            
              1.
              
                die Rechtssache grundsätzliche Bedeutung hat,
              
               
              2.
              
                die Fortbildung des Rechts oder die Sicherung einer einheitlichen Rechtsprechung eine Entscheidung des Bundesfinanzhofs erfordert oder
              
               
              3.
              
                ein Verfahrensmangel geltend gemacht wird und vorliegt, auf dem die Entscheidung beruhen kann.
              
               
            
             
          
          (3) Der Bundesfinanzhof ist an die Zulassung gebunden.
        ",Finanzgerichtsordnung,6170
241043,BGB,§ 242,Leistung nach Treu und Glauben,"Der Schuldner ist verpflichtet, die Leistung so zu bewirken, wie Treu und Glauben mit Rücksicht auf die Verkehrssitte es erfordern.
        ",Bürgerliches Gesetzbuch,6074
216860,SGG,§ 160,,"(1) Gegen das Urteil eines Landessozialgerichts und gegen den Beschluss nach § 55a Absatz 5 Satz 1 steht den Beteiligten die Revision an das Bundessozialgericht nur zu, wenn sie in der Entscheidung des Landessozialgerichts oder in dem Beschluß des Bundessozialgerichts nach § 160a Abs. 4 Satz 1 zugelassen worden ist.
          
            (2) Sie ist nur zuzulassen, wenn 
            
              1.
              
                die Rechtssache grundsätzliche Bedeutung hat oder
              
              2.
              
                das Urteil von einer Entscheidung des Bundessozialgerichts, des Gemeinsamen Senats der obersten Gerichtshöfe des Bundes oder des Bundesverfassungsgerichts abweicht und auf dieser Abweichung beruht oder
              
              3.
              
                ein Verfahrensmangel geltend gemacht wird, auf dem die angefochtene Entscheidung beruhen kann; der geltend gemachte Verfahrensmangel kann nicht auf eine Verletzung der §§ 109 und 128 Abs. 1 Satz 1 und auf eine Verletzung des § 103 nur gestützt werden, wenn er sich auf einen Beweisantrag bezieht, dem das Landessozialgericht ohne hinreichende Begründung nicht gefolgt ist.
              
            
          
          (3) Das Bundessozialgericht ist an die Zulassung gebunden.
        ",Sozialgerichtsgesetz,6016
241090,BGB,§ 288,Verzugszinsen und sonstiger Verzugsschaden,"
            
          
          (1) Eine Geldschuld ist während des Verzugs zu verzinsen. Der Verzugszinssatz beträgt für das Jahr fünf Prozentpunkte über dem Basiszinssatz.
          (2) Bei Rechtsgeschäften, an denen ein Verbraucher nicht beteiligt ist, beträgt der Zinssatz für Entgeltforderungen neun Prozentpunkte über dem Basiszinssatz.
          (3) Der Gläubiger kann aus einem anderen Rechtsgrund höhere Zinsen verlangen.
          (4) Die Geltendmachung eines weiteren Schadens ist nicht ausgeschlossen.
          (5) Der Gläubiger einer Entgeltforderung hat bei Verzug des Schuldners, wenn dieser kein Verbraucher ist, außerdem einen Anspruch auf Zahlung einer Pauschale in Höhe von 40 Euro. Dies gilt auch, wenn es sich bei der Entgeltforderung um eine Abschlagszahlung oder sonstige Ratenzahlung handelt. Die Pauschale nach Satz 1 ist auf einen geschuldeten Schadensersatz anzurechnen, soweit der Schaden in Kosten der Rechtsverfolgung begründet ist.
          (6) Eine im Voraus getroffene Vereinbarung, die den Anspruch des Gläubigers einer Entgeltforderung auf Verzugszinsen ausschließt, ist unwirksam. Gleiches gilt für eine Vereinbarung, die diesen Anspruch beschränkt oder den Anspruch des Gläubigers einer Entgeltforderung auf die Pauschale nach Absatz 5 oder auf Ersatz des Schadens, der in Kosten der Rechtsverfolgung begründet ist, ausschließt oder beschränkt, wenn sie im Hinblick auf die Belange des Gläubigers grob unbillig ist. Eine Vereinbarung über den Ausschluss der Pauschale nach Absatz 5 oder des Ersatzes des Schadens, der in Kosten der Rechtsverfolgung begründet ist, ist im Zweifel als grob unbillig anzusehen. Die Sätze 1 bis 3 sind nicht anzuwenden, wenn sich der Anspruch gegen einen Verbraucher richtet.
        ",Bürgerliches Gesetzbuch,5963
236688,VwGO,§ 152,,"(1) Entscheidungen des Oberverwaltungsgerichts können vorbehaltlich des § 99 Abs. 2 und des § 133 Abs. 1 dieses Gesetzes sowie des § 17a Abs. 4 Satz 4 des Gerichtsverfassungsgesetzes nicht mit der Beschwerde an das Bundesverwaltungsgericht angefochten werden.
          (2) Im Verfahren vor dem Bundesverwaltungsgericht gilt für Entscheidungen des beauftragten oder ersuchten Richters oder des Urkundsbeamten der Geschäftsstelle § 151 entsprechend.
        ",Verwaltungsgerichtsordnung,5792
204582,ArbGG,§ 64,Grundsatz,"(1) Gegen die Urteile der Arbeitsgerichte findet, soweit nicht nach § 78 das Rechtsmittel der sofortigen Beschwerde gegeben ist, die Berufung an die Landesarbeitsgerichte statt.
          
            (2) Die Berufung kann nur eingelegt werden, 
            
              a)
              
                wenn sie in dem Urteil des Arbeitsgerichts zugelassen worden ist,
              
              b)
              
                wenn der Wert des Beschwerdegegenstandes 600 Euro übersteigt,
              
              c)
              
                in Rechtsstreitigkeiten über das Bestehen, das Nichtbestehen oder die Kündigung eines Arbeitsverhältnisses oder
              
              d)
              
                wenn es sich um ein Versäumnisurteil handelt, gegen das der Einspruch an sich nicht statthaft ist, wenn die Berufung oder Anschlussberufung darauf gestützt wird, dass der Fall der schuldhaften Versäumung nicht vorgelegen habe.
              
            
          
          
            (3) Das Arbeitsgericht hat die Berufung zuzulassen, wenn 
            
              1.
              
                die Rechtssache grundsätzliche Bedeutung hat,
              
              2.
              
                
                  die Rechtssache Rechtsstreitigkeiten betrifft
                  
                    a)
                    
                      zwischen Tarifvertragsparteien aus Tarifverträgen oder über das Bestehen oder Nichtbestehen von Tarifverträgen,
                    
                    b)
                    
                      über die Auslegung eines Tarifvertrags, dessen Geltungsbereich sich über den Bezirk eines Arbeitsgerichts hinaus erstreckt, oder
                    
                    c)
                    
                      zwischen tariffähigen Parteien oder zwischen diesen und Dritten aus unerlaubten Handlungen, soweit es sich um Maßnahmen zum Zwecke des Arbeitskampfs oder um Fragen der Vereinigungsfreiheit einschließlich des hiermit im Zusammenhang stehenden Betätigungsrechts der Vereinigungen handelt, oder
                    
                  
                
              
              3.
              
                das Arbeitsgericht in der Auslegung einer Rechtsvorschrift von einem ihm im Verfahren vorgelegten Urteil, das für oder gegen eine Partei des Rechtsstreits ergangen ist, oder von einem Urteil des im Rechtszug übergeordneten Landesarbeitsgerichts abweicht und die Entscheidung auf dieser Abweichung beruht.
              
            
          
          (3a) Die Entscheidung des Arbeitsgerichts, ob die Berufung zugelassen oder nicht zugelassen wird, ist in den Urteilstenor aufzunehmen. Ist dies unterblieben, kann binnen zwei Wochen ab Verkündung des Urteils eine entsprechende Ergänzung beantragt werden. Über den Antrag kann die Kammer ohne mündliche Verhandlung entscheiden.
          (4) Das Landesarbeitsgericht ist an die Zulassung gebunden.
          (5) Ist die Berufung nicht zugelassen worden, hat der Berufungskläger den Wert des Beschwerdegegenstands glaubhaft zu machen; zur Versicherung an Eides Statt darf er nicht zugelassen werden.
          (6) Für das Verfahren vor den Landesarbeitsgerichten gelten, soweit dieses Gesetz nichts anderes bestimmt, die Vorschriften der Zivilprozeßordnung über die Berufung entsprechend. Die Vorschriften über das Verfahren vor dem Einzelrichter finden keine Anwendung.
          (7) Die Vorschriften des § 49 Abs. 1 und 3, des § 50, des § 51 Abs. 1, der §§ 52, 53, 55 Abs. 1 Nr. 1 bis 9, Abs. 2 und 4, des § 54 Absatz 6, des § 54a, der §§ 56 bis 59, 61 Abs. 2 und 3 und der §§ 62 und 63 über Ablehnung von Gerichtspersonen, Zustellungen, persönliches Erscheinen der Parteien, Öffentlichkeit, Befugnisse des Vorsitzenden und der ehrenamtlichen Richter, Güterichter, Mediation und außergerichtliche Konfliktbeilegung, Vorbereitung der streitigen Verhandlung, Verhandlung vor der Kammer, Beweisaufnahme, Versäumnisverfahren, Inhalt des Urteils, Zwangsvollstreckung und Übersendung von Urteilen in Tarifvertragssachen gelten entsprechend.
          (8) Berufungen in Rechtsstreitigkeiten über das Bestehen, das Nichtbestehen oder die Kündigung eines Arbeitsverhältnisses sind vorrangig zu erledigen.
        ",Arbeitsgerichtsgesetz,5574
236699,VwGO,§ 162,,"(1) Kosten sind die Gerichtskosten (Gebühren und Auslagen) und die zur zweckentsprechenden Rechtsverfolgung oder Rechtsverteidigung notwendigen Aufwendungen der Beteiligten einschließlich der Kosten des Vorverfahrens.
          (2) Die Gebühren und Auslagen eines Rechtsanwalts oder eines Rechtsbeistands, in Abgabenangelegenheiten auch einer der in § 67 Abs. 2 Satz 2 Nr. 3 genannten Personen, sind stets erstattungsfähig. Soweit ein Vorverfahren geschwebt hat, sind Gebühren und Auslagen erstattungsfähig, wenn das Gericht die Zuziehung eines Bevollmächtigten für das Vorverfahren für notwendig erklärt. Juristische Personen des öffentlichen Rechts und Behörden können an Stelle ihrer tatsächlichen notwendigen Aufwendungen für Post- und Telekommunikationsdienstleistungen den in Nummer 7002 der Anlage 1 zum Rechtsanwaltsvergütungsgesetz bestimmten Höchstsatz der Pauschale fordern.
          (3) Die außergerichtlichen Kosten des Beigeladenen sind nur erstattungsfähig, wenn sie das Gericht aus Billigkeit der unterliegenden Partei oder der Staatskasse auferlegt.
        ",Verwaltungsgerichtsordnung,5544
203763,FGO,§ 135,,"(1) Der unterliegende Beteiligte trägt die Kosten des Verfahrens.
          (2) Die Kosten eines ohne Erfolg eingelegten Rechtsmittels fallen demjenigen zur Last, der das Rechtsmittel eingelegt hat.
          (3) Dem Beigeladenen können Kosten nur auferlegt werden, soweit er Anträge gestellt oder Rechtsmittel eingelegt hat.
          (4) Die Kosten des erfolgreichen Wiederaufnahmeverfahrens können der Staatskasse auferlegt werden, soweit sie nicht durch das Verschulden eines Beteiligten entstanden sind.
          (5) Besteht der kostenpflichtige Teil aus mehreren Personen, so haften diese nach Kopfteilen. Bei erheblicher Verschiedenheit ihrer Beteiligung kann nach Ermessen des Gerichts die Beteiligung zum Maßstab genommen werden.
        ",Finanzgerichtsordnung,5540
214974,ZPO,§ 713,Unterbleiben von Schuldnerschutzanordnungen,"Die in den §§ 711, 712 zugunsten des Schuldners zugelassenen Anordnungen sollen nicht ergehen, wenn die Voraussetzungen, unter denen ein Rechtsmittel gegen das Urteil stattfindet, unzweifelhaft nicht vorliegen.
        ",Zivilprozessordnung,4979
214456,ZPO,§ 114,Voraussetzungen,"(1) Eine Partei, die nach ihren persönlichen und wirtschaftlichen Verhältnissen die Kosten der Prozessführung nicht, nur zum Teil oder nur in Raten aufbringen kann, erhält auf Antrag Prozesskostenhilfe, wenn die beabsichtigte Rechtsverfolgung oder Rechtsverteidigung hinreichende Aussicht auf Erfolg bietet und nicht mutwillig erscheint. Für die grenzüberschreitende Prozesskostenhilfe innerhalb der Europäischen Union gelten ergänzend die §§ 1076 bis 1078.
          (2) Mutwillig ist die Rechtsverfolgung oder Rechtsverteidigung, wenn eine Partei, die keine Prozesskostenhilfe beansprucht, bei verständiger Würdigung aller Umstände von der Rechtsverfolgung oder Rechtsverteidigung absehen würde, obwohl eine hinreichende Aussicht auf Erfolg besteht.
        ",Zivilprozessordnung,4477
236655,VwGO,§ 123,,"(1) Auf Antrag kann das Gericht, auch schon vor Klageerhebung, eine einstweilige Anordnung in bezug auf den Streitgegenstand treffen, wenn die Gefahr besteht, daß durch eine Veränderung des bestehenden Zustands die Verwirklichung eines Rechts des Antragstellers vereitelt oder wesentlich erschwert werden könnte. Einstweilige Anordnungen sind auch zur Regelung eines vorläufigen Zustands in bezug auf ein streitiges Rechtsverhältnis zulässig, wenn diese Regelung, vor allem bei dauernden Rechtsverhältnissen, um wesentliche Nachteile abzuwenden oder drohende Gewalt zu verhindern oder aus anderen Gründen nötig erscheint.
          (2) Für den Erlaß einstweiliger Anordnungen ist das Gericht der Hauptsache zuständig. Dies ist das Gericht des ersten Rechtszugs und, wenn die Hauptsache im Berufungsverfahren anhängig ist, das Berufungsgericht. § 80 Abs. 8 ist entsprechend anzuwenden.
          (3) Für den Erlaß einstweiliger Anordnungen gelten §§ 920, 921, 923, 926, 928 bis 932, 938, 939, 941 und 945 der Zivilprozeßordnung entsprechend.
          (4) Das Gericht entscheidet durch Beschluß.
          (5) Die Vorschriften der Absätze 1 bis 3 gelten nicht für die Fälle der §§ 80 und 80a.
        ",Verwaltungsgerichtsordnung,4468
241088,BGB,§ 286,Verzug des Schuldners,"
            
          
          (1) Leistet der Schuldner auf eine Mahnung des Gläubigers nicht, die nach dem Eintritt der Fälligkeit erfolgt, so kommt er durch die Mahnung in Verzug. Der Mahnung stehen die Erhebung der Klage auf die Leistung sowie die Zustellung eines Mahnbescheids im Mahnverfahren gleich.
          
            (2) Der Mahnung bedarf es nicht, wenn 
            
              1.
              
                für die Leistung eine Zeit nach dem Kalender bestimmt ist,
              
              2.
              
                der Leistung ein Ereignis vorauszugehen hat und eine angemessene Zeit für die Leistung in der Weise bestimmt ist, dass sie sich von dem Ereignis an nach dem Kalender berechnen lässt,
              
              3.
              
                der Schuldner die Leistung ernsthaft und endgültig verweigert,
              
              4.
              
                aus besonderen Gründen unter Abwägung der beiderseitigen Interessen der sofortige Eintritt des Verzugs gerechtfertigt ist.
              
            
          
          (3) Der Schuldner einer Entgeltforderung kommt spätestens in Verzug, wenn er nicht innerhalb von 30 Tagen nach Fälligkeit und Zugang einer Rechnung oder gleichwertigen Zahlungsaufstellung leistet; dies gilt gegenüber einem Schuldner, der Verbraucher ist, nur, wenn auf diese Folgen in der Rechnung oder Zahlungsaufstellung besonders hingewiesen worden ist. Wenn der Zeitpunkt des Zugangs der Rechnung oder Zahlungsaufstellung unsicher ist, kommt der Schuldner, der nicht Verbraucher ist, spätestens 30 Tage nach Fälligkeit und Empfang der Gegenleistung in Verzug.
          (4) Der Schuldner kommt nicht in Verzug, solange die Leistung infolge eines Umstands unterbleibt, den er nicht zu vertreten hat.
          (5) Für eine von den Absätzen 1 bis 3 abweichende Vereinbarung über den Eintritt des Verzugs gilt § 271a Absatz 1 bis 5 entsprechend.
        ",Bürgerliches Gesetzbuch,4363
241805,BGB,§ 823,Schadensersatzpflicht,"(1) Wer vorsätzlich oder fahrlässig das Leben, den Körper, die Gesundheit, die Freiheit, das Eigentum oder ein sonstiges Recht eines anderen widerrechtlich verletzt, ist dem anderen zum Ersatz des daraus entstehenden Schadens verpflichtet.
          (2) Die gleiche Verpflichtung trifft denjenigen, welcher gegen ein den Schutz eines anderen bezweckendes Gesetz verstößt. Ist nach dem Inhalt des Gesetzes ein Verstoß gegen dieses auch ohne Verschulden möglich, so tritt die Ersatzpflicht nur im Falle des Verschuldens ein.
        ",Bürgerliches Gesetzbuch,4283
204584,ArbGG,§ 66,"Einlegung der Berufung, Terminbestimmung","(1) Die Frist für die Einlegung der Berufung beträgt einen Monat, die Frist für die Begründung der Berufung zwei Monate. Beide Fristen beginnen mit der Zustellung des in vollständiger Form abgefassten Urteils, spätestens aber mit Ablauf von fünf Monaten nach der Verkündung. Die Berufung muß innerhalb einer Frist von einem Monat nach Zustellung der Berufungsbegründung beantwortet werden. Mit der Zustellung der Berufungsbegründung ist der Berufungsbeklagte auf die Frist für die Berufungsbeantwortung hinzuweisen. Die Fristen zur Begründung der Berufung und zur Berufungsbeantwortung können vom Vorsitzenden einmal auf Antrag verlängert werden, wenn nach seiner freien Überzeugung der Rechtsstreit durch die Verlängerung nicht verzögert wird oder wenn die Partei erhebliche Gründe darlegt.
          (2) Die Bestimmung des Termins zur mündlichen Verhandlung muss unverzüglich erfolgen. § 522 Abs. 1 der Zivilprozessordnung bleibt unberührt; die Verwerfung der Berufung ohne mündliche Verhandlung ergeht durch Beschluss des Vorsitzenden. § 522 Abs. 2 und 3 der Zivilprozessordnung findet keine Anwendung.
        ",Arbeitsgerichtsgesetz,4251
241082,BGB,§ 280,Schadensersatz wegen Pflichtverletzung,"(1) Verletzt der Schuldner eine Pflicht aus dem Schuldverhältnis, so kann der Gläubiger Ersatz des hierdurch entstehenden Schadens verlangen. Dies gilt nicht, wenn der Schuldner die Pflichtverletzung nicht zu vertreten hat.
          (2) Schadensersatz wegen Verzögerung der Leistung kann der Gläubiger nur unter der zusätzlichen Voraussetzung des § 286 verlangen.
          (3) Schadensersatz statt der Leistung kann der Gläubiger nur unter den zusätzlichen Voraussetzungen des § 281, des § 282 oder des § 283 verlangen.
        ",Bürgerliches Gesetzbuch,4160
236682,VwGO,§ 146,,"(1) Gegen die Entscheidungen des Verwaltungsgerichts, des Vorsitzenden oder des Berichterstatters, die nicht Urteile oder Gerichtsbescheide sind, steht den Beteiligten und den sonst von der Entscheidung Betroffenen die Beschwerde an das Oberverwaltungsgericht zu, soweit nicht in diesem Gesetz etwas anderes bestimmt ist.
          (2) Prozeßleitende Verfügungen, Aufklärungsanordnungen, Beschlüsse über eine Vertagung oder die Bestimmung einer Frist, Beweisbeschlüsse, Beschlüsse über Ablehnung von Beweisanträgen, über Verbindung und Trennung von Verfahren und Ansprüchen und über die Ablehnung von Gerichtspersonen sowie Beschlüsse über die Ablehnung der Prozesskostenhilfe, wenn das Gericht ausschließlich die persönlichen oder wirtschaftlichen Voraussetzungen der Prozesskostenhilfe verneint, können nicht mit der Beschwerde angefochten werden.
          (3) Außerdem ist vorbehaltlich einer gesetzlich vorgesehenen Beschwerde gegen die Nichtzulassung der Revision die Beschwerde nicht gegeben in Streitigkeiten über Kosten, Gebühren und Auslagen, wenn der Wert des Beschwerdegegenstands zweihundert Euro nicht übersteigt.
          (4) Die Beschwerde gegen Beschlüsse des Verwaltungsgerichts in Verfahren des vorläufigen Rechtsschutzes (§§ 80, 80a und 123) ist innerhalb eines Monats nach Bekanntgabe der Entscheidung zu begründen. Die Begründung ist, sofern sie nicht bereits mit der Beschwerde vorgelegt worden ist, bei dem Oberverwaltungsgericht einzureichen. Sie muss einen bestimmten Antrag enthalten, die Gründe darlegen, aus denen die Entscheidung abzuändern oder aufzuheben ist, und sich mit der angefochtenen Entscheidung auseinander setzen. Mangelt es an einem dieser Erfordernisse, ist die Beschwerde als unzulässig zu verwerfen. Das Verwaltungsgericht legt die Beschwerde unverzüglich vor; § 148 Abs. 1 findet keine Anwendung. Das Oberverwaltungsgericht prüft nur die dargelegten Gründe.
          (5) u. (6) (weggefallen)
        ",Verwaltungsgerichtsordnung,4098
236692,VwGO,§ 155,,"(1) Wenn ein Beteiligter teils obsiegt, teils unterliegt, so sind die Kosten gegeneinander aufzuheben oder verhältnismäßig zu teilen. Sind die Kosten gegeneinander aufgehoben, so fallen die Gerichtskosten jedem Teil zur Hälfte zur Last. Einem Beteiligten können die Kosten ganz auferlegt werden, wenn der andere nur zu einem geringen Teil unterlegen ist.
          (2) Wer einen Antrag, eine Klage, ein Rechtsmittel oder einen anderen Rechtsbehelf zurücknimmt, hat die Kosten zu tragen.
          (3) Kosten, die durch einen Antrag auf Wiedereinsetzung in den vorigen Stand entstehen, fallen dem Antragsteller zur Last.
          (4) Kosten, die durch Verschulden eines Beteiligten entstanden sind, können diesem auferlegt werden.
        ",Verwaltungsgerichtsordnung,4084
216745,SGG,§ 54,,"(1) Durch Klage kann die Aufhebung eines Verwaltungsakts oder seine Abänderung sowie die Verurteilung zum Erlaß eines abgelehnten oder unterlassenen Verwaltungsakts begehrt werden. Soweit gesetzlich nichts anderes bestimmt ist, ist die Klage zulässig, wenn der Kläger behauptet, durch den Verwaltungsakt oder durch die Ablehnung oder Unterlassung eines Verwaltungsakts beschwert zu sein.
          (2) Der Kläger ist beschwert, wenn der Verwaltungsakt oder die Ablehnung oder Unterlassung eines Verwaltungsakts rechtswidrig ist. Soweit die Behörde, Körperschaft oder Anstalt des öffentlichen Rechts ermächtigt ist, nach ihrem Ermessen zu handeln, ist Rechtswidrigkeit auch gegeben, wenn die gesetzlichen Grenzen dieses Ermessens überschritten sind oder von dem Ermessen in einer dem Zweck der Ermächtigung nicht entsprechenden Weise Gebrauch gemacht ist.
          (3) Eine Körperschaft oder eine Anstalt des öffentlichen Rechts kann mit der Klage die Aufhebung einer Anordnung der Aufsichtsbehörde begehren, wenn sie behauptet, daß die Anordnung das Aufsichtsrecht überschreite.
          (4) Betrifft der angefochtene Verwaltungsakt eine Leistung, auf die ein Rechtsanspruch besteht, so kann mit der Klage neben der Aufhebung des Verwaltungsakts gleichzeitig die Leistung verlangt werden.
          (5) Mit der Klage kann die Verurteilung zu einer Leistung, auf die ein Rechtsanspruch besteht, auch dann begehrt werden, wenn ein Verwaltungsakt nicht zu ergehen hatte.
        ",Sozialgerichtsgesetz,3995
214876,ZPO,§ 540,Inhalt des Berufungsurteils,"
            (1) Anstelle von Tatbestand und Entscheidungsgründen enthält das Urteil 
            
              1.
              
                die Bezugnahme auf die tatsächlichen Feststellungen im angefochtenen Urteil mit Darstellung etwaiger Änderungen oder Ergänzungen,
              
               
              2.
              
                eine kurze Begründung für die Abänderung, Aufhebung oder Bestätigung der angefochtenen Entscheidung.
              
               
            
            Wird das Urteil in dem Termin, in dem die mündliche Verhandlung geschlossen worden ist, verkündet, so können die nach Satz 1 erforderlichen Darlegungen auch in das Protokoll aufgenommen werden.
          
          (2) Die §§ 313a, 313b gelten entsprechend.
        ",Zivilprozessordnung,3659
240939,BGB,§ 133,Auslegung einer Willenserklärung,"Bei der Auslegung einer Willenserklärung ist der wirkliche Wille zu erforschen und nicht an dem buchstäblichen Sinne des Ausdrucks zu haften.
        ",Bürgerliches Gesetzbuch,3452
214590,ZPO,§ 256,Feststellungsklage,"(1) Auf Feststellung des Bestehens oder Nichtbestehens eines Rechtsverhältnisses, auf Anerkennung einer Urkunde oder auf Feststellung ihrer Unechtheit kann Klage erhoben werden, wenn der Kläger ein rechtliches Interesse daran hat, dass das Rechtsverhältnis oder die Echtheit oder Unechtheit der Urkunde durch richterliche Entscheidung alsbald festgestellt werde.
          (2) Bis zum Schluss derjenigen mündlichen Verhandlung, auf die das Urteil ergeht, kann der Kläger durch Erweiterung des Klageantrags, der Beklagte durch Erhebung einer Widerklage beantragen, dass ein im Laufe des Prozesses streitig gewordenes Rechtsverhältnis, von dessen Bestehen oder Nichtbestehen die Entscheidung des Rechtsstreits ganz oder zum Teil abhängt, durch richterliche Entscheidung festgestellt werde.
        ",Zivilprozessordnung,3363
236561,VwGO,§ 42,,"(1) Durch Klage kann die Aufhebung eines Verwaltungsakts (Anfechtungsklage) sowie die Verurteilung zum Erlaß eines abgelehnten oder unterlassenen Verwaltungsakts (Verpflichtungsklage) begehrt werden.
          (2) Soweit gesetzlich nichts anderes bestimmt ist, ist die Klage nur zulässig, wenn der Kläger geltend macht, durch den Verwaltungsakt oder seine Ablehnung oder Unterlassung in seinen Rechten verletzt zu sein.
        ",Verwaltungsgerichtsordnung,3279
216879,SGG,§ 177,,"Entscheidungen des Landessozialgerichts, seines Vorsitzenden oder des Berichterstatters können vorbehaltlich des § 160a Abs. 1 dieses Gesetzes und des § 17a Abs. 4 Satz 4 des Gerichtsverfassungsgesetzes nicht mit der Beschwerde an das Bundessozialgericht angefochten werden.
        ",Sozialgerichtsgesetz,3045
236673,VwGO,§ 137,,"
            (1) Die Revision kann nur darauf gestützt werden, daß das angefochtene Urteil auf der Verletzung 
            
              1.
              
                von Bundesrecht oder
              
              2.
              
                einer Vorschrift des Verwaltungsverfahrensgesetzes eines Landes, die ihrem Wortlaut nach mit dem Verwaltungsverfahrensgesetz des Bundes übereinstimmt,
              
            
            beruht.
          
          (2) Das Bundesverwaltungsgericht ist an die in dem angefochtenen Urteil getroffenen tatsächlichen Feststellungen gebunden, außer wenn in bezug auf diese Feststellungen zulässige und begründete Revisionsgründe vorgebracht sind.
          (3) Wird die Revision auf Verfahrensmängel gestützt und liegt nicht zugleich eine der Voraussetzungen des § 132 Abs. 2 Nr. 1 und 2 vor, so ist nur über die geltend gemachten Verfahrensmängel zu entscheiden. Im übrigen ist das Bundesverwaltungsgericht an die geltend gemachten Revisionsgründe nicht gebunden.
        ",Verwaltungsgerichtsordnung,3043
214855,ZPO,§ 519,Berufungsschrift,"(1) Die Berufung wird durch Einreichung der Berufungsschrift bei dem Berufungsgericht eingelegt.
          
            (2) Die Berufungsschrift muss enthalten: 
            
              1.
              
                die Bezeichnung des Urteils, gegen das die Berufung gerichtet wird;
              
               
              2.
              
                die Erklärung, dass gegen dieses Urteil Berufung eingelegt werde.
              
               
            
             
          
          (3) Mit der Berufungsschrift soll eine Ausfertigung oder beglaubigte Abschrift des angefochtenen Urteils vorgelegt werden.
          (4) Die allgemeinen Vorschriften über die vorbereitenden Schriftsätze sind auch auf die Berufungsschrift anzuwenden.
        ",Zivilprozessordnung,3034
241093,BGB,§ 291,Prozesszinsen,"Eine Geldschuld hat der Schuldner von dem Eintritt der Rechtshängigkeit an zu verzinsen, auch wenn er nicht im Verzug ist; wird die Schuld erst später fällig, so ist sie von der Fälligkeit an zu verzinsen. Die Vorschriften des § 288 Abs. 1 Satz 2, Abs. 2, Abs. 3 und des § 289 Satz 1 finden entsprechende Anwendung.
        ",Bürgerliches Gesetzbuch,2982
215234,ZPO,§ 920,Arrestgesuch,"(1) Das Gesuch soll die Bezeichnung des Anspruchs unter Angabe des Geldbetrages oder des Geldwertes sowie die Bezeichnung des Arrestgrundes enthalten.
          (2) Der Anspruch und der Arrestgrund sind glaubhaft zu machen.
          (3) Das Gesuch kann vor der Geschäftsstelle zu Protokoll erklärt werden.
        ",Zivilprozessordnung,2937
214856,ZPO,§ 520,Berufungsbegründung,"(1) Der Berufungskläger muss die Berufung begründen.
          (2) Die Frist für die Berufungsbegründung beträgt zwei Monate und beginnt mit der Zustellung des in vollständiger Form abgefassten Urteils, spätestens aber mit Ablauf von fünf Monaten nach der Verkündung. Die Frist kann auf Antrag von dem Vorsitzenden verlängert werden, wenn der Gegner einwilligt. Ohne Einwilligung kann die Frist um bis zu einem Monat verlängert werden, wenn nach freier Überzeugung des Vorsitzenden der Rechtsstreit durch die Verlängerung nicht verzögert wird oder wenn der Berufungskläger erhebliche Gründe darlegt.
          
            (3) Die Berufungsbegründung ist, sofern sie nicht bereits in der Berufungsschrift enthalten ist, in einem Schriftsatz bei dem Berufungsgericht einzureichen. Die Berufungsbegründung muss enthalten: 
            
              1.
              
                die Erklärung, inwieweit das Urteil angefochten wird und welche Abänderungen des Urteils beantragt werden (Berufungsanträge);
              
               
              2.
              
                die Bezeichnung der Umstände, aus denen sich die Rechtsverletzung und deren Erheblichkeit für die angefochtene Entscheidung ergibt;
              
               
              3.
              
                die Bezeichnung konkreter Anhaltspunkte, die Zweifel an der Richtigkeit oder Vollständigkeit der Tatsachenfeststellungen im angefochtenen Urteil begründen und deshalb eine erneute Feststellung gebieten;
              
               
              4.
              
                die Bezeichnung der neuen Angriffs- und Verteidigungsmittel sowie der Tatsachen, auf Grund derer die neuen Angriffs- und Verteidigungsmittel nach § 531 Abs. 2 zuzulassen sind.
              
               
            
             
          
          
            (4) Die Berufungsbegründung soll ferner enthalten: 
            
              1.
              
                die Angabe des Wertes des nicht in einer bestimmten Geldsumme bestehenden Beschwerdegegenstandes, wenn von ihm die Zulässigkeit der Berufung abhängt;
              
               
              2.
              
                eine Äußerung dazu, ob einer Entscheidung der Sache durch den Einzelrichter Gründe entgegenstehen.
              
               
            
             
          
          (5) Die allgemeinen Vorschriften über die vorbereitenden Schriftsätze sind auch auf die Berufungsbegründung anzuwenden.
        ",Zivilprozessordnung,2890
214623,ZPO,§ 287,Schadensermittlung; Höhe der Forderung,"(1) Ist unter den Parteien streitig, ob ein Schaden entstanden sei und wie hoch sich der Schaden oder ein zu ersetzendes Interesse belaufe, so entscheidet hierüber das Gericht unter Würdigung aller Umstände nach freier Überzeugung. Ob und inwieweit eine beantragte Beweisaufnahme oder von Amts wegen die Begutachtung durch Sachverständige anzuordnen sei, bleibt dem Ermessen des Gerichts überlassen. Das Gericht kann den Beweisführer über den Schaden oder das Interesse vernehmen; die Vorschriften des § 452 Abs. 1 Satz 1, Abs. 2 bis 4 gelten entsprechend.
          (2) Die Vorschriften des Absatzes 1 Satz 1, 2 sind bei vermögensrechtlichen Streitigkeiten auch in anderen Fällen entsprechend anzuwenden, soweit unter den Parteien die Höhe einer Forderung streitig ist und die vollständige Aufklärung aller hierfür maßgebenden Umstände mit Schwierigkeiten verbunden ist, die zu der Bedeutung des streitigen Teiles der Forderung in keinem Verhältnis stehen.
        ",Zivilprozessordnung,2875
241527,BGB,§ 611,Vertragstypische Pflichten beim Dienstvertrag,"(1) Durch den Dienstvertrag wird derjenige, welcher Dienste zusagt, zur Leistung der versprochenen Dienste, der andere Teil zur Gewährung der vereinbarten Vergütung verpflichtet.
          (2) Gegenstand des Dienstvertrags können Dienste jeder Art sein.
        ",Bürgerliches Gesetzbuch,2815
240963,BGB,§ 157,Auslegung von Verträgen,"Verträge sind so auszulegen, wie Treu und Glauben mit Rücksicht auf die Verkehrssitte es erfordern.
        ",Bürgerliches Gesetzbuch,2786
214470,ZPO,§ 127,Entscheidungen,"(1) Entscheidungen im Verfahren über die Prozesskostenhilfe ergehen ohne mündliche Verhandlung. Zuständig ist das Gericht des ersten Rechtszuges; ist das Verfahren in einem höheren Rechtszug anhängig, so ist das Gericht dieses Rechtszuges zuständig. Soweit die Gründe der Entscheidung Angaben über die persönlichen und wirtschaftlichen Verhältnisse der Partei enthalten, dürfen sie dem Gegner nur mit Zustimmung der Partei zugänglich gemacht werden.
          (2) Die Bewilligung der Prozesskostenhilfe kann nur nach Maßgabe des Absatzes 3 angefochten werden. Im Übrigen findet die sofortige Beschwerde statt; dies gilt nicht, wenn der Streitwert der Hauptsache den in § 511 genannten Betrag nicht übersteigt, es sei denn, das Gericht hat ausschließlich die persönlichen oder wirtschaftlichen Voraussetzungen für die Prozesskostenhilfe verneint. Die Notfrist beträgt einen Monat.
          (3) Gegen die Bewilligung der Prozesskostenhilfe findet die sofortige Beschwerde der Staatskasse statt, wenn weder Monatsraten noch aus dem Vermögen zu zahlende Beträge festgesetzt worden sind. Die Beschwerde kann nur darauf gestützt werden, dass die Partei nach ihren persönlichen und wirtschaftlichen Verhältnissen Zahlungen zu leisten hat. Die Notfrist beträgt einen Monat und beginnt mit der Bekanntgabe des Beschlusses. Nach Ablauf von drei Monaten seit der Verkündung der Entscheidung ist die Beschwerde unstatthaft. Wird die Entscheidung nicht verkündet, so tritt an die Stelle der Verkündung der Zeitpunkt, in dem die unterschriebene Entscheidung der Geschäftsstelle übermittelt wird. Die Entscheidung wird der Staatskasse nicht von Amts wegen mitgeteilt.
          (4) Die Kosten des Beschwerdeverfahrens werden nicht erstattet.
        ",Zivilprozessordnung,2766
236632,VwGO,§ 101,,"(1) Das Gericht entscheidet, soweit nichts anderes bestimmt ist, auf Grund mündlicher Verhandlung.
          (2) Mit Einverständnis der Beteiligten kann das Gericht ohne mündliche Verhandlung entscheiden.
          (3) Entscheidungen des Gerichts, die nicht Urteile sind, können ohne mündliche Verhandlung ergehen, soweit nichts anderes bestimmt ist.
        ",Verwaltungsgerichtsordnung,2763
236613,VwGO,§ 86,,"(1) Das Gericht erforscht den Sachverhalt von Amts wegen; die Beteiligten sind dabei heranzuziehen. Es ist an das Vorbringen und an die Beweisanträge der Beteiligten nicht gebunden.
          (2) Ein in der mündlichen Verhandlung gestellter Beweisantrag kann nur durch einen Gerichtsbeschluß, der zu begründen ist, abgelehnt werden.
          (3) Der Vorsitzende hat darauf hinzuwirken, daß Formfehler beseitigt, unklare Anträge erläutert, sachdienliche Anträge gestellt, ungenügende tatsächliche Angaben ergänzt, ferner alle für die Feststellung und Beurteilung des Sachverhalts wesentlichen Erklärungen abgegeben werden.
          (4) Die Beteiligten sollen zur Vorbereitung der mündlichen Verhandlung Schriftsätze einreichen. Hierzu kann sie der Vorsitzende unter Fristsetzung auffordern. Die Schriftsätze sind den Beteiligten von Amts wegen zu übermitteln.
          (5) Den Schriftsätzen sind die Urkunden oder elektronischen Dokumente, auf die Bezug genommen wird, in Abschrift ganz oder im Auszug beizufügen. Sind die Urkunden oder elektronischen Dokumente dem Gegner bereits bekannt oder sehr umfangreich, so genügt die genaue Bezeichnung mit dem Anerbieten, Einsicht bei Gericht zu gewähren.
        ",Verwaltungsgerichtsordnung,2654
241794,BGB,§ 812,Herausgabeanspruch,"(1) Wer durch die Leistung eines anderen oder in sonstiger Weise auf dessen Kosten etwas ohne rechtlichen Grund erlangt, ist ihm zur Herausgabe verpflichtet. Diese Verpflichtung besteht auch dann, wenn der rechtliche Grund später wegfällt oder der mit einer Leistung nach dem Inhalt des Rechtsgeschäfts bezweckte Erfolg nicht eintritt.
          (2) Als Leistung gilt auch die durch Vertrag erfolgte Anerkennung des Bestehens oder des Nichtbestehens eines Schuldverhältnisses.
        ",Bürgerliches Gesetzbuch,2630
204588,ArbGG,§ 69,Urteil,"(1) Das Urteil nebst Tatbestand und Entscheidungsgründen ist von sämtlichen Mitgliedern der Kammer zu unterschreiben. § 60 Abs. 1 bis 3 und Abs. 4 Satz 2 bis 4 ist entsprechend mit der Maßgabe anzuwenden, dass die Frist nach Absatz 4 Satz 3 vier Wochen beträgt und im Falle des Absatzes 4 Satz 4 Tatbestand und Entscheidungsgründe von sämtlichen Mitgliedern der Kammer zu unterschreiben sind.
          (2) Im Urteil kann von der Darstellung des Tatbestandes und, soweit das Berufungsgericht den Gründen der angefochtenen Entscheidung folgt und dies in seinem Urteil feststellt, auch von der Darstellung der Entscheidungsgründe abgesehen werden.
          (3) Ist gegen das Urteil die Revision statthaft, so soll der Tatbestand eine gedrängte Darstellung des Sach- und Streitstandes auf der Grundlage der mündlichen Vorträge der Parteien enthalten. Eine Bezugnahme auf das angefochtene Urteil sowie auf Schriftsätze, Protokolle und andere Unterlagen ist zulässig, soweit hierdurch die Beurteilung des Parteivorbringens durch das Revisionsgericht nicht wesentlich erschwert wird.
          (4) § 540 Abs. 1 der Zivilprozessordnung findet keine Anwendung. § 313a Abs. 1 Satz 2 der Zivilprozessordnung findet mit der Maßgabe entsprechende Anwendung, dass es keiner Entscheidungsgründe bedarf, wenn die Parteien auf sie verzichtet haben; im Übrigen sind die §§ 313a und 313b der Zivilprozessordnung entsprechend anwendbar.
        ",Arbeitsgerichtsgesetz,2594
214327,ZPO,§ 3,Wertfestsetzung nach freiem Ermessen,"Der Wert wird von dem Gericht nach freiem Ermessen festgesetzt; es kann eine beantragte Beweisaufnahme sowie von Amts wegen die Einnahme des Augenscheins und die Begutachtung durch Sachverständige anordnen.
        ",Zivilprozessordnung,2563
241113,BGB,§ 307,Inhaltskontrolle,"(1) Bestimmungen in Allgemeinen Geschäftsbedingungen sind unwirksam, wenn sie den Vertragspartner des Verwenders entgegen den Geboten von Treu und Glauben unangemessen benachteiligen. Eine unangemessene Benachteiligung kann sich auch daraus ergeben, dass die Bestimmung nicht klar und verständlich ist.
          
            (2) Eine unangemessene Benachteiligung ist im Zweifel anzunehmen, wenn eine Bestimmung 
            
              1.
              
                mit wesentlichen Grundgedanken der gesetzlichen Regelung, von der abgewichen wird, nicht zu vereinbaren ist oder
              
               
              2.
              
                wesentliche Rechte oder Pflichten, die sich aus der Natur des Vertrags ergeben, so einschränkt, dass die Erreichung des Vertragszwecks gefährdet ist.
              
               
            
             
          
          (3) Die Absätze 1 und 2 sowie die §§ 308 und 309 gelten nur für Bestimmungen in Allgemeinen Geschäftsbedingungen, durch die von Rechtsvorschriften abweichende oder diese ergänzende Regelungen vereinbart werden. Andere Bestimmungen können nach Absatz 1 Satz 2 in Verbindung mit Absatz 1 Satz 1 unwirksam sein.
        ",Bürgerliches Gesetzbuch,2536
236669,VwGO,§ 133,,"(1) Die Nichtzulassung der Revision kann durch Beschwerde angefochten werden.
          (2) Die Beschwerde ist bei dem Gericht, gegen dessen Urteil Revision eingelegt werden soll, innerhalb eines Monats nach Zustellung des vollständigen Urteils einzulegen. Die Beschwerde muß das angefochtene Urteil bezeichnen.
          (3) Die Beschwerde ist innerhalb von zwei Monaten nach der Zustellung des vollständigen Urteils zu begründen. Die Begründung ist bei dem Gericht, gegen dessen Urteil Revision eingelegt werden soll, einzureichen. In der Begründung muß die grundsätzliche Bedeutung der Rechtssache dargelegt oder die Entscheidung, von der das Urteil abweicht, oder der Verfahrensmangel bezeichnet werden.
          (4) Die Einlegung der Beschwerde hemmt die Rechtskraft des Urteils.
          (5) Wird der Beschwerde nicht abgeholfen, entscheidet das Bundesverwaltungsgericht durch Beschluß. Der Beschluß soll kurz begründet werden; von einer Begründung kann abgesehen werden, wenn sie nicht geeignet ist, zur Klärung der Voraussetzungen beizutragen, unter denen eine Revision zuzulassen ist. Mit der Ablehnung der Beschwerde durch das Bundesverwaltungsgericht wird das Urteil rechtskräftig.
          (6) Liegen die Voraussetzungen des § 132 Abs. 2 Nr. 3 vor, kann das Bundesverwaltungsgericht in dem Beschluß das angefochtene Urteil aufheben und den Rechtsstreit zur anderweitigen Verhandlung und Entscheidung zurückverweisen.
        ",Verwaltungsgerichtsordnung,2472
241050,BGB,§ 249,Art und Umfang des Schadensersatzes,"(1) Wer zum Schadensersatz verpflichtet ist, hat den Zustand herzustellen, der bestehen würde, wenn der zum Ersatz verpflichtende Umstand nicht eingetreten wäre.
          (2) Ist wegen Verletzung einer Person oder wegen Beschädigung einer Sache Schadensersatz zu leisten, so kann der Gläubiger statt der Herstellung den dazu erforderlichen Geldbetrag verlangen. Bei der Beschädigung einer Sache schließt der nach Satz 1 erforderliche Geldbetrag die Umsatzsteuer nur mit ein, wenn und soweit sie tatsächlich angefallen ist.
        ",Bürgerliches Gesetzbuch,2381
236723,VwGO,§ 188,,"Die Sachgebiete in Angelegenheiten der Fürsorge mit Ausnahme der Angelegenheiten der Sozialhilfe und des Asylbewerberleistungsgesetzes, der Jugendhilfe, der Kriegsopferfürsorge, der Schwerbehindertenfürsorge sowie der Ausbildungsförderung sollen in einer Kammer oder in einem Senat zusammengefaßt werden. Gerichtskosten (Gebühren und Auslagen) werden in den Verfahren dieser Art nicht erhoben; dies gilt nicht für Erstattungsstreitigkeiten zwischen Sozialleistungsträgern.
        ",Verwaltungsgerichtsordnung,2303
214865,ZPO,§ 529,Prüfungsumfang des Berufungsgerichts,"
            (1) Das Berufungsgericht hat seiner Verhandlung und Entscheidung zugrunde zu legen: 
            
              1.
              
                die vom Gericht des ersten Rechtszuges festgestellten Tatsachen, soweit nicht konkrete Anhaltspunkte Zweifel an der Richtigkeit oder Vollständigkeit der entscheidungserheblichen Feststellungen begründen und deshalb eine erneute Feststellung gebieten;
              
               
              2.
              
                neue Tatsachen, soweit deren Berücksichtigung zulässig ist.
              
               
            
             
          
          (2) Auf einen Mangel des Verfahrens, der nicht von Amts wegen zu berücksichtigen ist, wird das angefochtene Urteil nur geprüft, wenn dieser nach § 520 Abs. 3 geltend gemacht worden ist. Im Übrigen ist das Berufungsgericht an die geltend gemachten Berufungsgründe nicht gebunden.
        ",Zivilprozessordnung,2294
236704,VwGO,§ 166,,"(1) Die Vorschriften der Zivilprozeßordnung über die Prozesskostenhilfe sowie § 569 Abs. 3 Nr. 2 der Zivilprozessordnung gelten entsprechend. Einem Beteiligten, dem Prozesskostenhilfe bewilligt worden ist, kann auch ein Steuerberater, Steuerbevollmächtigter, Wirtschaftsprüfer oder vereidigter Buchprüfer beigeordnet werden. Die Vergütung richtet sich nach den für den beigeordneten Rechtsanwalt geltenden Vorschriften des Rechtsanwaltsvergütungsgesetzes.
          (2) Die Prüfung der persönlichen und wirtschaftlichen Verhältnisse nach den §§ 114 bis 116 der Zivilprozessordnung einschließlich der in § 118 Absatz 2 der Zivilprozessordnung bezeichneten Maßnahmen, der Beurkundung von Vergleichen nach § 118 Absatz 1 Satz 3 der Zivilprozessordnung und der Entscheidungen nach § 118 Absatz 2 Satz 4 der Zivilprozessordnung obliegt dem Urkundsbeamten der Geschäftsstelle des jeweiligen Rechtszugs, wenn der Vorsitzende ihm das Verfahren insoweit überträgt. Liegen die Voraussetzungen für die Bewilligung der Prozesskostenhilfe hiernach nicht vor, erlässt der Urkundsbeamte die den Antrag ablehnende Entscheidung; anderenfalls vermerkt der Urkundsbeamte in den Prozessakten, dass dem Antragsteller nach seinen persönlichen und wirtschaftlichen Verhältnissen Prozesskostenhilfe gewährt werden kann und in welcher Höhe gegebenenfalls Monatsraten oder Beträge aus dem Vermögen zu zahlen sind.
          (3) Dem Urkundsbeamten obliegen im Verfahren über die Prozesskostenhilfe ferner die Bestimmung des Zeitpunkts für die Einstellung und eine Wiederaufnahme der Zahlungen nach § 120 Absatz 3 der Zivilprozessordnung sowie die Änderung und die Aufhebung der Bewilligung der Prozesskostenhilfe nach den §§ 120a und 124 Absatz 1 Nummer 2 bis 5 der Zivilprozessordnung.
          (4) Der Vorsitzende kann Aufgaben nach den Absätzen 2 und 3 zu jedem Zeitpunkt an sich ziehen. § 5 Absatz 1 Nummer 1, die §§ 6, 7, 8 Absatz 1 bis 4 und § 9 des Rechtspflegergesetzes gelten entsprechend mit der Maßgabe, dass an die Stelle des Rechtspflegers der Urkundsbeamte der Geschäftsstelle tritt.
          (5) § 87a Absatz 3 gilt entsprechend.
          (6) Gegen Entscheidungen des Urkundsbeamten nach den Absätzen 2 und 3 kann innerhalb von zwei Wochen nach Bekanntgabe die Entscheidung des Gerichts beantragt werden.
          (7) Durch Landesgesetz kann bestimmt werden, dass die Absätze 2 bis 6 für die Gerichte des jeweiligen Landes nicht anzuwenden sind.
        ",Verwaltungsgerichtsordnung,2246
203727,FGO,§ 100,,"(1) Soweit ein angefochtener Verwaltungsakt rechtswidrig und der Kläger dadurch in seinen Rechten verletzt ist, hebt das Gericht den Verwaltungsakt und die etwaige Entscheidung über den außergerichtlichen Rechtsbehelf auf; die Finanzbehörde ist an die rechtliche Beurteilung gebunden, die der Aufhebung zugrunde liegt, an die tatsächliche so weit, als nicht neu bekannt werdende Tatsachen und Beweismittel eine andere Beurteilung rechtfertigen. Ist der Verwaltungsakt schon vollzogen, so kann das Gericht auf Antrag auch aussprechen, dass und wie die Finanzbehörde die Vollziehung rückgängig zu machen hat. Dieser Ausspruch ist nur zulässig, wenn die Behörde dazu in der Lage und diese Frage spruchreif ist. Hat sich der Verwaltungsakt vorher durch Zurücknahme oder anders erledigt, so spricht das Gericht auf Antrag durch Urteil aus, dass der Verwaltungsakt rechtswidrig gewesen ist, wenn der Kläger ein berechtigtes Interesse an dieser Feststellung hat.
          (2) Begehrt der Kläger die Änderung eines Verwaltungsakts, der einen Geldbetrag festsetzt oder eine darauf bezogene Feststellung trifft, kann das Gericht den Betrag in anderer Höhe festsetzen oder die Feststellung durch eine andere ersetzen. Erfordert die Ermittlung des festzusetzenden oder festzustellenden Betrags einen nicht unerheblichen Aufwand, kann das Gericht die Änderung des Verwaltungsakts durch Angabe der zu Unrecht berücksichtigten oder nicht berücksichtigten tatsächlichen oder rechtlichen Verhältnisse so bestimmen, dass die Behörde den Betrag auf Grund der Entscheidung errechnen kann. Die Behörde teilt den Beteiligten das Ergebnis der Neuberechnung unverzüglich formlos mit; nach Rechtskraft der Entscheidung ist der Verwaltungsakt mit dem geänderten Inhalt neu bekannt zu geben.
          (3) Hält das Gericht eine weitere Sachaufklärung für erforderlich, kann es, ohne in der Sache selbst zu entscheiden, den Verwaltungsakt und die Entscheidung über den außergerichtlichen Rechtsbehelf aufheben, soweit nach Art oder Umfang die noch erforderlichen Ermittlungen erheblich sind und die Aufhebung auch unter Berücksichtigung der Belange der Beteiligten sachdienlich ist. Satz 1 gilt nicht, soweit der Steuerpflichtige seiner Erklärungspflicht nicht nachgekommen ist und deshalb die Besteuerungsgrundlagen geschätzt worden sind. Auf Antrag kann das Gericht bis zum Erlass des neuen Verwaltungsakts eine einstweilige Regelung treffen, insbesondere bestimmen, dass Sicherheiten geleistet werden oder ganz oder zum Teil bestehen bleiben und Leistungen zunächst nicht zurückgewährt werden müssen. Der Beschluss kann jederzeit geändert oder aufgehoben werden. Eine Entscheidung nach Satz 1 kann nur binnen sechs Monaten seit Eingang der Akten der Behörde bei Gericht ergehen.
          (4) Kann neben der Aufhebung eines Verwaltungsakts eine Leistung verlangt werden, so ist im gleichen Verfahren auch die Verurteilung zur Leistung zulässig.
        ",Finanzgerichtsordnung,2240
216847,SGG,§ 144,,"
            (1) Die Berufung bedarf der Zulassung in dem Urteil des Sozialgerichts oder auf Beschwerde durch Beschluß des Landessozialgerichts, wenn der Wert des Beschwerdegegenstandes 
            
              1.
              
                bei einer Klage, die eine Geld-, Dienst- oder Sachleistung oder einen hierauf gerichteten Verwaltungsakt betrifft, 750 Euro oder
              
              2.
              
                bei einer Erstattungsstreitigkeit zwischen juristischen Personen des öffentlichen Rechts oder Behörden 10.000 Euro
              
            
            nicht übersteigt. Das gilt nicht, wenn die Berufung wiederkehrende oder laufende Leistungen für mehr als ein Jahr betrifft.
          
          
            (2) Die Berufung ist zuzulassen, wenn 
            
              1.
              
                die Rechtssache grundsätzliche Bedeutung hat,
              
              2.
              
                das Urteil von einer Entscheidung des Landessozialgerichts, des Bundessozialgerichts, des Gemeinsamen Senats der obersten Gerichtshöfe des Bundes oder des Bundesverfassungsgerichts abweicht und auf dieser Abweichung beruht oder
              
              3.
              
                ein der Beurteilung des Berufungsgerichts unterliegender Verfahrensmangel geltend gemacht wird und vorliegt, auf dem die Entscheidung beruhen kann.
              
            
          
          (3) Das Landessozialgericht ist an die Zulassung gebunden.
          (4) Die Berufung ist ausgeschlossen, wenn es sich um die Kosten des Verfahrens handelt.
        ",Sozialgerichtsgesetz,2178
236640,VwGO,§ 108,,"(1) Das Gericht entscheidet nach seiner freien, aus dem Gesamtergebnis des Verfahrens gewonnenen Überzeugung. In dem Urteil sind die Gründe anzugeben, die für die richterliche Überzeugung leitend gewesen sind.
          (2) Das Urteil darf nur auf Tatsachen und Beweisergebnisse gestützt werden, zu denen die Beteiligten sich äußern konnten.
        ",Verwaltungsgerichtsordnung,2178
241107,BGB,§ 305,Einbeziehung Allgemeiner Geschäftsbedingungen in den Vertrag,"(1) Allgemeine Geschäftsbedingungen sind alle für eine Vielzahl von Verträgen vorformulierten Vertragsbedingungen, die eine Vertragspartei (Verwender) der anderen Vertragspartei bei Abschluss eines Vertrags stellt. Gleichgültig ist, ob die Bestimmungen einen äußerlich gesonderten Bestandteil des Vertrags bilden oder in die Vertragsurkunde selbst aufgenommen werden, welchen Umfang sie haben, in welcher Schriftart sie verfasst sind und welche Form der Vertrag hat. Allgemeine Geschäftsbedingungen liegen nicht vor, soweit die Vertragsbedingungen zwischen den Vertragsparteien im Einzelnen ausgehandelt sind.
          
            (2) Allgemeine Geschäftsbedingungen werden nur dann Bestandteil eines Vertrags, wenn der Verwender bei Vertragsschluss 
            
              1.
              
                die andere Vertragspartei ausdrücklich oder, wenn ein ausdrücklicher Hinweis wegen der Art des Vertragsschlusses nur unter unverhältnismäßigen Schwierigkeiten möglich ist, durch deutlich sichtbaren Aushang am Ort des Vertragsschlusses auf sie hinweist und
              
               
              2.
              
                der anderen Vertragspartei die Möglichkeit verschafft, in zumutbarer Weise, die auch eine für den Verwender erkennbare körperliche Behinderung der anderen Vertragspartei angemessen berücksichtigt, von ihrem Inhalt Kenntnis zu nehmen,
              
               
            
            und wenn die andere Vertragspartei mit ihrer Geltung einverstanden ist.
          
          (3) Die Vertragsparteien können für eine bestimmte Art von Rechtsgeschäften die Geltung bestimmter Allgemeiner Geschäftsbedingungen unter Beachtung der in Absatz 2 bezeichneten Erfordernisse im Voraus vereinbaren.
        ",Bürgerliches Gesetzbuch,2113
236711,VwGO,§ 173,,"Soweit dieses Gesetz keine Bestimmungen über das Verfahren enthält, sind das Gerichtsverfassungsgesetz und die Zivilprozeßordnung einschließlich § 278 Absatz 5 und § 278a entsprechend anzuwenden, wenn die grundsätzlichen Unterschiede der beiden Verfahrensarten dies nicht ausschließen. Die Vorschriften des Siebzehnten Titels des Gerichtsverfassungsgesetzes sind mit der Maßgabe entsprechend anzuwenden, dass an die Stelle des Oberlandesgerichts das Oberverwaltungsgericht, an die Stelle des Bundesgerichtshofs das Bundesverwaltungsgericht und an die Stelle der Zivilprozessordnung die Verwaltungsgerichtsordnung tritt. Gericht im Sinne des § 1062 der Zivilprozeßordnung ist das zuständige Verwaltungsgericht, Gericht im Sinne des § 1065 der Zivilprozeßordnung das zuständige Oberverwaltungsgericht.
        ",Verwaltungsgerichtsordnung,2102
214858,ZPO,§ 522,Zulässigkeitsprüfung; Zurückweisungsbeschluss,"(1) Das Berufungsgericht hat von Amts wegen zu prüfen, ob die Berufung an sich statthaft und ob sie in der gesetzlichen Form und Frist eingelegt und begründet ist. Mangelt es an einem dieser Erfordernisse, so ist die Berufung als unzulässig zu verwerfen. Die Entscheidung kann durch Beschluss ergehen. Gegen den Beschluss findet die Rechtsbeschwerde statt.
          
            (2) Das Berufungsgericht soll die Berufung durch Beschluss unverzüglich zurückweisen, wenn es einstimmig davon überzeugt ist, dass 
            
              1.
              
                die Berufung offensichtlich keine Aussicht auf Erfolg hat,
              
              2.
              
                die Rechtssache keine grundsätzliche Bedeutung hat,
              
              3.
              
                die Fortbildung des Rechts oder die Sicherung einer einheitlichen Rechtsprechung eine Entscheidung des Berufungsgerichts nicht erfordert und
              
              4.
              
                eine mündliche Verhandlung nicht geboten ist.
              
            
            Das Berufungsgericht oder der Vorsitzende hat zuvor die Parteien auf die beabsichtigte Zurückweisung der Berufung und die Gründe hierfür hinzuweisen und dem Berufungsführer binnen einer zu bestimmenden Frist Gelegenheit zur Stellungnahme zu geben. Der Beschluss nach Satz 1 ist zu begründen, soweit die Gründe für die Zurückweisung nicht bereits in dem Hinweis nach Satz 2 enthalten sind. Ein anfechtbarer Beschluss hat darüber hinaus eine Bezugnahme auf die tatsächlichen Feststellungen im angefochtenen Urteil mit Darstellung etwaiger Änderungen oder Ergänzungen zu enthalten.
          
          (3) Gegen den Beschluss nach Absatz 2 Satz 1 steht dem Berufungsführer das Rechtsmittel zu, das bei einer Entscheidung durch Urteil zulässig wäre.
        ",Zivilprozessordnung,2059
236646,VwGO,§ 114,,"Soweit die Verwaltungsbehörde ermächtigt ist, nach ihrem Ermessen zu handeln, prüft das Gericht auch, ob der Verwaltungsakt oder die Ablehnung oder Unterlassung des Verwaltungsakts rechtswidrig ist, weil die gesetzlichen Grenzen des Ermessens überschritten sind oder von dem Ermessen in einer dem Zweck der Ermächtigung nicht entsprechenden Weise Gebrauch gemacht ist. Die Verwaltungsbehörde kann ihre Ermessenserwägungen hinsichtlich des Verwaltungsaktes auch noch im verwaltungsgerichtlichen Verfahren ergänzen.
        ",Verwaltungsgerichtsordnung,2028
214587,ZPO,§ 253,Klageschrift,"(1) Die Erhebung der Klage erfolgt durch Zustellung eines Schriftsatzes (Klageschrift).
          
            (2) Die Klageschrift muss enthalten: 
            
              1.
              
                die Bezeichnung der Parteien und des Gerichts;
              
              2.
              
                die bestimmte Angabe des Gegenstandes und des Grundes des erhobenen Anspruchs, sowie einen bestimmten Antrag.
              
            
          
          
            (3) Die Klageschrift soll ferner enthalten:
            
              1.
              
                die Angabe, ob der Klageerhebung der Versuch einer Mediation oder eines anderen Verfahrens der außergerichtlichen Konfliktbeilegung vorausgegangen ist, sowie eine Äußerung dazu, ob einem solchen Verfahren Gründe entgegenstehen;
              
              2.
              
                die Angabe des Wertes des Streitgegenstandes, wenn hiervon die Zuständigkeit des Gerichts abhängt und der Streitgegenstand nicht in einer bestimmten Geldsumme besteht;
              
              3.
              
                eine Äußerung dazu, ob einer Entscheidung der Sache durch den Einzelrichter Gründe entgegenstehen.
              
            
          
          (4) Außerdem sind die allgemeinen Vorschriften über die vorbereitenden Schriftsätze auch auf die Klageschrift anzuwenden.
          (5) Die Klageschrift sowie sonstige Anträge und Erklärungen einer Partei, die zugestellt werden sollen, sind bei dem Gericht schriftlich unter Beifügung der für ihre Zustellung oder Mitteilung erforderlichen Zahl von Abschriften einzureichen. Einer Beifügung von Abschriften bedarf es nicht, soweit die Klageschrift elektronisch eingereicht wird.
        ",Zivilprozessordnung,2005
214655,ZPO,§ 313,Form und Inhalt des Urteils,"
            (1) Das Urteil enthält: 
            
              1.
              
                die Bezeichnung der Parteien, ihrer gesetzlichen Vertreter und der Prozessbevollmächtigten;
              
               
              2.
              
                die Bezeichnung des Gerichts und die Namen der Richter, die bei der Entscheidung mitgewirkt haben;
              
               
              3.
              
                den Tag, an dem die mündliche Verhandlung geschlossen worden ist;
              
               
              4.
              
                die Urteilsformel;
              
               
              5.
              
                den Tatbestand;
              
               
              6.
              
                die Entscheidungsgründe.
              
               
            
             
          
          (2) Im Tatbestand sollen die erhobenen Ansprüche und die dazu vorgebrachten Angriffs- und Verteidigungsmittel unter Hervorhebung der gestellten Anträge nur ihrem wesentlichen Inhalt nach knapp dargestellt werden. Wegen der Einzelheiten des Sach- und Streitstandes soll auf Schriftsätze, Protokolle und andere Unterlagen verwiesen werden.
          (3) Die Entscheidungsgründe enthalten eine kurze Zusammenfassung der Erwägungen, auf denen die Entscheidung in tatsächlicher und rechtlicher Hinsicht beruht.
        ",Zivilprozessordnung,2000
216901,SGG,§ 197,,"(1) Auf Antrag der Beteiligten oder ihrer Bevollmächtigten setzt der Urkundsbeamte des Gerichts des ersten Rechtszugs den Betrag der zu erstattenden Kosten fest. § 104 Abs. 1 Satz 2 und Abs. 2 der Zivilprozeßordnung findet entsprechende Anwendung.
          (2) Gegen die Entscheidung des Urkundsbeamten der Geschäftsstelle kann binnen eines Monats nach Bekanntgabe das Gericht angerufen werden, das endgültig entscheidet.
        ",Sozialgerichtsgesetz,1989
216783,SGG,§ 86,,"Wird während des Vorverfahrens der Verwaltungsakt abgeändert, so wird auch der neue Verwaltungsakt Gegenstand des Vorverfahrens; er ist der Stelle, die über den Widerspruch entscheidet, unverzüglich mitzuteilen.
        ",Sozialgerichtsgesetz,1980
241055,BGB,§ 254,Mitverschulden,"(1) Hat bei der Entstehung des Schadens ein Verschulden des Beschädigten mitgewirkt, so hängt die Verpflichtung zum Ersatz sowie der Umfang des zu leistenden Ersatzes von den Umständen, insbesondere davon ab, inwieweit der Schaden vorwiegend von dem einen oder dem anderen Teil verursacht worden ist.
          (2) Dies gilt auch dann, wenn sich das Verschulden des Beschädigten darauf beschränkt, dass er unterlassen hat, den Schuldner auf die Gefahr eines ungewöhnlich hohen Schadens aufmerksam zu machen, die der Schuldner weder kannte noch kennen musste, oder dass er unterlassen hat, den Schaden abzuwenden oder zu mindern. Die Vorschrift des § 278 findet entsprechende Anwendung.
        ",Bürgerliches Gesetzbuch,1908
214622,ZPO,§ 286,Freie Beweiswürdigung,"(1) Das Gericht hat unter Berücksichtigung des gesamten Inhalts der Verhandlungen und des Ergebnisses einer etwaigen Beweisaufnahme nach freier Überzeugung zu entscheiden, ob eine tatsächliche Behauptung für wahr oder für nicht wahr zu erachten sei. In dem Urteil sind die Gründe anzugeben, die für die richterliche Überzeugung leitend gewesen sind.
          (2) An gesetzliche Beweisregeln ist das Gericht nur in den durch dieses Gesetz bezeichneten Fällen gebunden.
        ",Zivilprozessordnung,1877
216852,SGG,§ 153,,"(1) Für das Verfahren vor den Landessozialgerichten gelten die Vorschriften über das Verfahren im ersten Rechtszug mit Ausnahme der §§ 91, 105 entsprechend, soweit sich aus diesem Unterabschnitt nichts anderes ergibt.
          (2) Das Landessozialgericht kann in dem Urteil über die Berufung von einer weiteren Darstellung der Entscheidungsgründe absehen, soweit es die Berufung aus den Gründen der angefochtenen Entscheidung als unbegründet zurückweist.
          (3) Das Urteil ist von den Mitgliedern des Senats zu unterschreiben. Ist ein Mitglied verhindert, so vermerkt der Vorsitzende, bei dessen Verhinderung der dienstälteste beisitzende Berufsrichter, dies unter dem Urteil mit Angabe des Hinderungsgrunds.
          (4) Das Landessozialgericht kann, außer in den Fällen des § 105 Abs. 2 Satz 1, die Berufung durch Beschluß zurückweisen, wenn es sie einstimmig für unbegründet und eine mündliche Verhandlung nicht für erforderlich hält. Die Beteiligten sind vorher zu hören. § 158 Satz 3 und 4 gilt entsprechend.
          (5) Der Senat kann in den Fällen des § 105 Abs. 2 Satz 1 durch Beschluss die Berufung dem Berichterstatter übertragen, der zusammen mit den ehrenamtlichen Richtern entscheidet.
        ",Sozialgerichtsgesetz,1857
203742,FGO,§ 116,,"(1) Die Nichtzulassung der Revision kann durch Beschwerde angefochten werden.
          (2) Die Beschwerde ist innerhalb eines Monats nach Zustellung des vollständigen Urteils bei dem Bundesfinanzhof einzulegen. Sie muss das angefochtene Urteil bezeichnen. Der Beschwerdeschrift soll eine Ausfertigung oder Abschrift des Urteils, gegen das Revision eingelegt werden soll, beigefügt werden.
          (3) Die Beschwerde ist innerhalb von zwei Monaten nach der Zustellung des vollständigen Urteils zu begründen. Die Begründung ist bei dem Bundesfinanzhof einzureichen. In der Begründung müssen die Voraussetzungen des § 115 Abs. 2 dargelegt werden. Die Begründungsfrist kann von dem Vorsitzenden auf einen vor ihrem Ablauf gestellten Antrag um einen weiteren Monat verlängert werden.
          (4) Die Einlegung der Beschwerde hemmt die Rechtskraft des Urteils.
          (5) Der Bundesfinanzhof entscheidet über die Beschwerde durch Beschluss. Der Beschluss soll kurz begründet werden; von einer Begründung kann abgesehen werden, wenn sie nicht geeignet ist, zur Klärung der Voraussetzungen beizutragen, unter denen eine Revision zuzulassen ist, oder wenn der Beschwerde stattgegeben wird. Mit der Ablehnung der Beschwerde durch den Bundesfinanzhof wird das Urteil rechtskräftig.
          (6) Liegen die Voraussetzungen des § 115 Abs. 2 Nr. 3 vor, kann der Bundesfinanzhof in dem Beschluss das angefochtene Urteil aufheben und den Rechtsstreit zur anderweitigen Verhandlung und Entscheidung zurückverweisen.
          (7) Wird der Beschwerde gegen die Nichtzulassung der Revision stattgegeben, so wird das Beschwerdeverfahren als Revisionsverfahren fortgesetzt, wenn nicht der Bundesfinanzhof das angefochtene Urteil nach Absatz 6 aufhebt; der Einlegung einer Revision durch den Beschwerdeführer bedarf es nicht. Mit der Zustellung der Entscheidung beginnt für den Beschwerdeführer die Revisionsbegründungsfrist, für die übrigen Beteiligten die Revisions- und die Revisionsbegründungsfrist. Auf Satz 1 und 2 ist in dem Beschluss hinzuweisen.
        ",Finanzgerichtsordnung,1853
216887,SGG,§ 183,,"Das Verfahren vor den Gerichten der Sozialgerichtsbarkeit ist für Versicherte, Leistungsempfänger einschließlich Hinterbliebenenleistungsempfänger, behinderte Menschen oder deren Sonderrechtsnachfolger nach § 56 des Ersten Buches Sozialgesetzbuch kostenfrei, soweit sie in dieser jeweiligen Eigenschaft als Kläger oder Beklagte beteiligt sind. Nimmt ein sonstiger Rechtsnachfolger das Verfahren auf, bleibt das Verfahren in dem Rechtszug kostenfrei. Den in Satz 1 und 2 genannten Personen steht gleich, wer im Falle des Obsiegens zu diesen Personen gehören würde. Leistungsempfängern nach Satz 1 stehen Antragsteller nach § 55a Absatz 2 Satz 1 zweite Alternative gleich. § 93 Satz 3, § 109 Abs. 1 Satz 2, § 120 Abs. 2 Satz 1 und § 192 bleiben unberührt. Die Kostenfreiheit nach dieser Vorschrift gilt nicht in einem Verfahren wegen eines überlangen Gerichtsverfahrens (§ 202 Satz 2).
        ",Sozialgerichtsgesetz,1843
236622,VwGO,§ 92,,"(1) Der Kläger kann bis zur Rechtskraft des Urteils seine Klage zurücknehmen. Die Zurücknahme nach Stellung der Anträge in der mündlichen Verhandlung setzt die Einwilligung des Beklagten und, wenn ein Vertreter des öffentlichen Interesses an der mündlichen Verhandlung teilgenommen hat, auch seine Einwilligung voraus. Die Einwilligung gilt als erteilt, wenn der Klagerücknahme nicht innerhalb von zwei Wochen seit Zustellung des die Rücknahme enthaltenden Schriftsatzes widersprochen wird; das Gericht hat auf diese Folge hinzuweisen.
          (2) Die Klage gilt als zurückgenommen, wenn der Kläger das Verfahren trotz Aufforderung des Gerichts länger als zwei Monate nicht betreibt. Absatz 1 Satz 2 und 3 gilt entsprechend. Der Kläger ist in der Aufforderung auf die sich aus Satz 1 und § 155 Abs. 2 ergebenden Rechtsfolgen hinzuweisen. Das Gericht stellt durch Beschluß fest, daß die Klage als zurückgenommen gilt.
          (3) Ist die Klage zurückgenommen oder gilt sie als zurückgenommen, so stellt das Gericht das Verfahren durch Beschluß ein und spricht die sich nach diesem Gesetz ergebenden Rechtsfolgen der Zurücknahme aus. Der Beschluß ist unanfechtbar.
        ",Verwaltungsgerichtsordnung,1809
214911,ZPO,§ 574,Rechtsbeschwerde; Anschlussrechtsbeschwerde,"
            (1) Gegen einen Beschluss ist die Rechtsbeschwerde statthaft, wenn 
            
              1.
              
                dies im Gesetz ausdrücklich bestimmt ist oder
              
               
              2.
              
                das Beschwerdegericht, das Berufungsgericht oder das Oberlandesgericht im ersten Rechtszug sie in dem Beschluss zugelassen hat.
              
               
            
            § 542 Abs. 2 gilt entsprechend.
          
          
            (2) In den Fällen des Absatzes 1 Nr. 1 ist die Rechtsbeschwerde nur zulässig, wenn 
            
              1.
              
                die Rechtssache grundsätzliche Bedeutung hat oder
              
               
              2.
              
                die Fortbildung des Rechts oder die Sicherung einer einheitlichen Rechtsprechung eine Entscheidung des Rechtsbeschwerdegerichts erfordert.
              
               
            
             
          
          (3) In den Fällen des Absatzes 1 Nr. 2 ist die Rechtsbeschwerde zuzulassen, wenn die Voraussetzungen des Absatzes 2 vorliegen. Das Rechtsbeschwerdegericht ist an die Zulassung gebunden.
          (4) Der Rechtsbeschwerdegegner kann sich bis zum Ablauf einer Notfrist von einem Monat nach der Zustellung der Begründungsschrift der Rechtsbeschwerde durch Einreichen der Rechtsbeschwerdeanschlussschrift beim Rechtsbeschwerdegericht anschließen, auch wenn er auf die Rechtsbeschwerde verzichtet hat, die Rechtsbeschwerdefrist verstrichen oder die Rechtsbeschwerde nicht zugelassen worden ist. Die Anschlussbeschwerde ist in der Anschlussschrift zu begründen. Die Anschließung verliert ihre Wirkung, wenn die Rechtsbeschwerde zurückgenommen oder als unzulässig verworfen wird.
        ",Zivilprozessordnung,1754
241547,BGB,§ 626,Fristlose Kündigung aus wichtigem Grund,"(1) Das Dienstverhältnis kann von jedem Vertragsteil aus wichtigem Grund ohne Einhaltung einer Kündigungsfrist gekündigt werden, wenn Tatsachen vorliegen, auf Grund derer dem Kündigenden unter Berücksichtigung aller Umstände des Einzelfalles und unter Abwägung der Interessen beider Vertragsteile die Fortsetzung des Dienstverhältnisses bis zum Ablauf der Kündigungsfrist oder bis zu der vereinbarten Beendigung des Dienstverhältnisses nicht zugemutet werden kann.
          (2) Die Kündigung kann nur innerhalb von zwei Wochen erfolgen. Die Frist beginnt mit dem Zeitpunkt, in dem der Kündigungsberechtigte von den für die Kündigung maßgebenden Tatsachen Kenntnis erlangt. Der Kündigende muss dem anderen Teil auf Verlangen den Kündigungsgrund unverzüglich schriftlich mitteilen.
        ",Bürgerliches Gesetzbuch,1751
203780,FGO,§ 155,,"Soweit dieses Gesetz keine Bestimmungen über das Verfahren enthält, sind das Gerichtsverfassungsgesetz und, soweit die grundsätzlichen Unterschiede der beiden Verfahrensarten es nicht ausschließen, die Zivilprozessordnung einschließlich § 278 Absatz 5 und § 278a sinngemäß anzuwenden. Die Vorschriften des Siebzehnten Titels des Gerichtsverfassungsgesetzes sind mit der Maßgabe entsprechend anzuwenden, dass an die Stelle des Oberlandesgerichts und des Bundesgerichtshofs der Bundesfinanzhof und an die Stelle der Zivilprozessordnung die Finanzgerichtsordnung tritt; die Vorschriften über das Verfahren im ersten Rechtszug sind entsprechend anzuwenden.
        ",Finanzgerichtsordnung,1747
214867,ZPO,§ 531,Zurückgewiesene und neue Angriffs- und Verteidigungsmittel,"(1) Angriffs- und Verteidigungsmittel, die im ersten Rechtszuge zu Recht zurückgewiesen worden sind, bleiben ausgeschlossen.
          
            (2) Neue Angriffs- und Verteidigungsmittel sind nur zuzulassen, wenn sie 
            
              1.
              
                einen Gesichtspunkt betreffen, der vom Gericht des ersten Rechtszuges erkennbar übersehen oder für unerheblich gehalten worden ist,
              
               
              2.
              
                infolge eines Verfahrensmangels im ersten Rechtszug nicht geltend gemacht wurden oder
              
               
              3.
              
                im ersten Rechtszug nicht geltend gemacht worden sind, ohne dass dies auf einer Nachlässigkeit der Partei beruht.
              
               
            
            Das Berufungsgericht kann die Glaubhaftmachung der Tatsachen verlangen, aus denen sich die Zulässigkeit der neuen Angriffs- und Verteidigungsmittel ergibt.
          
        ",Zivilprozessordnung,1745
214900,ZPO,§ 563,Zurückverweisung; eigene Sachentscheidung,"(1) Im Falle der Aufhebung des Urteils ist die Sache zur neuen Verhandlung und Entscheidung an das Berufungsgericht zurückzuverweisen. Die Zurückverweisung kann an einen anderen Spruchkörper des Berufungsgerichts erfolgen.
          (2) Das Berufungsgericht hat die rechtliche Beurteilung, die der Aufhebung zugrunde gelegt ist, auch seiner Entscheidung zugrunde zu legen.
          (3) Das Revisionsgericht hat jedoch in der Sache selbst zu entscheiden, wenn die Aufhebung des Urteils nur wegen Rechtsverletzung bei Anwendung des Gesetzes auf das festgestellte Sachverhältnis erfolgt und nach letzterem die Sache zur Endentscheidung reif ist.
          (4) Kommt im Fall des Absatzes 3 für die in der Sache selbst zu erlassende Entscheidung die Anwendbarkeit von Gesetzen, auf deren Verletzung die Revision nach § 545 nicht gestützt werden kann, in Frage, so kann die Sache zur Verhandlung und Entscheidung an das Berufungsgericht zurückverwiesen werden.
        ",Zivilprozessordnung,1694
214487,ZPO,§ 138,Erklärungspflicht über Tatsachen; Wahrheitspflicht,"(1) Die Parteien haben ihre Erklärungen über tatsächliche Umstände vollständig und der Wahrheit gemäß abzugeben.
          (2) Jede Partei hat sich über die von dem Gegner behaupteten Tatsachen zu erklären.
          (3) Tatsachen, die nicht ausdrücklich bestritten werden, sind als zugestanden anzusehen, wenn nicht die Absicht, sie bestreiten zu wollen, aus den übrigen Erklärungen der Partei hervorgeht.
          (4) Eine Erklärung mit Nichtwissen ist nur über Tatsachen zulässig, die weder eigene Handlungen der Partei noch Gegenstand ihrer eigenen Wahrnehmung gewesen sind.
        ",Zivilprozessordnung,1688
241005,BGB,§ 199,Beginn der regelmäßigen Verjährungsfrist und Verjährungshöchstfristen,"
            (1) Die regelmäßige Verjährungsfrist beginnt, soweit nicht ein anderer Verjährungsbeginn bestimmt ist, mit dem Schluss des Jahres, in dem 
            
              1.
              
                der Anspruch entstanden ist und
              
              2.
              
                der Gläubiger von den den Anspruch begründenden Umständen und der Person des Schuldners Kenntnis erlangt oder ohne grobe Fahrlässigkeit erlangen müsste.
              
            
          
          (2) Schadensersatzansprüche, die auf der Verletzung des Lebens, des Körpers, der Gesundheit oder der Freiheit beruhen, verjähren ohne Rücksicht auf ihre Entstehung und die Kenntnis oder grob fahrlässige Unkenntnis in 30 Jahren von der Begehung der Handlung, der Pflichtverletzung oder dem sonstigen, den Schaden auslösenden Ereignis an.
          
            (3) Sonstige Schadensersatzansprüche verjähren 
            
              1.
              
                ohne Rücksicht auf die Kenntnis oder grob fahrlässige Unkenntnis in zehn Jahren von ihrer Entstehung an und
              
              2.
              
                ohne Rücksicht auf ihre Entstehung und die Kenntnis oder grob fahrlässige Unkenntnis in 30 Jahren von der Begehung der Handlung, der Pflichtverletzung oder dem sonstigen, den Schaden auslösenden Ereignis an.
              
            
            Maßgeblich ist die früher endende Frist.
          
          (3a) Ansprüche, die auf einem Erbfall beruhen oder deren Geltendmachung die Kenntnis einer Verfügung von Todes wegen voraussetzt, verjähren ohne Rücksicht auf die Kenntnis oder grob fahrlässige Unkenntnis in 30 Jahren von der Entstehung des Anspruchs an.
          (4) Andere Ansprüche als die nach den Absätzen 2 bis 3a verjähren ohne Rücksicht auf die Kenntnis oder grob fahrlässige Unkenntnis in zehn Jahren von ihrer Entstehung an.
          (5) Geht der Anspruch auf ein Unterlassen, so tritt an die Stelle der Entstehung die Zuwiderhandlung.
        ",Bürgerliches Gesetzbuch,1679
241001,BGB,§ 195,Regelmäßige Verjährungsfrist,"Die regelmäßige Verjährungsfrist beträgt drei Jahre.
        ",Bürgerliches Gesetzbuch,1656
214603,ZPO,§ 269,Klagerücknahme,"(1) Die Klage kann ohne Einwilligung des Beklagten nur bis zum Beginn der mündlichen Verhandlung des Beklagten zur Hauptsache zurückgenommen werden.
          (2) Die Zurücknahme der Klage und, soweit sie zur Wirksamkeit der Zurücknahme erforderlich ist, auch die Einwilligung des Beklagten sind dem Gericht gegenüber zu erklären. Die Zurücknahme der Klage erfolgt, wenn sie nicht bei der mündlichen Verhandlung erklärt wird, durch Einreichung eines Schriftsatzes. Der Schriftsatz ist dem Beklagten zuzustellen, wenn seine Einwilligung zur Wirksamkeit der Zurücknahme der Klage erforderlich ist. Widerspricht der Beklagte der Zurücknahme der Klage nicht innerhalb einer Notfrist von zwei Wochen seit der Zustellung des Schriftsatzes, so gilt seine Einwilligung als erteilt, wenn der Beklagte zuvor auf diese Folge hingewiesen worden ist.
          (3) Wird die Klage zurückgenommen, so ist der Rechtsstreit als nicht anhängig geworden anzusehen; ein bereits ergangenes, noch nicht rechtskräftiges Urteil wird wirkungslos, ohne dass es seiner ausdrücklichen Aufhebung bedarf. Der Kläger ist verpflichtet, die Kosten des Rechtsstreits zu tragen, soweit nicht bereits rechtskräftig über sie erkannt ist oder sie dem Beklagten aus einem anderen Grund aufzuerlegen sind. Ist der Anlass zur Einreichung der Klage vor Rechtshängigkeit weggefallen und wird die Klage daraufhin zurückgenommen, so bestimmt sich die Kostentragungspflicht unter Berücksichtigung des bisherigen Sach- und Streitstandes nach billigem Ermessen; dies gilt auch, wenn die Klage nicht zugestellt wurde.
          (4) Das Gericht entscheidet auf Antrag über die nach Absatz 3 eintretenden Wirkungen durch Beschluss. Ist einem Beklagten Prozesskostenhilfe bewilligt worden, hat das Gericht über die Kosten von Amts wegen zu entscheiden.
          (5) Gegen den Beschluss findet die sofortige Beschwerde statt, wenn der Streitwert der Hauptsache den in § 511 genannten Betrag übersteigt. Die Beschwerde ist unzulässig, wenn gegen die Entscheidung über den Festsetzungsantrag (§ 104) ein Rechtsmittel nicht mehr zulässig ist.
          (6) Wird die Klage von neuem angestellt, so kann der Beklagte die Einlassung verweigern, bis die Kosten erstattet sind.
        ",Zivilprozessordnung,1627
210760,StVG,§ 7,"Haftung des Halters, Schwarzfahrt","(1) Wird bei dem Betrieb eines Kraftfahrzeugs oder eines Anhängers, der dazu bestimmt ist, von einem Kraftfahrzeug mitgeführt zu werden, ein Mensch getötet, der Körper oder die Gesundheit eines Menschen verletzt oder eine Sache beschädigt, so ist der Halter verpflichtet, dem Verletzten den daraus entstehenden Schaden zu ersetzen.
          (2) Die Ersatzpflicht ist ausgeschlossen, wenn der Unfall durch höhere Gewalt verursacht wird.
          (3) Benutzt jemand das Fahrzeug ohne Wissen und Willen des Fahrzeughalters, so ist er anstelle des Halters zum Ersatz des Schadens verpflichtet; daneben bleibt der Halter zum Ersatz des Schadens verpflichtet, wenn die Benutzung des Fahrzeugs durch sein Verschulden ermöglicht worden ist. Satz 1 findet keine Anwendung, wenn der Benutzer vom Fahrzeughalter für den Betrieb des Kraftfahrzeugs angestellt ist oder wenn ihm das Fahrzeug vom Halter überlassen worden ist. Die Sätze 1 und 2 sind auf die Benutzung eines Anhängers entsprechend anzuwenden.
        ",Straßenverkehrsgesetz,1616
220641,StPO,§ 349,Entscheidung ohne Hauptverhandlung durch Beschluss,"(1) Erachtet das Revisionsgericht die Vorschriften über die Einlegung der Revision oder die über die Anbringung der Revisionsanträge nicht für beobachtet, so kann es das Rechtsmittel durch Beschluß als unzulässig verwerfen.
          (2) Das Revisionsgericht kann auf einen Antrag der Staatsanwaltschaft, der zu begründen ist, auch dann durch Beschluß entscheiden, wenn es die Revision einstimmig für offensichtlich unbegründet erachtet.
          (3) Die Staatsanwaltschaft teilt den Antrag nach Absatz 2 mit den Gründen dem Beschwerdeführer mit. Der Beschwerdeführer kann binnen zwei Wochen eine schriftliche Gegenerklärung beim Revisionsgericht einreichen.
          (4) Erachtet das Revisionsgericht die zugunsten des Angeklagten eingelegte Revision einstimmig für begründet, so kann es das angefochtene Urteil durch Beschluß aufheben.
          (5) Wendet das Revisionsgericht Absatz 1, 2 oder 4 nicht an, so entscheidet es über das Rechtsmittel durch Urteil.
        ",Strafprozeßordnung,1612
214882,ZPO,§ 546,Begriff der Rechtsverletzung,"Das Recht ist verletzt, wenn eine Rechtsnorm nicht oder nicht richtig angewendet worden ist.
        ",Zivilprozessordnung,1609
236696,VwGO,§ 159,,"Besteht der kostenpflichtige Teil aus mehreren Personen, so gilt § 100 der Zivilprozeßordnung entsprechend. Kann das streitige Rechtsverhältnis dem kostenpflichtigen Teil gegenüber nur einheitlich entschieden werden, so können die Kosten den mehreren Personen als Gesamtschuldnern auferlegt werden.
        ",Verwaltungsgerichtsordnung,1602
214904,ZPO,§ 567,Sofortige Beschwerde; Anschlussbeschwerde,"
            (1) Die sofortige Beschwerde findet statt gegen die im ersten Rechtszug ergangenen Entscheidungen der Amtsgerichte und Landgerichte, wenn 
            
              1.
              
                dies im Gesetz ausdrücklich bestimmt ist oder
              
               
              2.
              
                es sich um solche eine mündliche Verhandlung nicht erfordernde Entscheidungen handelt, durch die ein das Verfahren betreffendes Gesuch zurückgewiesen worden ist.
              
               
            
             
          
          (2) Gegen Entscheidungen über Kosten ist die Beschwerde nur zulässig, wenn der Wert des Beschwerdegegenstands 200 Euro übersteigt.
          (3) Der Beschwerdegegner kann sich der Beschwerde anschließen, selbst wenn er auf die Beschwerde verzichtet hat oder die Beschwerdefrist verstrichen ist. Die Anschließung verliert ihre Wirkung, wenn die Beschwerde zurückgenommen oder als unzulässig verworfen wird.
        ",Zivilprozessordnung,1570
214442,ZPO,§ 100,Kosten bei Streitgenossen,"(1) Besteht der unterliegende Teil aus mehreren Personen, so haften sie für die Kostenerstattung nach Kopfteilen.
          (2) Bei einer erheblichen Verschiedenheit der Beteiligung am Rechtsstreit kann nach dem Ermessen des Gerichts die Beteiligung zum Maßstab genommen werden.
          (3) Hat ein Streitgenosse ein besonderes Angriffs- oder Verteidigungsmittel geltend gemacht, so haften die übrigen Streitgenossen nicht für die dadurch veranlassten Kosten.
          (4) Werden mehrere Beklagte als Gesamtschuldner verurteilt, so haften sie auch für die Kostenerstattung, unbeschadet der Vorschrift des Absatzes 3, als Gesamtschuldner. Die Vorschriften des bürgerlichen Rechts, nach denen sich diese Haftung auf die im Absatz 3 bezeichneten Kosten erstreckt, bleiben unberührt.
        ",Zivilprozessordnung,1570
214631,ZPO,§ 294,Glaubhaftmachung,"(1) Wer eine tatsächliche Behauptung glaubhaft zu machen hat, kann sich aller Beweismittel bedienen, auch zur Versicherung an Eides statt zugelassen werden.
          (2) Eine Beweisaufnahme, die nicht sofort erfolgen kann, ist unstatthaft.
        ",Zivilprozessordnung,1569
240940,BGB,§ 134,Gesetzliches Verbot,"Ein Rechtsgeschäft, das gegen ein gesetzliches Verbot verstößt, ist nichtig, wenn sich nicht aus dem Gesetz ein anderes ergibt.
        ",Bürgerliches Gesetzbuch,1543
213336,EStG,§ 4,Gewinnbegriff im Allgemeinen,"
            (1) 
            1
            Gewinn ist der Unterschiedsbetrag zwischen dem Betriebsvermögen am Schluss des Wirtschaftsjahres und dem Betriebsvermögen am Schluss des vorangegangenen Wirtschaftsjahres, vermehrt um den Wert der Entnahmen und vermindert um den Wert der Einlagen. 
            2
            Entnahmen sind alle Wirtschaftsgüter (Barentnahmen, Waren, Erzeugnisse, Nutzungen und Leistungen), die der Steuerpflichtige dem Betrieb für sich, für seinen Haushalt oder für andere betriebsfremde Zwecke im Laufe des Wirtschaftsjahres entnommen hat. 
            3
            Einer Entnahme für betriebsfremde Zwecke steht der Ausschluss oder die Beschränkung des Besteuerungsrechts der Bundesrepublik Deutschland hinsichtlich des Gewinns aus der Veräußerung oder der Nutzung eines Wirtschaftsguts gleich. 
            4
            Ein Ausschluss oder eine Beschränkung des Besteuerungsrechts hinsichtlich des Gewinns aus der Veräußerung eines Wirtschaftsguts liegt insbesondere vor, wenn ein bisher einer inländischen Betriebsstätte des Steuerpflichtigen zuzuordnendes Wirtschaftsgut einer ausländischen Betriebsstätte zuzuordnen ist. 
            5
            Satz 3 gilt nicht für Anteile an einer Europäischen Gesellschaft oder Europäischen Genossenschaft in den Fällen 
            
              1.
              
                einer Sitzverlegung der Europäischen Gesellschaft nach Artikel 8 der Verordnung (EG) Nr. 2157/2001 des Rates vom 8. Oktober 2001 über das Statut der Europäischen Gesellschaft (SE) (ABl. EG Nr. L 294 S. 1), zuletzt geändert durch die Verordnung (EG) Nr. 885/2004 des Rates vom 26. April 2004 (ABl. EU Nr. L 168 S. 1), und
              
              2.
              
                einer Sitzverlegung der Europäischen Genossenschaft nach Artikel 7 der Verordnung (EG) Nr. 1435/2003 des Rates vom 22. Juli 2003 über das Statut der Europäischen Genossenschaft (SCE) (ABl. EU Nr. L 207 S. 1).
              
            
             
            6
            Ein Wirtschaftsgut wird nicht dadurch entnommen, dass der Steuerpflichtige zur Gewinnermittlung nach § 13a übergeht. 
            7
            Eine Änderung der Nutzung eines Wirtschaftsguts, die bei Gewinnermittlung nach Satz 1 keine Entnahme ist, ist auch bei Gewinnermittlung nach § 13a keine Entnahme. 
            8
            Einlagen sind alle Wirtschaftsgüter (Bareinzahlungen und sonstige Wirtschaftsgüter), die der Steuerpflichtige dem Betrieb im Laufe des Wirtschaftsjahres zugeführt hat; einer Einlage steht die Begründung des Besteuerungsrechts der Bundesrepublik Deutschland hinsichtlich des Gewinns aus der Veräußerung eines Wirtschaftsguts gleich. 
            9
            Bei der Ermittlung des Gewinns sind die Vorschriften über die Betriebsausgaben, über die Bewertung und über die Absetzung für Abnutzung oder Substanzverringerung zu befolgen.
          
          
            (2) 
            1
            Der Steuerpflichtige darf die Vermögensübersicht (Bilanz) auch nach ihrer Einreichung beim Finanzamt ändern, soweit sie den Grundsätzen ordnungsmäßiger Buchführung unter Befolgung der Vorschriften dieses Gesetzes nicht entspricht; diese Änderung ist nicht zulässig, wenn die Vermögensübersicht (Bilanz) einer Steuerfestsetzung zugrunde liegt, die nicht mehr aufgehoben oder geändert werden kann. 
            2
            Darüber hinaus ist eine Änderung der Vermögensübersicht (Bilanz) nur zulässig, wenn sie in einem engen zeitlichen und sachlichen Zusammenhang mit einer Änderung nach Satz 1 steht und soweit die Auswirkung der Änderung nach Satz 1 auf den Gewinn reicht.
          
          
            (3) 
            1
            Steuerpflichtige, die nicht auf Grund gesetzlicher Vorschriften verpflichtet sind, Bücher zu führen und regelmäßig Abschlüsse zu machen, und die auch keine Bücher führen und keine Abschlüsse machen, können als Gewinn den Überschuss der Betriebseinnahmen über die Betriebsausgaben ansetzen. 
            2
            Hierbei scheiden Betriebseinnahmen und Betriebsausgaben aus, die im Namen und für Rechnung eines anderen vereinnahmt und verausgabt werden (durchlaufende Posten). 
            3
            Die Vorschriften über die Bewertungsfreiheit für geringwertige Wirtschaftsgüter (§ 6 Absatz 2), die Bildung eines Sammelpostens (§ 6 Absatz 2a) und über die Absetzung für Abnutzung oder Substanzverringerung sind zu befolgen. 
            4
            Die Anschaffungs- oder Herstellungskosten für nicht abnutzbare Wirtschaftsgüter des Anlagevermögens, für Anteile an Kapitalgesellschaften, für Wertpapiere und vergleichbare nicht verbriefte Forderungen und Rechte, für Grund und Boden sowie Gebäude des Umlaufvermögens sind erst im Zeitpunkt des Zuflusses des Veräußerungserlöses oder bei Entnahme im Zeitpunkt der Entnahme als Betriebsausgaben zu berücksichtigen. 
            5
            Die Wirtschaftsgüter des Anlagevermögens und Wirtschaftsgüter des Umlaufvermögens im Sinne des Satzes 4 sind unter Angabe des Tages der Anschaffung oder Herstellung und der Anschaffungs- oder Herstellungskosten oder des an deren Stelle getretenen Werts in besondere, laufend zu führende Verzeichnisse aufzunehmen.
          
          (4) Betriebsausgaben sind die Aufwendungen, die durch den Betrieb veranlasst sind.
          
            (4a) 
            1
            Schuldzinsen sind nach Maßgabe der Sätze 2 bis 4 nicht abziehbar, wenn Überentnahmen getätigt worden sind. 
            2
            Eine Überentnahme ist der Betrag, um den die Entnahmen die Summe des Gewinns und der Einlagen des Wirtschaftsjahres übersteigen. 
            3
            Die nicht abziehbaren Schuldzinsen werden typisiert mit 6 Prozent der Überentnahme des Wirtschaftsjahres zuzüglich der Überentnahmen vorangegangener Wirtschaftsjahre und abzüglich der Beträge, um die in den vorangegangenen Wirtschaftsjahren der Gewinn und die Einlagen die Entnahmen überstiegen haben (Unterentnahmen), ermittelt; bei der Ermittlung der Überentnahme ist vom Gewinn ohne Berücksichtigung der nach Maßgabe dieses Absatzes nicht abziehbaren Schuldzinsen auszugehen. 
            4
            Der sich dabei ergebende Betrag, höchstens jedoch der um 2 050 Euro verminderte Betrag der im Wirtschaftsjahr angefallenen Schuldzinsen, ist dem Gewinn hinzuzurechnen. 
            5
            Der Abzug von Schuldzinsen für Darlehen zur Finanzierung von Anschaffungs- oder Herstellungskosten von Wirtschaftsgütern des Anlagevermögens bleibt unberührt. 
            6
            Die Sätze 1 bis 5 sind bei Gewinnermittlung nach § 4 Absatz 3 sinngemäß anzuwenden; hierzu sind Entnahmen und Einlagen gesondert aufzuzeichnen.
          
          
            (5) 
            1
            Die folgenden Betriebsausgaben dürfen den Gewinn nicht mindern: 
            
               1.
              
                
                  Aufwendungen für Geschenke an Personen, die nicht Arbeitnehmer des Steuerpflichtigen sind. 
                  2
                  Satz 1 gilt nicht, wenn die Anschaffungs- oder Herstellungskosten der dem Empfänger im Wirtschaftsjahr zugewendeten Gegenstände insgesamt 35 Euro nicht übersteigen;
                
              
               2.
              
                
                  Aufwendungen für die Bewirtung von Personen aus geschäftlichem Anlass, soweit sie 70 Prozent der Aufwendungen übersteigen, die nach der allgemeinen Verkehrsauffassung als angemessen anzusehen und deren Höhe und betriebliche Veranlassung nachgewiesen sind. 
                  2
                  Zum Nachweis der Höhe und der betrieblichen Veranlassung der Aufwendungen hat der Steuerpflichtige schriftlich die folgenden Angaben zu machen: Ort, Tag, Teilnehmer und Anlass der Bewirtung sowie Höhe der Aufwendungen. 
                  3
                  Hat die Bewirtung in einer Gaststätte stattgefunden, so genügen Angaben zu dem Anlass und den Teilnehmern der Bewirtung; die Rechnung über die Bewirtung ist beizufügen;
                
              
               3.
              
                Aufwendungen für Einrichtungen des Steuerpflichtigen, soweit sie der Bewirtung, Beherbergung oder Unterhaltung von Personen, die nicht Arbeitnehmer des Steuerpflichtigen sind, dienen (Gästehäuser) und sich außerhalb des Orts eines Betriebs des Steuerpflichtigen befinden;
              
               4.
              
                Aufwendungen für Jagd oder Fischerei, für Segeljachten oder Motorjachten sowie für ähnliche Zwecke und für die hiermit zusammenhängenden Bewirtungen;
              
               5.
              
                
                  Mehraufwendungen für die Verpflegung des Steuerpflichtigen. 
                  2
                  Wird der Steuerpflichtige vorübergehend von seiner Wohnung und dem Mittelpunkt seiner dauerhaft angelegten betrieblichen Tätigkeit entfernt betrieblich tätig, sind die Mehraufwendungen für Verpflegung nach Maßgabe des § 9 Absatz 4a abziehbar;
                
              
               6.
              
                
                  Aufwendungen für die Wege des Steuerpflichtigen zwischen Wohnung und Betriebsstätte und für Familienheimfahrten, soweit in den folgenden Sätzen nichts anderes bestimmt ist. 
                  2
                  Zur Abgeltung dieser Aufwendungen ist § 9 Absatz 1 Satz 3 Nummer 4 Satz 2 bis 6 und Nummer 5 Satz 5 bis 7 und Absatz 2 entsprechend anzuwenden. 
                  3
                  Bei der Nutzung eines Kraftfahrzeugs dürfen die Aufwendungen in Höhe des positiven Unterschiedsbetrags zwischen 0,03 Prozent des inländischen Listenpreises im Sinne des § 6 Absatz 1 Nummer 4 Satz 2 des Kraftfahrzeugs im Zeitpunkt der Erstzulassung je Kalendermonat für jeden Entfernungskilometer und dem sich nach § 9 Absatz 1 Satz 3 Nummer 4 Satz 2 bis 6 oder Absatz 2 ergebenden Betrag sowie Aufwendungen für Familienheimfahrten in Höhe des positiven Unterschiedsbetrags zwischen 0,002 Prozent des inländischen Listenpreises im Sinne des § 6 Absatz 1 Nummer 4 Satz 2 für jeden Entfernungskilometer und dem sich nach § 9 Absatz 1 Satz 3 Nummer 5 Satz 5 bis 7 oder Absatz 2 ergebenden Betrag den Gewinn nicht mindern; ermittelt der Steuerpflichtige die private Nutzung des Kraftfahrzeugs nach § 6 Absatz 1 Nummer 4 Satz 1 oder Satz 3, treten an die Stelle des mit 0,03 oder 0,002 Prozent des inländischen Listenpreises ermittelten Betrags für Fahrten zwischen Wohnung und Betriebsstätte und für Familienheimfahrten die auf diese Fahrten entfallenden tatsächlichen Aufwendungen; § 6 Absatz 1 Nummer 4 Satz 3 zweiter Halbsatz gilt sinngemäß;
                
              
              6a.
              
                die Mehraufwendungen für eine betrieblich veranlasste doppelte Haushaltsführung, soweit sie die nach § 9 Absatz 1 Satz 3 Nummer 5 Satz 1 bis 4 abziehbaren Beträge und die Mehraufwendungen für betrieblich veranlasste Übernachtungen, soweit sie die nach § 9 Absatz 1 Satz 3 Nummer 5a abziehbaren Beträge übersteigen;
              
               6b.
              
                
                  Aufwendungen für ein häusliches Arbeitszimmer sowie die Kosten der Ausstattung. 
                  2
                  Dies gilt nicht, wenn für die betriebliche oder berufliche Tätigkeit kein anderer Arbeitsplatz zur Verfügung steht. 
                  3
                  In diesem Fall wird die Höhe der abziehbaren Aufwendungen auf 1 250 Euro begrenzt; die Beschränkung der Höhe nach gilt nicht, wenn das Arbeitszimmer den Mittelpunkt der gesamten betrieblichen und beruflichen Betätigung bildet;
                
              
               7.
              
                andere als die in den Nummern 1 bis 6 und 6b bezeichneten Aufwendungen, die die Lebensführung des Steuerpflichtigen oder anderer Personen berühren, soweit sie nach allgemeiner Verkehrsauffassung als unangemessen anzusehen sind;
              
               8.
              
                
                  von einem Gericht oder einer Behörde im Geltungsbereich dieses Gesetzes oder von Organen der Europäischen Union festgesetzte Geldbußen, Ordnungsgelder und Verwarnungsgelder. 
                  2
                  Dasselbe gilt für Leistungen zur Erfüllung von Auflagen oder Weisungen, die in einem berufsgerichtlichen Verfahren erteilt werden, soweit die Auflagen oder Weisungen nicht lediglich der Wiedergutmachung des durch die Tat verursachten Schadens dienen. 
                  3
                  Die Rückzahlung von Ausgaben im Sinne der Sätze 1 und 2 darf den Gewinn nicht erhöhen. 
                  4
                  Das Abzugsverbot für Geldbußen gilt nicht, soweit der wirtschaftliche Vorteil, der durch den Gesetzesverstoß erlangt wurde, abgeschöpft worden ist, wenn die Steuern vom Einkommen und Ertrag, die auf den wirtschaftlichen Vorteil entfallen, nicht abgezogen worden sind; Satz 3 ist insoweit nicht anzuwenden;
                
              
               8a.
              
                Zinsen auf hinterzogene Steuern nach § 235 der Abgabenordnung;
              
               9.
              
                Ausgleichszahlungen, die in den Fällen der §§ 14 und 17 des Körperschaftsteuergesetzes an außenstehende Anteilseigner geleistet werden;
              
              10.
              
                
                  die Zuwendung von Vorteilen sowie damit zusammenhängende Aufwendungen, wenn die Zuwendung der Vorteile eine rechtswidrige Handlung darstellt, die den Tatbestand eines Strafgesetzes oder eines Gesetzes verwirklicht, das die Ahndung mit einer Geldbuße zulässt. 
                  2
                  Gerichte, Staatsanwaltschaften oder Verwaltungsbehörden haben Tatsachen, die sie dienstlich erfahren und die den Verdacht einer Tat im Sinne des Satzes 1 begründen, der Finanzbehörde für Zwecke des Besteuerungsverfahrens und zur Verfolgung von Steuerstraftaten und Steuerordnungswidrigkeiten mitzuteilen. 
                  3
                  Die Finanzbehörde teilt Tatsachen, die den Verdacht einer Straftat oder einer Ordnungswidrigkeit im Sinne des Satzes 1 begründen, der Staatsanwaltschaft oder der Verwaltungsbehörde mit. 
                  4
                  Diese unterrichten die Finanzbehörde von dem Ausgang des Verfahrens und den zugrundeliegenden Tatsachen;
                
              
              11.
              
                Aufwendungen, die mit unmittelbaren oder mittelbaren Zuwendungen von nicht einlagefähigen Vorteilen an natürliche oder juristische Personen oder Personengesellschaften zur Verwendung in Betrieben in tatsächlichem oder wirtschaftlichem Zusammenhang stehen, deren Gewinn nach § 5a Absatz 1 ermittelt wird;
              
              12.
              
                Zuschläge nach § 162 Absatz 4 der Abgabenordnung;
              
              13.
              
                Jahresbeiträge nach § 12 Absatz 2 des Restrukturierungsfondsgesetzes.
              
            
             
            2
            Das Abzugsverbot gilt nicht, soweit die in den Nummern 2 bis 4 bezeichneten Zwecke Gegenstand einer mit Gewinnabsicht ausgeübten Betätigung des Steuerpflichtigen sind. 
            3
            § 12 Nummer 1 bleibt unberührt.
          
          (5a) (weggefallen)
          (5b) Die Gewerbesteuer und die darauf entfallenden Nebenleistungen sind keine Betriebsausgaben.
          (6) Aufwendungen zur Förderung staatspolitischer Zwecke (§ 10b Absatz 2) sind keine Betriebsausgaben.
          
            (7) 
            1
            Aufwendungen im Sinne des Absatzes 5 Satz 1 Nummer 1 bis 4, 6b und 7 sind einzeln und getrennt von den sonstigen Betriebsausgaben aufzuzeichnen. 
            2
            Soweit diese Aufwendungen nicht bereits nach Absatz 5 vom Abzug ausgeschlossen sind, dürfen sie bei der Gewinnermittlung nur berücksichtigt werden, wenn sie nach Satz 1 besonders aufgezeichnet sind.
          
          (8) Für Erhaltungsaufwand bei Gebäuden in Sanierungsgebieten und städtebaulichen Entwicklungsbereichen sowie bei Baudenkmalen gelten die §§ 11a und 11b entsprechend.
          
            (9) 
            1
            Aufwendungen des Steuerpflichtigen für seine Berufsausbildung oder für sein Studium sind nur dann Betriebsausgaben, wenn der Steuerpflichtige zuvor bereits eine Erstausbildung (Berufsausbildung oder Studium) abgeschlossen hat. 
            2
            § 9 Absatz 6 Satz 2 bis 5 gilt entsprechend.
          
        ",Einkommensteuergesetz,1527
220818,StPO,§ 473,Kosten bei zurückgenommenem oder erfolglosem Rechtsmittel; Kosten der Wiedereinsetzung,"(1) Die Kosten eines zurückgenommenen oder erfolglos eingelegten Rechtsmittels treffen den, der es eingelegt hat. Hat der Beschuldigte das Rechtsmittel erfolglos eingelegt oder zurückgenommen, so sind ihm die dadurch dem Nebenkläger oder dem zum Anschluß als Nebenkläger Berechtigten in Wahrnehmung seiner Befugnisse nach § 406h erwachsenen notwendigen Auslagen aufzuerlegen. Hat im Falle des Satzes 1 allein der Nebenkläger ein Rechtsmittel eingelegt oder durchgeführt, so sind ihm die dadurch erwachsenen notwendigen Auslagen des Beschuldigten aufzuerlegen. Für die Kosten des Rechtsmittels und die notwendigen Auslagen der Beteiligten gilt § 472a Abs. 2 entsprechend, wenn eine zulässig erhobene sofortige Beschwerde nach § 406a Abs. 1 Satz 1 durch eine den Rechtszug abschließende Entscheidung unzulässig geworden ist.
          (2) Hat im Falle des Absatzes 1 die Staatsanwaltschaft das Rechtsmittel zuungunsten des Beschuldigten oder eines Nebenbeteiligten (§ 424 Absatz 1, §§ 439, 444 Abs. 1 Satz 1) eingelegt, so sind die ihm erwachsenen notwendigen Auslagen der Staatskasse aufzuerlegen. Dasselbe gilt, wenn das von der Staatsanwaltschaft zugunsten des Beschuldigten oder eines Nebenbeteiligten eingelegte Rechtsmittel Erfolg hat.
          (3) Hat der Beschuldigte oder ein anderer Beteiligter das Rechtsmittel auf bestimmte Beschwerdepunkte beschränkt und hat ein solches Rechtsmittel Erfolg, so sind die notwendigen Auslagen des Beteiligten der Staatskasse aufzuerlegen.
          (4) Hat das Rechtsmittel teilweise Erfolg, so hat das Gericht die Gebühr zu ermäßigen und die entstandenen Auslagen teilweise oder auch ganz der Staatskasse aufzuerlegen, soweit es unbillig wäre, die Beteiligten damit zu belasten. Dies gilt entsprechend für die notwendigen Auslagen der Beteiligten.
          (5) Ein Rechtsmittel gilt als erfolglos, soweit eine Anordnung nach § 69 Abs. 1 oder § 69b Abs. 1 des Strafgesetzbuches nur deshalb nicht aufrechterhalten wird, weil ihre Voraussetzungen wegen der Dauer einer vorläufigen Entziehung der Fahrerlaubnis (§ 111a Abs. 1) oder einer Verwahrung, Sicherstellung oder Beschlagnahme des Führerscheins (§ 69a Abs. 6 des Strafgesetzbuches) nicht mehr vorliegen.
          
            (6) Die Absätze 1 bis 4 gelten entsprechend für die Kosten und die notwendigen Auslagen, die durch einen Antrag 
            
              1.
              
                auf Wiederaufnahme des durch ein rechtskräftiges Urteil abgeschlossenen Verfahrens oder
              
              2.
              
                auf ein Nachverfahren (§ 433)
              
            
            verursacht worden sind.
          
          (7) Die Kosten der Wiedereinsetzung in den vorigen Stand fallen dem Antragsteller zur Last, soweit sie nicht durch einen unbegründeten Widerspruch des Gegners entstanden sind.
        ",Strafprozeßordnung,1523
236680,VwGO,§ 144,,"(1) Ist die Revision unzulässig, so verwirft sie das Bundesverwaltungsgericht durch Beschluß.
          (2) Ist die Revision unbegründet, so weist das Bundesverwaltungsgericht die Revision zurück.
          
            (3) Ist die Revision begründet, so kann das Bundesverwaltungsgericht 
            
              1.
              
                in der Sache selbst entscheiden,
              
              2.
              
                das angefochtene Urteil aufheben und die Sache zur anderweitigen Verhandlung und Entscheidung zurückverweisen.
              
            
            Das Bundesverwaltungsgericht verweist den Rechtsstreit zurück, wenn der im Revisionsverfahren nach § 142 Abs. 1 Satz 2 Beigeladene ein berechtigtes Interesse daran hat.
          
          (4) Ergeben die Entscheidungsgründe zwar eine Verletzung des bestehenden Rechts, stellt sich die Entscheidung selbst aber aus anderen Gründen als richtig dar, so ist die Revision zurückzuweisen.
          (5) Verweist das Bundesverwaltungsgericht die Sache bei der Sprungrevision nach § 49 Nr. 2 und nach § 134 zur anderweitigen Verhandlung und Entscheidung zurück, so kann es nach seinem Ermessen auch an das Oberverwaltungsgericht zurückverweisen, das für die Berufung zuständig gewesen wäre. Für das Verfahren vor dem Oberverwaltungsgericht gelten dann die gleichen Grundsätze, wie wenn der Rechtsstreit auf eine ordnungsgemäß eingelegte Berufung bei dem Oberverwaltungsgericht anhängig geworden wäre.
          (6) Das Gericht, an das die Sache zur anderweitigen Verhandlung und Entscheidung zurückverwiesen ist, hat seiner Entscheidung die rechtliche Beurteilung des Revisionsgerichts zugrunde zu legen.
          (7) Die Entscheidung über die Revision bedarf keiner Begründung, soweit das Bundesverwaltungsgericht Rügen von Verfahrensmängeln nicht für durchgreifend hält. Das gilt nicht für Rügen nach § 138 und, wenn mit der Revision ausschließlich Verfahrensmängel geltend gemacht werden, für Rügen, auf denen die Zulassung der Revision beruht.
        ",Verwaltungsgerichtsordnung,1487
236649,VwGO,§ 117,,"(1) Das Urteil ergeht ""Im Namen des Volkes"". Es ist schriftlich abzufassen und von den Richtern, die bei der Entscheidung mitgewirkt haben, zu unterzeichnen. Ist ein Richter verhindert, seine Unterschrift beizufügen, so wird dies mit dem Hinderungsgrund vom Vorsitzenden oder, wenn er verhindert ist, vom dienstältesten beisitzenden Richter unter dem Urteil vermerkt. Der Unterschrift der ehrenamtlichen Richter bedarf es nicht.
          
            (2) Das Urteil enthält 
            
              1.
              
                die Bezeichnung der Beteiligten, ihrer gesetzlichen Vertreter und der Bevollmächtigten nach Namen, Beruf, Wohnort und ihrer Stellung im Verfahren,
              
              2.
              
                die Bezeichnung des Gerichts und die Namen der Mitglieder, die bei der Entscheidung mitgewirkt haben,
              
              3.
              
                die Urteilsformel,
              
              4.
              
                den Tatbestand,
              
              5.
              
                die Entscheidungsgründe,
              
              6.
              
                die Rechtsmittelbelehrung.
              
            
          
          (3) Im Tatbestand ist der Sach- und Streitstand unter Hervorhebung der gestellten Anträge seinem wesentlichen Inhalt nach gedrängt darzustellen. Wegen der Einzelheiten soll auf Schriftsätze, Protokolle und andere Unterlagen verwiesen werden, soweit sich aus ihnen der Sach- und Streitstand ausreichend ergibt.
          (4) Ein Urteil, das bei der Verkündung noch nicht vollständig abgefaßt war, ist vor Ablauf von zwei Wochen, vom Tag der Verkündung an gerechnet, vollständig abgefaßt der Geschäftsstelle zu übermitteln. Kann dies ausnahmsweise nicht geschehen, so ist innerhalb dieser zwei Wochen das von den Richtern unterschriebene Urteil ohne Tatbestand, Entscheidungsgründe und Rechtsmittelbelehrung der Geschäftsstelle zu übermitteln; Tatbestand, Entscheidungsgründe und Rechtsmittelbelehrung sind alsbald nachträglich niederzulegen, von den Richtern besonders zu unterschreiben und der Geschäftsstelle zu übermitteln.
          (5) Das Gericht kann von einer weiteren Darstellung der Entscheidungsgründe absehen, soweit es der Begründung des Verwaltungsakts oder des Widerspruchsbescheids folgt und dies in seiner Entscheidung feststellt.
          (6) Der Urkundsbeamte der Geschäftsstelle hat auf dem Urteil den Tag der Zustellung und im Falle des § 116 Abs. 1 Satz 1 den Tag der Verkündung zu vermerken und diesen Vermerk zu unterschreiben. Werden die Akten elektronisch geführt, hat der Urkundsbeamte der Geschäftsstelle den Vermerk in einem gesonderten Dokument festzuhalten. Das Dokument ist mit dem Urteil untrennbar zu verbinden.
        ",Verwaltungsgerichtsordnung,1479
216864,SGG,§ 163,,"Das Bundessozialgericht ist an die in dem angefochtenen Urteil getroffenen tatsächlichen Feststellungen gebunden, außer wenn in bezug auf diese Feststellungen zulässige und begründete Revisionsgründe vorgebracht sind.
        ",Sozialgerichtsgesetz,1457
216771,SGG,§ 73,,"(1) Die Beteiligten können vor dem Sozialgericht und dem Landessozialgericht den Rechtsstreit selbst führen.
          
            (2) Die Beteiligten können sich durch einen Rechtsanwalt oder einen Rechtslehrer an einer staatlichen oder staatlich anerkannten Hochschule eines Mitgliedstaates der Europäischen Union, eines anderen Vertragsstaates des Abkommens über den Europäischen Wirtschaftsraum oder der Schweiz, der die Befähigung zum Richteramt besitzt, als Bevollmächtigten vertreten lassen. Darüber hinaus sind als Bevollmächtigte vor dem Sozialgericht und dem Landessozialgericht vertretungsbefugt nur 
            
              1.
              
                Beschäftigte des Beteiligten oder eines mit ihm verbundenen Unternehmens (§ 15 des Aktiengesetzes); Behörden und juristische Personen des öffentlichen Rechts einschließlich der von ihnen zur Erfüllung ihrer öffentlichen Aufgaben gebildeten Zusammenschlüsse können sich auch durch Beschäftigte anderer Behörden oder juristischer Personen des öffentlichen Rechts einschließlich der von ihnen zur Erfüllung ihrer öffentlichen Aufgaben gebildeten Zusammenschlüsse vertreten lassen,
              
              2.
              
                volljährige Familienangehörige (§ 15 der Abgabenordnung, § 11 des Lebenspartnerschaftsgesetzes), Personen mit Befähigung zum Richteramt und Streitgenossen, wenn die Vertretung nicht im Zusammenhang mit einer entgeltlichen Tätigkeit steht,
              
              3.
              
                Rentenberater im Umfang ihrer Befugnisse nach § 10 Absatz 1 Satz 1 Nummer 2, auch in Verbindung mit Satz 2, des Rechtsdienstleistungsgesetzes,
              
              4.
              
                Steuerberater, Steuerbevollmächtigte, Wirtschaftsprüfer und vereidigte Buchprüfer, Personen und Vereinigungen im Sinn des § 3a des Steuerberatungsgesetzes sowie Gesellschaften im Sinn des § 3 Nr. 2 und 3 des Steuerberatungsgesetzes, die durch Personen im Sinn des § 3 Nr. 1 des Steuerberatungsgesetzes handeln, in Angelegenheiten nach den §§ 28h und 28p des Vierten Buches Sozialgesetzbuch,
              
              5.
              
                selbständige Vereinigungen von Arbeitnehmern mit sozial- oder berufspolitischer Zwecksetzung für ihre Mitglieder,
              
              6.
              
                berufsständische Vereinigungen der Landwirtschaft für ihre Mitglieder,
              
              7.
              
                Gewerkschaften und Vereinigungen von Arbeitgebern sowie Zusammenschlüsse solcher Verbände für ihre Mitglieder oder für andere Verbände oder Zusammenschlüsse mit vergleichbarer Ausrichtung und deren Mitglieder,
              
              8.
              
                Vereinigungen, deren satzungsgemäße Aufgaben die gemeinschaftliche Interessenvertretung, die Beratung und Vertretung der Leistungsempfänger nach dem sozialen Entschädigungsrecht oder der behinderten Menschen wesentlich umfassen und die unter Berücksichtigung von Art und Umfang ihrer Tätigkeit sowie ihres Mitgliederkreises die Gewähr für eine sachkundige Prozessvertretung bieten, für ihre Mitglieder,
              
              9.
              
                juristische Personen, deren Anteile sämtlich im wirtschaftlichen Eigentum einer der in den Nummern 5 bis 8 bezeichneten Organisationen stehen, wenn die juristische Person ausschließlich die Rechtsberatung und Prozessvertretung dieser Organisation und ihrer Mitglieder oder anderer Verbände oder Zusammenschlüsse mit vergleichbarer Ausrichtung und deren Mitglieder entsprechend deren Satzung durchführt, und wenn die Organisation für die Tätigkeit der Bevollmächtigten haftet.
              
            
            Bevollmächtigte, die keine natürlichen Personen sind, handeln durch ihre Organe und mit der Prozessvertretung beauftragten Vertreter. § 157 der Zivilprozessordnung gilt entsprechend.
          
          (3) Das Gericht weist Bevollmächtigte, die nicht nach Maßgabe des Absatzes 2 vertretungsbefugt sind, durch unanfechtbaren Beschluss zurück. Prozesshandlungen eines nicht vertretungsbefugten Bevollmächtigten und Zustellungen oder Mitteilungen an diesen Bevollmächtigten sind bis zu seiner Zurückweisung wirksam. Das Gericht kann den in Absatz 2 Satz 2 Nr. 1 und 2 bezeichneten Bevollmächtigten durch unanfechtbaren Beschluss die weitere Vertretung untersagen, wenn sie nicht in der Lage sind, das Sach- und Streitverhältnis sachgerecht darzustellen. Satz 3 gilt nicht für Beschäftigte eines Sozialleistungsträgers oder eines Spitzenverbandes der Sozialversicherung.
          (4) Vor dem Bundessozialgericht müssen sich die Beteiligten, außer im Prozesskostenhilfeverfahren, durch Prozessbevollmächtigte vertreten lassen. Als Bevollmächtigte sind außer den in Absatz 2 Satz 1 bezeichneten Personen nur die in Absatz 2 Satz 2 Nr. 5 bis 9 bezeichneten Organisationen zugelassen. Diese müssen durch Personen mit Befähigung zum Richteramt handeln. Behörden und juristische Personen des öffentlichen Rechts einschließlich der von ihnen zur Erfüllung ihrer öffentlichen Aufgaben gebildeten Zusammenschlüsse sowie private Pflegeversicherungsunternehmen können sich durch eigene Beschäftigte mit Befähigung zum Richteramt oder durch Beschäftigte mit Befähigung zum Richteramt anderer Behörden oder juristischer Personen des öffentlichen Rechts einschließlich der von ihnen zur Erfüllung ihrer öffentlichen Aufgaben gebildeten Zusammenschlüsse vertreten lassen. Ein Beteiligter, der nach Maßgabe des Satzes 2 zur Vertretung berechtigt ist, kann sich selbst vertreten; Satz 3 bleibt unberührt.
          (5) Richter dürfen nicht als Bevollmächtigte vor dem Gericht auftreten, dem sie angehören. Ehrenamtliche Richter dürfen, außer in den Fällen des Absatzes 2 Satz 2 Nr. 1, nicht vor einem Spruchkörper auftreten, dem sie angehören. Absatz 3 Satz 1 und 2 gilt entsprechend.
          (6) Die Vollmacht ist schriftlich zu den Gerichtsakten einzureichen. Sie kann nachgereicht werden; hierfür kann das Gericht eine Frist bestimmen. Bei Ehegatten oder Lebenspartnern und Verwandten in gerader Linie kann unterstellt werden, dass sie bevollmächtigt sind. Der Mangel der Vollmacht kann in jeder Lage des Verfahrens geltend gemacht werden. Das Gericht hat den Mangel der Vollmacht von Amts wegen zu berücksichtigen, wenn nicht als Bevollmächtigter ein Rechtsanwalt auftritt. Ist ein Bevollmächtigter bestellt, sind die Zustellungen oder Mitteilungen des Gerichts an ihn zu richten. Im Übrigen gelten die §§ 81, 83 bis 86 der Zivilprozessordnung entsprechend.
          (7) In der Verhandlung können die Beteiligten mit Beiständen erscheinen. Beistand kann sein, wer in Verfahren, in denen die Beteiligten den Rechtsstreit selbst führen können, als Bevollmächtigter zur Vertretung in der Verhandlung befugt ist. Das Gericht kann andere Personen als Beistand zulassen, wenn dies sachdienlich ist und hierfür nach den Umständen des Einzelfalls ein Bedürfnis besteht. Absatz 3 Satz 1 und 3 und Absatz 5 gelten entsprechend. Das von dem Beistand Vorgetragene gilt als von dem Beteiligten vorgebracht, soweit es nicht von diesem sofort widerrufen oder berichtigt wird.
        ",Sozialgerichtsgesetz,1454
203776,FGO,§ 151,,"(1) Soll gegen den Bund, ein Land, einen Gemeindeverband, eine Gemeinde, eine Körperschaft, eine Anstalt oder Stiftung des öffentlichen Rechts vollstreckt werden, so gilt für die Zwangsvollstreckung das Achte Buch der Zivilprozessordnung sinngemäß; § 150 bleibt unberührt. Vollstreckungsgericht ist das Finanzgericht.
          
            (2) Vollstreckt wird 
            
              1.
              
                aus rechtskräftigen und aus vorläufig vollstreckbaren gerichtlichen Entscheidungen,
              
               
              2.
              
                aus einstweiligen Anordnungen,
              
               
              3.
              
                aus Kostenfestsetzungsbeschlüssen.
              
               
            
             
          
          (3) Urteile auf Anfechtungs- und Verpflichtungsklagen können nur wegen der Kosten für vorläufig vollstreckbar erklärt werden.
          (4) Für die Vollstreckung können den Beteiligten auf ihren Antrag Ausfertigungen des Urteils ohne Tatbestand und ohne Entscheidungsgründe erteilt werden, deren Zustellung in den Wirkungen der Zustellung eines vollständigen Urteils gleichsteht.
        ",Finanzgerichtsordnung,1449
236698,VwGO,§ 161,,"(1) Das Gericht hat im Urteil oder, wenn das Verfahren in anderer Weise beendet worden ist, durch Beschluß über die Kosten zu entscheiden.
          (2) Ist der Rechtsstreit in der Hauptsache erledigt, so entscheidet das Gericht außer in den Fällen des § 113 Abs. 1 Satz 4 nach billigem Ermessen über die Kosten des Verfahrens durch Beschluß; der bisherige Sach- und Streitstand ist zu berücksichtigen. Der Rechtsstreit ist auch in der Hauptsache erledigt, wenn der Beklagte der Erledigungserklärung des Klägers nicht innerhalb von zwei Wochen seit Zustellung des die Erledigungserklärung enthaltenden Schriftsatzes widerspricht und er vom Gericht auf diese Folge hingewiesen worden ist.
          (3) In den Fällen des § 75 fallen die Kosten stets dem Beklagten zur Last, wenn der Kläger mit seiner Bescheidung vor Klageerhebung rechnen durfte.
        ",Verwaltungsgerichtsordnung,1449
